handle,skill
user0,constructive algorithms
user0,data structures
user0,greedy
user0,sortings
user0,implementation
user0,math
user0,dp
user0,binary search
user0,brute force
user0,bitmasks
user0,number theory
user0,two pointers
user0,trees
user0,graphs
user0,dfs and similar
user0,interactive
user0,dsu
user10000,implementation
user10000,math
user10000,strings
user10000,brute force
user10000,greedy
user10000,dfs and similar
user10000,graphs
user10000,bitmasks
user10000,constructive algorithms
user10000,two pointers
user10000,unk
user10000,dp
user10000,binary search
user10000,data structures
user10000,sortings
user10000,number theory
user10000,dsu
user10000,combinatorics
user10000,trees
user10000,interactive
user10004,math
user10004,greedy
user10004,sortings
user10004,implementation
user10004,strings
user10004,binary search
user10004,brute force
user10004,constructive algorithms
user10004,dp
user10004,two pointers
user10004,data structures
user10004,dfs and similar
user10004,number theory
user10004,trees
user10004,bitmasks
user10004,combinatorics
user10004,graphs
user10004,dsu
user10004,interactive
user10007,constructive algorithms
user10007,strings
user10007,greedy
user10007,number theory
user10007,binary search
user10007,brute force
user10007,math
user10007,two pointers
user10007,implementation
user10007,combinatorics
user10007,sortings
user10007,data structures
user10007,trees
user10007,bitmasks
user10007,interactive
user10007,dp
user10007,graphs
user10007,dfs and similar
user10007,dsu
user10012,brute force
user10012,constructive algorithms
user10012,implementation
user10012,math
user10012,greedy
user10012,sortings
user10012,strings
user10012,data structures
user10012,dp
user10012,binary search
user10012,dfs and similar
user10012,two pointers
user10012,combinatorics
user10012,number theory
user10012,bitmasks
user10012,trees
user10012,graphs
user10012,dsu
user10012,interactive
user10016,constructive algorithms
user10016,greedy
user10016,math
user10016,implementation
user10016,strings
user10016,sortings
user10016,brute force
user10016,binary search
user10016,two pointers
user10016,data structures
user10016,dp
user10016,number theory
user10016,dfs and similar
user10016,combinatorics
user10016,graphs
user10016,bitmasks
user10016,unk
user10016,interactive
user10016,dsu
user10016,trees
user1002,greedy
user1002,strings
user1002,implementation
user1002,math
user1002,bitmasks
user1002,constructive algorithms
user1002,number theory
user1002,brute force
user1002,binary search
user1002,data structures
user1002,sortings
user1002,dp
user1002,dsu
user1002,two pointers
user1002,combinatorics
user1002,dfs and similar
user1002,graphs
user1002,interactive
user1002,unk
user1002,trees
user10026,combinatorics
user10026,math
user10026,sortings
user10026,brute force
user10026,implementation
user10026,greedy
user10026,number theory
user10026,constructive algorithms
user10026,graphs
user10026,strings
user10026,binary search
user10026,bitmasks
user10026,dp
user10026,dfs and similar
user10026,data structures
user10026,unk
user10026,two pointers
user10026,dsu
user10026,interactive
user10026,trees
user10027,binary search
user10027,brute force
user10027,data structures
user10027,two pointers
user10027,math
user10027,bitmasks
user10027,greedy
user10027,dp
user10027,constructive algorithms
user10027,implementation
user10027,number theory
user10027,strings
user10027,dsu
user10027,sortings
user10027,dfs and similar
user10027,trees
user10027,graphs
user10027,combinatorics
user10027,interactive
user1003,binary search
user1003,greedy
user1003,sortings
user1003,brute force
user1003,dp
user1003,implementation
user1003,math
user1003,constructive algorithms
user1003,data structures
user1003,two pointers
user1003,number theory
user1003,bitmasks
user1003,graphs
user1003,strings
user1003,combinatorics
user1003,dsu
user1003,dfs and similar
user1003,interactive
user1003,trees
user10032,greedy
user10032,math
user10032,sortings
user10032,implementation
user10032,strings
user10032,brute force
user10032,number theory
user10032,constructive algorithms
user10032,binary search
user10032,dp
user10032,data structures
user10032,bitmasks
user10032,graphs
user10032,dfs and similar
user10032,two pointers
user10032,trees
user10032,combinatorics
user10032,interactive
user10036,data structures
user10036,dsu
user10036,implementation
user10036,math
user10036,two pointers
user10036,strings
user10036,sortings
user10036,greedy
user10036,constructive algorithms
user10036,graphs
user10036,brute force
user10036,number theory
user10036,binary search
user10036,dfs and similar
user10036,dp
user10036,trees
user10036,interactive
user10036,combinatorics
user10038,math
user10038,constructive algorithms
user10038,number theory
user10038,implementation
user10038,brute force
user10038,dp
user10038,greedy
user10038,sortings
user10038,binary search
user10038,strings
user10038,combinatorics
user10038,bitmasks
user10038,data structures
user10038,dfs and similar
user10038,graphs
user10038,two pointers
user1004,implementation
user1004,bitmasks
user1004,constructive algorithms
user1004,greedy
user1004,data structures
user1004,sortings
user1004,brute force
user1004,dp
user1004,dfs and similar
user1004,math
user1004,strings
user1004,number theory
user1004,binary search
user1004,graphs
user1004,combinatorics
user1004,two pointers
user1004,dsu
user1004,trees
user1004,unk
user1004,interactive
user10040,implementation
user10040,strings
user10040,constructive algorithms
user10040,math
user10040,greedy
user10040,sortings
user10040,brute force
user10040,number theory
user10040,binary search
user10040,two pointers
user10040,bitmasks
user10040,data structures
user10040,dp
user10040,dfs and similar
user10040,graphs
user10040,combinatorics
user10040,dsu
user10040,interactive
user10040,unk
user10040,trees
user10041,greedy
user10041,math
user10041,implementation
user10041,sortings
user10041,brute force
user10041,strings
user10041,binary search
user10041,dp
user10041,bitmasks
user10041,constructive algorithms
user10041,data structures
user10041,two pointers
user10041,number theory
user10041,dfs and similar
user10041,graphs
user10041,combinatorics
user10041,trees
user10041,dsu
user10043,bitmasks
user10043,constructive algorithms
user10043,greedy
user10043,sortings
user10043,math
user10043,dp
user10043,graphs
user10043,dsu
user10043,trees
user10043,brute force
user10043,number theory
user10043,binary search
user10043,data structures
user10043,two pointers
user10043,dfs and similar
user10043,implementation
user10043,strings
user10052,binary search
user10052,brute force
user10052,implementation
user10052,two pointers
user10052,greedy
user10052,constructive algorithms
user10052,math
user10052,number theory
user10052,sortings
user10052,strings
user10052,dp
user10052,graphs
user10052,combinatorics
user10052,data structures
user10052,trees
user10052,bitmasks
user10052,dfs and similar
user10052,dsu
user10052,interactive
user10053,brute force
user10053,implementation
user10053,strings
user10053,math
user10053,greedy
user10053,constructive algorithms
user10053,dp
user10053,number theory
user10053,bitmasks
user10053,binary search
user10053,dfs and similar
user10053,trees
user10053,sortings
user10053,two pointers
user10053,data structures
user10053,graphs
user10053,unk
user10053,combinatorics
user10053,dsu
user10053,interactive
user10055,combinatorics
user10055,dp
user10055,data structures
user10055,implementation
user10055,math
user10055,greedy
user10055,two pointers
user10055,dfs and similar
user10055,dsu
user10055,graphs
user10055,number theory
user10055,bitmasks
user10055,brute force
user10055,constructive algorithms
user10055,trees
user10055,sortings
user10055,binary search
user10055,interactive
user10059,math
user10059,sortings
user10059,constructive algorithms
user10059,number theory
user10059,data structures
user10059,greedy
user10059,two pointers
user10059,implementation
user10059,combinatorics
user10059,brute force
user10059,dp
user10059,strings
user10059,binary search
user10059,trees
user10059,bitmasks
user10059,dfs and similar
user10059,graphs
user10059,dsu
user10059,interactive
user10061,bitmasks
user10061,brute force
user10061,constructive algorithms
user10061,greedy
user10061,sortings
user10061,strings
user10061,implementation
user10061,data structures
user10061,two pointers
user10061,binary search
user10061,math
user10061,dp
user10061,number theory
user10061,graphs
user10061,combinatorics
user10061,dfs and similar
user10061,interactive
user10061,dsu
user10061,trees
user10065,brute force
user10065,math
user10065,number theory
user10065,greedy
user10065,implementation
user10065,data structures
user10065,sortings
user10065,two pointers
user10065,dp
user10065,constructive algorithms
user10065,strings
user10065,combinatorics
user10065,dsu
user10065,unk
user10065,binary search
user10065,bitmasks
user10065,dfs and similar
user10065,graphs
user10065,trees
user10065,interactive
user10068,math
user10068,implementation
user10068,strings
user10068,greedy
user10068,sortings
user10068,brute force
user10068,number theory
user10068,binary search
user10068,constructive algorithms
user10068,dp
user10068,bitmasks
user10068,data structures
user10068,two pointers
user10068,combinatorics
user10068,dfs and similar
user10068,graphs
user10068,unk
user10068,dsu
user10068,trees
user10068,interactive
user1007,brute force
user1007,dp
user1007,greedy
user1007,implementation
user1007,constructive algorithms
user1007,sortings
user1007,math
user1007,data structures
user1007,binary search
user1007,combinatorics
user1007,two pointers
user1007,number theory
user1007,strings
user1007,bitmasks
user1007,trees
user1007,graphs
user1007,dfs and similar
user1007,dsu
user1007,interactive
user10070,math
user10070,number theory
user10070,constructive algorithms
user10070,greedy
user10070,implementation
user10070,binary search
user10070,data structures
user10070,sortings
user10070,strings
user10070,combinatorics
user10070,unk
user10070,brute force
user10070,dp
user10070,dfs and similar
user10070,graphs
user10070,trees
user10070,bitmasks
user10070,two pointers
user10070,dsu
user10070,interactive
user10073,implementation
user10073,number theory
user10073,brute force
user10073,greedy
user10073,data structures
user10073,dp
user10073,math
user10073,strings
user10073,constructive algorithms
user10073,sortings
user10073,binary search
user10073,dfs and similar
user10073,two pointers
user10073,graphs
user10073,dsu
user10073,bitmasks
user10073,combinatorics
user10073,trees
user10073,interactive
user10074,brute force
user10074,greedy
user10074,math
user10074,number theory
user10074,dp
user10074,strings
user10074,implementation
user10074,sortings
user10074,constructive algorithms
user10074,combinatorics
user10074,binary search
user10074,dfs and similar
user10074,graphs
user10074,two pointers
user10074,data structures
user10074,bitmasks
user10074,dsu
user10074,interactive
user10074,trees
user10075,implementation
user10075,math
user10075,greedy
user10075,data structures
user10075,number theory
user10075,constructive algorithms
user10075,sortings
user10075,dp
user10075,brute force
user10075,strings
user10075,two pointers
user10075,bitmasks
user10075,binary search
user10075,combinatorics
user10075,trees
user10075,unk
user10075,dfs and similar
user10075,interactive
user10075,graphs
user10075,dsu
user10077,greedy
user10077,implementation
user10077,dfs and similar
user10077,sortings
user10077,strings
user10077,binary search
user10077,two pointers
user10077,math
user10077,data structures
user10077,brute force
user10077,number theory
user10077,dsu
user10077,graphs
user10077,constructive algorithms
user10077,combinatorics
user10077,bitmasks
user10077,dp
user10077,trees
user10078,implementation
user10078,strings
user10078,brute force
user10078,greedy
user10078,two pointers
user10078,dp
user10078,sortings
user10078,dfs and similar
user10078,graphs
user10078,combinatorics
user10078,binary search
user10078,data structures
user10078,math
user10078,number theory
user10078,trees
user10078,dsu
user10078,constructive algorithms
user10078,interactive
user10078,bitmasks
user10085,binary search
user10085,data structures
user10085,sortings
user10085,two pointers
user10085,implementation
user10085,math
user10085,constructive algorithms
user10085,number theory
user10085,combinatorics
user10085,brute force
user10085,greedy
user10085,strings
user10085,dp
user10085,bitmasks
user10085,dfs and similar
user10085,graphs
user10085,trees
user10085,interactive
user10085,dsu
user10089,implementation
user10089,strings
user10089,brute force
user10089,math
user10089,greedy
user10089,sortings
user10089,number theory
user10089,constructive algorithms
user10089,bitmasks
user10089,dfs and similar
user10089,dp
user10089,binary search
user10089,data structures
user10089,two pointers
user10089,combinatorics
user10089,trees
user10089,dsu
user10089,graphs
user10089,interactive
user10090,strings
user10090,brute force
user10090,greedy
user10090,implementation
user10090,binary search
user10090,math
user10090,sortings
user10090,number theory
user10090,constructive algorithms
user10090,dp
user10090,bitmasks
user10090,two pointers
user10090,dfs and similar
user10090,graphs
user10090,data structures
user10090,combinatorics
user10090,trees
user10090,interactive
user10090,dsu
user10094,math
user10094,dp
user10094,constructive algorithms
user10094,greedy
user10094,implementation
user10094,two pointers
user10094,brute force
user10094,number theory
user10094,strings
user10094,data structures
user10094,sortings
user10094,trees
user10094,graphs
user10094,binary search
user10094,combinatorics
user10094,dfs and similar
user10094,bitmasks
user10094,interactive
user10094,dsu
user10099,constructive algorithms
user10099,greedy
user10099,brute force
user10099,implementation
user10099,math
user10099,data structures
user10099,number theory
user10099,sortings
user10099,dp
user10099,binary search
user10099,two pointers
user10099,strings
user10099,bitmasks
user10099,combinatorics
user10099,dfs and similar
user10099,unk
user10099,graphs
user10099,trees
user10099,dsu
user10099,interactive
user10103,math
user10103,brute force
user10103,dp
user10103,implementation
user10103,sortings
user10103,greedy
user10103,constructive algorithms
user10103,strings
user10103,data structures
user10103,number theory
user10103,dfs and similar
user10103,binary search
user10103,two pointers
user10103,bitmasks
user10103,combinatorics
user10103,interactive
user10103,dsu
user10103,graphs
user10103,trees
user10108,implementation
user10108,math
user10108,greedy
user10108,sortings
user10108,binary search
user10108,data structures
user10108,brute force
user10108,constructive algorithms
user10108,number theory
user10108,dp
user10108,two pointers
user10109,brute force
user10109,math
user10109,implementation
user10109,constructive algorithms
user10109,dfs and similar
user10109,binary search
user10109,sortings
user10109,greedy
user10109,dp
user10109,two pointers
user10109,graphs
user10109,trees
user10109,number theory
user10109,data structures
user10109,strings
user10109,bitmasks
user10109,combinatorics
user10109,dsu
user10109,interactive
user1011,greedy
user1011,math
user1011,dfs and similar
user1011,dp
user1011,trees
user1011,implementation
user1011,bitmasks
user1011,brute force
user1011,constructive algorithms
user1011,data structures
user1011,unk
user1011,graphs
user1011,binary search
user1011,two pointers
user1011,number theory
user1011,sortings
user1011,combinatorics
user1011,strings
user1011,dsu
user1011,interactive
user10112,binary search
user10112,brute force
user10112,data structures
user10112,dp
user10112,dsu
user10112,greedy
user10112,two pointers
user10112,strings
user10112,math
user10112,combinatorics
user10112,number theory
user10112,sortings
user10112,implementation
user10112,bitmasks
user10112,constructive algorithms
user10112,interactive
user10112,dfs and similar
user10112,graphs
user10112,unk
user10112,trees
user10116,brute force
user10116,dp
user10116,greedy
user10116,implementation
user10116,math
user10116,number theory
user10116,sortings
user10116,constructive algorithms
user10116,dfs and similar
user10116,strings
user10116,combinatorics
user10116,bitmasks
user10116,binary search
user10116,two pointers
user10116,graphs
user10116,data structures
user10116,dsu
user10116,interactive
user10116,trees
user10120,greedy
user10120,sortings
user10120,math
user10120,binary search
user10120,brute force
user10120,two pointers
user10120,constructive algorithms
user10120,number theory
user10120,implementation
user10120,strings
user10120,data structures
user10120,bitmasks
user10120,dp
user10120,graphs
user10120,combinatorics
user10120,dfs and similar
user10120,dsu
user10120,trees
user10121,greedy
user10121,math
user10121,dp
user10121,graphs
user10121,sortings
user10121,binary search
user10121,data structures
user10121,two pointers
user10121,number theory
user10121,brute force
user10121,implementation
user10121,constructive algorithms
user10121,strings
user10121,combinatorics
user10121,dfs and similar
user10121,bitmasks
user10121,trees
user10121,dsu
user10125,implementation
user10125,strings
user10125,math
user10125,brute force
user10125,greedy
user10125,number theory
user10125,bitmasks
user10125,dfs and similar
user10125,graphs
user10125,constructive algorithms
user10125,sortings
user10125,unk
user10125,dp
user10125,binary search
user10125,data structures
user10125,two pointers
user10125,combinatorics
user10125,dsu
user10127,data structures
user10127,greedy
user10127,implementation
user10127,math
user10127,brute force
user10127,strings
user10127,binary search
user10127,sortings
user10127,unk
user10127,dp
user10127,two pointers
user10127,constructive algorithms
user10127,number theory
user10127,combinatorics
user10127,bitmasks
user10127,dfs and similar
user10127,graphs
user10127,dsu
user10127,trees
user10127,interactive
user1013,greedy
user1013,sortings
user1013,math
user1013,dp
user1013,number theory
user1013,constructive algorithms
user1013,implementation
user1013,binary search
user1013,brute force
user1013,two pointers
user10130,constructive algorithms
user10130,data structures
user10130,dp
user10130,greedy
user10130,implementation
user10130,math
user10130,sortings
user10130,strings
user10130,binary search
user10130,two pointers
user10130,brute force
user10130,number theory
user10130,bitmasks
user10130,combinatorics
user10130,dfs and similar
user10130,graphs
user10130,dsu
user10130,trees
user10130,interactive
user10131,implementation
user10131,strings
user10131,math
user10131,brute force
user10131,sortings
user10131,greedy
user10131,two pointers
user10131,constructive algorithms
user10131,combinatorics
user10131,number theory
user10131,binary search
user10131,data structures
user10131,dfs and similar
user10131,dp
user10131,bitmasks
user10131,dsu
user10131,graphs
user10131,trees
user10136,binary search
user10136,implementation
user10136,greedy
user10136,strings
user10136,data structures
user10136,sortings
user10136,constructive algorithms
user10136,math
user10136,number theory
user10136,dp
user10136,brute force
user10136,combinatorics
user10136,dsu
user10136,two pointers
user10136,bitmasks
user10136,dfs and similar
user10136,interactive
user10136,graphs
user10136,trees
user10136,unk
user10138,dp
user10138,math
user10138,greedy
user10138,strings
user10138,implementation
user10138,constructive algorithms
user10138,brute force
user10138,sortings
user10138,binary search
user10138,combinatorics
user10138,data structures
user10138,two pointers
user10138,number theory
user10138,bitmasks
user10138,dfs and similar
user10138,dsu
user10138,graphs
user10138,trees
user10138,unk
user10138,interactive
user10145,greedy
user10145,strings
user10145,math
user10145,number theory
user10145,implementation
user10145,sortings
user10145,brute force
user10145,constructive algorithms
user10145,binary search
user10145,dp
user10145,bitmasks
user10145,graphs
user10145,combinatorics
user10145,two pointers
user10145,data structures
user10145,unk
user10145,dfs and similar
user10145,dsu
user10145,interactive
user10145,trees
user10147,implementation
user10147,math
user10147,greedy
user10147,sortings
user10147,brute force
user10147,strings
user10147,constructive algorithms
user10147,binary search
user10147,data structures
user10147,two pointers
user10147,number theory
user10147,dp
user10155,greedy
user10155,math
user10155,implementation
user10155,data structures
user10155,binary search
user10155,constructive algorithms
user10155,brute force
user10155,two pointers
user10155,dp
user10155,number theory
user10155,sortings
user10155,bitmasks
user10155,dfs and similar
user10155,trees
user10159,binary search
user10159,greedy
user10159,sortings
user10159,implementation
user10159,strings
user10159,dp
user10159,math
user10159,brute force
user10159,number theory
user10159,dfs and similar
user10159,two pointers
user10159,bitmasks
user10159,constructive algorithms
user10159,data structures
user10159,graphs
user10159,dsu
user10159,trees
user10159,combinatorics
user10159,interactive
user1016,constructive algorithms
user1016,strings
user1016,dp
user1016,greedy
user1016,implementation
user1016,math
user1016,binary search
user1016,brute force
user1016,sortings
user1016,number theory
user1016,bitmasks
user1016,dfs and similar
user1016,data structures
user1016,two pointers
user1016,combinatorics
user1016,trees
user1016,dsu
user1016,graphs
user1016,interactive
user10163,greedy
user10163,math
user10163,number theory
user10163,constructive algorithms
user10163,implementation
user10163,sortings
user10163,combinatorics
user10163,data structures
user10163,binary search
user10163,brute force
user10163,two pointers
user10163,dp
user10163,dfs and similar
user10163,dsu
user10163,trees
user10163,graphs
user10166,binary search
user10166,implementation
user10166,math
user10166,greedy
user10166,brute force
user10166,constructive algorithms
user10166,strings
user10166,combinatorics
user10166,sortings
user10166,dp
user10166,data structures
user10166,dfs and similar
user10166,trees
user10166,bitmasks
user10166,number theory
user10166,two pointers
user10166,unk
user10166,interactive
user10166,dsu
user10166,graphs
user10176,greedy
user10176,implementation
user10176,math
user10176,binary search
user10176,constructive algorithms
user10176,number theory
user10176,brute force
user10176,data structures
user10176,two pointers
user10176,sortings
user10176,dp
user10176,strings
user10176,bitmasks
user10176,dfs and similar
user10176,graphs
user10176,combinatorics
user10176,unk
user10178,math
user10178,brute force
user10178,implementation
user10178,constructive algorithms
user10178,greedy
user10178,sortings
user10178,strings
user10178,dp
user10178,number theory
user10178,data structures
user10178,binary search
user10178,dfs and similar
user10178,graphs
user10178,two pointers
user10178,dsu
user10181,greedy
user10181,sortings
user10181,math
user10181,number theory
user10181,implementation
user10181,constructive algorithms
user10181,data structures
user10181,brute force
user10181,dp
user10181,strings
user10181,binary search
user10181,two pointers
user10181,combinatorics
user10182,implementation
user10182,math
user10182,sortings
user10182,constructive algorithms
user10182,data structures
user10182,brute force
user10182,strings
user10182,greedy
user10182,combinatorics
user10182,number theory
user10182,bitmasks
user10182,dp
user10182,binary search
user10182,graphs
user10182,dsu
user10182,two pointers
user10182,trees
user10182,dfs and similar
user10186,greedy
user10186,math
user10186,number theory
user10186,unk
user10186,combinatorics
user10186,constructive algorithms
user10186,implementation
user10186,strings
user10186,two pointers
user10186,brute force
user10186,binary search
user10186,data structures
user10186,dp
user10186,sortings
user10186,dsu
user10186,bitmasks
user10186,interactive
user10186,dfs and similar
user10186,graphs
user10186,trees
user10193,greedy
user10193,implementation
user10193,sortings
user10193,brute force
user10193,two pointers
user10193,data structures
user10193,constructive algorithms
user10193,math
user10193,bitmasks
user10193,binary search
user10193,strings
user10193,dp
user10193,number theory
user10195,math
user10195,greedy
user10195,brute force
user10195,implementation
user10195,strings
user10195,sortings
user10195,combinatorics
user10195,number theory
user10195,constructive algorithms
user10195,dp
user10195,binary search
user10195,two pointers
user10195,data structures
user10195,bitmasks
user10195,dfs and similar
user10195,dsu
user10195,graphs
user10195,trees
user1020,brute force
user1020,math
user1020,implementation
user1020,binary search
user1020,constructive algorithms
user1020,greedy
user1020,dp
user1020,dsu
user1020,graphs
user1020,strings
user1020,two pointers
user1020,bitmasks
user1020,data structures
user1020,combinatorics
user1020,number theory
user1020,sortings
user1020,dfs and similar
user1020,trees
user1020,unk
user10203,math
user10203,binary search
user10203,bitmasks
user10203,data structures
user10203,dp
user10203,dfs and similar
user10203,graphs
user10203,implementation
user10203,sortings
user10203,constructive algorithms
user10203,strings
user10203,greedy
user10203,number theory
user10203,brute force
user10203,two pointers
user10203,combinatorics
user1021,data structures
user1021,math
user1021,number theory
user1021,implementation
user1021,greedy
user1021,binary search
user1021,brute force
user1021,dfs and similar
user1021,constructive algorithms
user1021,bitmasks
user10212,implementation
user10212,sortings
user10212,strings
user10212,brute force
user10212,greedy
user10212,math
user10212,binary search
user10212,constructive algorithms
user10212,two pointers
user10212,dfs and similar
user10212,dp
user10212,graphs
user10212,data structures
user10212,number theory
user10212,combinatorics
user10212,bitmasks
user10212,unk
user10212,trees
user10212,dsu
user10215,implementation
user10215,brute force
user10215,greedy
user10215,strings
user10215,constructive algorithms
user10215,sortings
user10215,math
user10215,number theory
user10215,dsu
user10215,dp
user10215,two pointers
user10215,binary search
user10215,data structures
user10215,dfs and similar
user10215,graphs
user10215,combinatorics
user10215,trees
user10215,interactive
user10216,math
user10216,binary search
user10216,greedy
user10216,number theory
user10216,implementation
user10216,dfs and similar
user10216,dp
user10216,strings
user10216,graphs
user10216,brute force
user10216,dsu
user10216,constructive algorithms
user10216,sortings
user10216,combinatorics
user10216,two pointers
user10216,data structures
user1023,constructive algorithms
user1023,implementation
user1023,math
user1023,greedy
user1023,sortings
user1023,combinatorics
user1023,strings
user1023,two pointers
user1023,brute force
user1023,dp
user1023,binary search
user1023,number theory
user1023,data structures
user1023,bitmasks
user1023,interactive
user1023,graphs
user1023,dfs and similar
user1023,trees
user1023,dsu
user10232,implementation
user10232,math
user10232,strings
user10232,constructive algorithms
user10232,brute force
user10232,greedy
user10232,sortings
user10232,dp
user10232,data structures
user10232,interactive
user10232,bitmasks
user10232,number theory
user10232,binary search
user10232,two pointers
user10232,dfs and similar
user10232,combinatorics
user10232,graphs
user10232,unk
user10232,trees
user10232,dsu
user10233,bitmasks
user10233,brute force
user10233,math
user10233,number theory
user10233,constructive algorithms
user10233,greedy
user10233,implementation
user10233,data structures
user10233,two pointers
user10233,strings
user10233,sortings
user10233,graphs
user10233,binary search
user10233,dp
user10233,dfs and similar
user10233,trees
user10233,interactive
user10233,combinatorics
user10234,binary search
user10234,math
user10234,implementation
user10234,brute force
user10234,dp
user10234,constructive algorithms
user10234,number theory
user10234,greedy
user10234,strings
user10234,sortings
user10234,data structures
user10234,two pointers
user10234,graphs
user10234,dfs and similar
user10234,trees
user10234,combinatorics
user10234,dsu
user10234,bitmasks
user10234,interactive
user10236,implementation
user10236,sortings
user10236,greedy
user10236,strings
user10236,data structures
user10236,two pointers
user10236,math
user10236,constructive algorithms
user10236,number theory
user10236,combinatorics
user10236,binary search
user10236,dp
user10236,brute force
user10236,bitmasks
user10236,unk
user10236,graphs
user10236,dfs and similar
user10236,dsu
user10236,trees
user10237,greedy
user10237,math
user10237,constructive algorithms
user10237,strings
user10237,number theory
user10237,binary search
user10237,data structures
user10237,sortings
user10237,two pointers
user10237,implementation
user10237,brute force
user10237,dp
user10237,trees
user10237,graphs
user10237,dfs and similar
user10237,combinatorics
user10237,bitmasks
user10237,interactive
user10237,dsu
user1024,implementation
user1024,binary search
user1024,greedy
user1024,math
user1024,constructive algorithms
user1024,sortings
user1024,brute force
user1024,data structures
user1024,number theory
user1024,combinatorics
user1024,dp
user1024,strings
user1024,dfs and similar
user1024,graphs
user1024,interactive
user1024,two pointers
user1024,bitmasks
user1024,trees
user1024,dsu
user10243,implementation
user10243,math
user10243,sortings
user10243,data structures
user10243,greedy
user10243,brute force
user10243,constructive algorithms
user10243,dfs and similar
user10243,graphs
user10243,dp
user10243,binary search
user10243,number theory
user10243,two pointers
user10243,strings
user10243,bitmasks
user10243,combinatorics
user10245,implementation
user10245,sortings
user10245,brute force
user10245,constructive algorithms
user10245,math
user10245,strings
user10245,binary search
user10245,greedy
user10245,number theory
user10245,dfs and similar
user10245,graphs
user10245,combinatorics
user10245,data structures
user10245,dp
user10245,bitmasks
user10245,two pointers
user10245,dsu
user10245,interactive
user10245,trees
user10249,brute force
user10249,implementation
user10249,strings
user10249,greedy
user10249,binary search
user10249,data structures
user10249,sortings
user10249,math
user10249,number theory
user10249,two pointers
user10249,combinatorics
user10249,dp
user10249,constructive algorithms
user10249,dsu
user10249,graphs
user10249,dfs and similar
user10249,bitmasks
user10249,unk
user10249,trees
user10249,interactive
user10250,implementation
user10250,strings
user10250,brute force
user10250,math
user10250,greedy
user10250,sortings
user10250,dp
user10250,graphs
user10250,constructive algorithms
user10250,number theory
user10250,dfs and similar
user10250,data structures
user10250,binary search
user10250,bitmasks
user10250,combinatorics
user10250,two pointers
user10250,dsu
user10250,trees
user10250,interactive
user10252,math
user10252,dp
user10252,data structures
user10252,greedy
user10252,bitmasks
user10252,binary search
user10252,two pointers
user10252,sortings
user10252,brute force
user10252,constructive algorithms
user10252,implementation
user10252,number theory
user10252,trees
user10252,dfs and similar
user10252,graphs
user10255,implementation
user10255,two pointers
user10255,dfs and similar
user10255,graphs
user10255,greedy
user10255,math
user10255,dp
user10255,sortings
user10255,strings
user10255,constructive algorithms
user10255,brute force
user10255,binary search
user10255,number theory
user10255,data structures
user10255,bitmasks
user10255,combinatorics
user10255,trees
user10255,dsu
user10256,brute force
user10256,number theory
user10256,implementation
user10256,math
user10256,greedy
user10256,sortings
user10256,strings
user10256,constructive algorithms
user10256,dp
user10256,binary search
user10256,data structures
user10256,two pointers
user10257,implementation
user10257,math
user10257,binary search
user10257,brute force
user10257,data structures
user10257,dp
user10257,sortings
user10257,bitmasks
user10257,greedy
user10257,strings
user10257,trees
user10257,dfs and similar
user10257,dsu
user10257,graphs
user10257,number theory
user10257,constructive algorithms
user10257,combinatorics
user10257,unk
user10257,two pointers
user10260,greedy
user10260,implementation
user10260,math
user10260,number theory
user10260,bitmasks
user10260,constructive algorithms
user10260,dp
user10260,dfs and similar
user10260,graphs
user10260,trees
user10260,brute force
user10260,sortings
user10260,two pointers
user10260,data structures
user10260,strings
user10260,binary search
user10260,combinatorics
user10260,dsu
user10260,unk
user10260,interactive
user10261,greedy
user10261,math
user10261,brute force
user10261,number theory
user10261,implementation
user10261,strings
user10261,two pointers
user10261,data structures
user10261,constructive algorithms
user10261,binary search
user10261,sortings
user10261,bitmasks
user10261,dp
user10261,graphs
user10261,combinatorics
user10261,dfs and similar
user10261,dsu
user10261,interactive
user10261,trees
user10262,constructive algorithms
user10262,greedy
user10262,math
user10262,brute force
user10262,implementation
user10262,data structures
user10262,two pointers
user10262,dp
user10262,strings
user10264,implementation
user10264,greedy
user10264,constructive algorithms
user10264,data structures
user10264,brute force
user10264,strings
user10264,binary search
user10264,dp
user10264,sortings
user10264,math
user10264,number theory
user10264,two pointers
user10264,combinatorics
user10266,greedy
user10266,math
user10266,constructive algorithms
user10266,dp
user10266,binary search
user10266,brute force
user10266,implementation
user10266,combinatorics
user10266,strings
user10266,dfs and similar
user10266,graphs
user10266,number theory
user10266,sortings
user10266,bitmasks
user10266,data structures
user10266,two pointers
user10266,unk
user10266,trees
user10266,dsu
user10268,data structures
user10268,greedy
user10268,sortings
user10268,binary search
user10268,implementation
user10268,math
user10268,strings
user10268,constructive algorithms
user10268,brute force
user10268,two pointers
user10268,dfs and similar
user10268,graphs
user10268,trees
user10268,dp
user10268,number theory
user10268,combinatorics
user10268,bitmasks
user10268,dsu
user10268,unk
user10268,interactive
user1027,math
user1027,implementation
user1027,constructive algorithms
user1027,greedy
user1027,sortings
user10271,implementation
user10271,strings
user10271,bitmasks
user10271,greedy
user10271,data structures
user10271,brute force
user10271,sortings
user10271,math
user10271,two pointers
user10271,binary search
user10271,dp
user10271,constructive algorithms
user10271,number theory
user10271,combinatorics
user10271,dsu
user10271,interactive
user10272,brute force
user10272,greedy
user10272,number theory
user10272,implementation
user10272,math
user10272,constructive algorithms
user10272,strings
user10272,sortings
user10272,combinatorics
user10272,graphs
user10272,bitmasks
user10272,data structures
user10272,binary search
user10272,two pointers
user10272,dfs and similar
user10272,dp
user10272,unk
user10275,greedy
user10275,sortings
user10275,brute force
user10275,math
user10275,constructive algorithms
user10275,dp
user10275,combinatorics
user10275,number theory
user10275,implementation
user10275,strings
user10275,data structures
user10275,binary search
user10275,two pointers
user10281,implementation
user10281,brute force
user10281,constructive algorithms
user10281,math
user10281,combinatorics
user10281,data structures
user10281,dp
user10281,strings
user10281,greedy
user10281,number theory
user10281,sortings
user10281,binary search
user10281,two pointers
user10281,dfs and similar
user10281,graphs
user10281,dsu
user10281,bitmasks
user10281,trees
user10281,interactive
user10285,brute force
user10285,number theory
user10285,constructive algorithms
user10285,math
user10285,binary search
user10285,data structures
user10285,dp
user10285,dsu
user10285,greedy
user10285,two pointers
user10285,implementation
user10285,sortings
user10285,strings
user10285,bitmasks
user10285,combinatorics
user10285,trees
user10285,unk
user10285,dfs and similar
user10285,graphs
user10285,interactive
user10290,math
user10290,greedy
user10290,two pointers
user10290,data structures
user10290,dp
user10290,sortings
user10290,implementation
user10290,brute force
user10290,constructive algorithms
user10290,number theory
user10290,binary search
user10290,dfs and similar
user10290,graphs
user10290,strings
user10290,bitmasks
user10290,dsu
user10290,trees
user10297,greedy
user10297,math
user10297,constructive algorithms
user10297,brute force
user10297,implementation
user10297,dp
user10297,number theory
user10297,two pointers
user10297,strings
user10297,sortings
user10297,dfs and similar
user10297,bitmasks
user10297,data structures
user10297,binary search
user10297,graphs
user10297,trees
user10297,interactive
user10297,dsu
user10298,brute force
user10298,dp
user10298,sortings
user10298,binary search
user10298,data structures
user10298,greedy
user10298,math
user10298,number theory
user10298,implementation
user10298,strings
user10298,constructive algorithms
user10298,dfs and similar
user10298,graphs
user10298,two pointers
user10298,bitmasks
user10298,trees
user10298,combinatorics
user10298,interactive
user1030,math
user1030,number theory
user1030,greedy
user1030,implementation
user1030,brute force
user1030,constructive algorithms
user10300,brute force
user10300,greedy
user10300,implementation
user10300,math
user10300,constructive algorithms
user10300,data structures
user10300,strings
user10300,dp
user10300,sortings
user10300,combinatorics
user10300,number theory
user10300,two pointers
user10300,unk
user10300,binary search
user10300,dsu
user10300,bitmasks
user10300,interactive
user10300,dfs and similar
user10300,graphs
user10300,trees
user10307,unk
user10307,math
user10307,greedy
user10307,implementation
user10307,sortings
user10307,brute force
user10307,dp
user10307,constructive algorithms
user10307,binary search
user10307,bitmasks
user10307,data structures
user10307,dfs and similar
user10307,graphs
user10307,strings
user10307,number theory
user10307,trees
user10307,two pointers
user10307,combinatorics
user10307,interactive
user10307,dsu
user10310,constructive algorithms
user10310,strings
user10310,binary search
user10310,brute force
user10310,math
user10310,two pointers
user10310,greedy
user10310,bitmasks
user10310,number theory
user10310,dsu
user10310,graphs
user10310,trees
user10310,dp
user10310,implementation
user10310,dfs and similar
user10310,data structures
user10310,sortings
user10310,unk
user10312,greedy
user10312,implementation
user10312,sortings
user10312,strings
user10312,brute force
user10312,math
user10312,data structures
user10312,binary search
user10312,two pointers
user10312,constructive algorithms
user10312,dfs and similar
user10312,dp
user10312,bitmasks
user10312,number theory
user10312,dsu
user10312,graphs
user10312,combinatorics
user10312,unk
user10312,trees
user10312,interactive
user10317,sortings
user10317,brute force
user10317,greedy
user10317,math
user10317,implementation
user10317,strings
user10317,number theory
user10317,data structures
user10317,dp
user10317,constructive algorithms
user10317,bitmasks
user10317,binary search
user10317,two pointers
user10317,combinatorics
user10317,graphs
user10317,unk
user10317,dfs and similar
user10317,interactive
user10317,dsu
user10317,trees
user10318,implementation
user10318,greedy
user10318,sortings
user10318,brute force
user10318,number theory
user10318,binary search
user10318,math
user10318,constructive algorithms
user10318,strings
user10318,data structures
user10318,two pointers
user10318,dp
user10318,combinatorics
user10318,bitmasks
user10318,unk
user10318,dsu
user10318,graphs
user10318,dfs and similar
user10318,interactive
user10318,trees
user10320,implementation
user10320,math
user10320,binary search
user10320,greedy
user10320,sortings
user10320,strings
user10320,brute force
user10320,constructive algorithms
user10320,data structures
user10320,two pointers
user10320,number theory
user10321,constructive algorithms
user10321,greedy
user10321,implementation
user10321,math
user10321,sortings
user10321,number theory
user10321,bitmasks
user10321,dp
user10321,strings
user10321,two pointers
user10321,combinatorics
user10321,brute force
user10321,dfs and similar
user10321,graphs
user10321,binary search
user10321,data structures
user10321,dsu
user10321,trees
user10321,interactive
user10324,greedy
user10324,implementation
user10324,binary search
user10324,dp
user10324,strings
user10324,math
user10324,number theory
user10324,combinatorics
user10324,data structures
user10324,constructive algorithms
user10324,brute force
user10324,two pointers
user10324,sortings
user10330,brute force
user10330,dp
user10330,implementation
user10330,math
user10330,bitmasks
user10330,constructive algorithms
user10330,data structures
user10330,trees
user10330,strings
user10330,number theory
user10330,greedy
user10330,two pointers
user10330,binary search
user10330,sortings
user10330,dfs and similar
user10330,dsu
user10330,combinatorics
user10330,unk
user10330,graphs
user10330,interactive
user10332,constructive algorithms
user10332,math
user10332,greedy
user10332,strings
user10332,implementation
user10332,data structures
user10332,sortings
user10332,brute force
user10332,dp
user10332,dsu
user10332,binary search
user10332,number theory
user10332,dfs and similar
user10332,graphs
user10337,math
user10337,binary search
user10337,brute force
user10337,dp
user10337,combinatorics
user10337,number theory
user10337,greedy
user10337,sortings
user10337,implementation
user10337,data structures
user10337,two pointers
user10337,strings
user10337,constructive algorithms
user10337,bitmasks
user10337,graphs
user10337,interactive
user10337,trees
user10337,dfs and similar
user10337,dsu
user1034,implementation
user1034,dp
user1034,math
user1034,greedy
user1034,brute force
user1034,constructive algorithms
user1034,dfs and similar
user1034,trees
user10340,math
user10340,implementation
user10340,sortings
user10340,data structures
user10340,greedy
user10340,strings
user10340,number theory
user10340,brute force
user10340,two pointers
user10340,constructive algorithms
user10340,dp
user10340,binary search
user10340,bitmasks
user10340,dfs and similar
user10340,interactive
user10353,greedy
user10353,implementation
user10353,math
user10353,constructive algorithms
user10355,greedy
user10355,math
user10355,constructive algorithms
user10355,binary search
user10355,combinatorics
user10355,dp
user10355,implementation
user10355,strings
user10355,brute force
user10355,number theory
user10355,sortings
user10355,two pointers
user10355,unk
user10355,bitmasks
user10355,data structures
user10355,dsu
user10355,dfs and similar
user10355,graphs
user10355,interactive
user10355,trees
user10359,constructive algorithms
user10359,math
user10359,combinatorics
user10359,implementation
user10359,strings
user10359,greedy
user10359,graphs
user10359,trees
user10359,sortings
user10359,data structures
user10359,dp
user10359,binary search
user10359,bitmasks
user10359,brute force
user10359,two pointers
user10359,number theory
user10359,dfs and similar
user10359,unk
user10359,dsu
user10359,interactive
user10361,implementation
user10361,math
user10361,brute force
user10361,dp
user10361,number theory
user10361,strings
user10361,bitmasks
user10361,dfs and similar
user10361,graphs
user10361,greedy
user10361,trees
user10361,sortings
user10361,binary search
user10361,data structures
user10361,dsu
user10361,combinatorics
user10361,two pointers
user10361,constructive algorithms
user10361,unk
user10361,interactive
user10364,brute force
user10364,implementation
user10364,strings
user10364,sortings
user10364,greedy
user10364,math
user10364,data structures
user10364,constructive algorithms
user10364,dp
user10364,number theory
user10364,bitmasks
user10364,combinatorics
user10364,dfs and similar
user10364,binary search
user10364,two pointers
user10364,trees
user10364,graphs
user10364,interactive
user10365,greedy
user10365,implementation
user10365,sortings
user10365,constructive algorithms
user10365,math
user10365,brute force
user10365,number theory
user10365,strings
user10365,data structures
user10365,trees
user10365,two pointers
user10365,graphs
user10365,binary search
user10365,dp
user10365,combinatorics
user10365,bitmasks
user10365,unk
user10365,interactive
user10365,dfs and similar
user10365,dsu
user10368,implementation
user10368,strings
user10368,math
user10368,dp
user10368,greedy
user10368,sortings
user10368,constructive algorithms
user10368,brute force
user10368,number theory
user10368,data structures
user10368,binary search
user10368,bitmasks
user10368,two pointers
user10368,combinatorics
user10368,graphs
user10368,dsu
user10368,unk
user10368,dfs and similar
user10368,trees
user10368,interactive
user10370,math
user10370,binary search
user10370,data structures
user10370,greedy
user10370,implementation
user10370,sortings
user10370,number theory
user10370,strings
user10370,brute force
user10370,dp
user10370,constructive algorithms
user10370,two pointers
user10370,bitmasks
user10370,combinatorics
user10370,trees
user10370,dfs and similar
user10370,dsu
user10370,graphs
user10370,interactive
user10377,brute force
user10377,constructive algorithms
user10377,greedy
user10377,sortings
user10377,two pointers
user10377,data structures
user10377,math
user10377,binary search
user10377,implementation
user10377,dp
user10377,graphs
user10377,dfs and similar
user10377,bitmasks
user10377,trees
user10377,number theory
user10377,dsu
user10381,constructive algorithms
user10381,math
user10381,binary search
user10381,greedy
user10381,bitmasks
user10381,brute force
user10381,graphs
user10381,data structures
user10381,sortings
user10381,combinatorics
user10381,two pointers
user10381,implementation
user10381,dfs and similar
user10381,dp
user10381,number theory
user10381,strings
user10381,dsu
user10381,trees
user10383,bitmasks
user10383,greedy
user10383,brute force
user10383,dp
user10383,implementation
user10383,binary search
user10383,sortings
user10383,strings
user10383,data structures
user10383,math
user10383,two pointers
user10383,constructive algorithms
user10383,number theory
user10383,graphs
user10383,dfs and similar
user10383,combinatorics
user10383,dsu
user10383,trees
user10384,greedy
user10384,math
user10384,sortings
user10384,unk
user10384,binary search
user10384,constructive algorithms
user10384,dsu
user10384,brute force
user10384,data structures
user10384,two pointers
user10384,number theory
user10384,bitmasks
user10384,dfs and similar
user10384,dp
user10384,graphs
user10384,implementation
user10384,strings
user10384,trees
user10384,interactive
user10384,combinatorics
user10392,strings
user10392,implementation
user10392,constructive algorithms
user10392,math
user10392,greedy
user10392,brute force
user10392,dp
user10392,sortings
user10392,bitmasks
user10392,binary search
user10392,data structures
user10392,number theory
user10392,two pointers
user10392,combinatorics
user10392,dsu
user10392,dfs and similar
user10392,graphs
user10392,interactive
user10392,trees
user10395,implementation
user10395,brute force
user10395,math
user10395,strings
user10395,constructive algorithms
user10395,greedy
user10395,number theory
user10395,sortings
user10395,dp
user10395,binary search
user10395,bitmasks
user10395,two pointers
user10395,dfs and similar
user10395,graphs
user10395,data structures
user10395,combinatorics
user10395,dsu
user10395,trees
user10395,interactive
user10398,data structures
user10398,implementation
user10398,strings
user10398,greedy
user10398,sortings
user10398,math
user10398,constructive algorithms
user10398,brute force
user10398,two pointers
user10398,number theory
user10398,binary search
user10398,dp
user1040,implementation
user1040,math
user1040,greedy
user1040,constructive algorithms
user1040,dfs and similar
user1040,combinatorics
user1040,binary search
user1040,number theory
user1040,brute force
user1040,data structures
user1040,sortings
user1040,two pointers
user1040,strings
user1040,dp
user1040,graphs
user1040,trees
user1040,dsu
user10400,constructive algorithms
user10400,greedy
user10400,implementation
user10400,math
user10400,strings
user10400,sortings
user10400,dp
user10400,brute force
user10400,number theory
user10400,binary search
user10400,data structures
user10400,two pointers
user10400,dfs and similar
user10400,bitmasks
user10400,trees
user10400,graphs
user10400,combinatorics
user10400,dsu
user10401,constructive algorithms
user10401,greedy
user10401,implementation
user10401,brute force
user10401,strings
user10401,data structures
user10401,math
user10401,sortings
user10401,binary search
user10401,dp
user10401,unk
user10401,two pointers
user10401,number theory
user10401,dfs and similar
user10401,trees
user10401,graphs
user10401,dsu
user10401,combinatorics
user10401,bitmasks
user10401,interactive
user10403,constructive algorithms
user10403,greedy
user10403,math
user10403,number theory
user10403,brute force
user10403,implementation
user10403,sortings
user10403,strings
user10403,binary search
user10403,bitmasks
user10403,dp
user10403,combinatorics
user10403,dfs and similar
user10403,graphs
user10403,two pointers
user10403,unk
user10403,trees
user10403,data structures
user10405,math
user10405,brute force
user10405,number theory
user10405,implementation
user10405,greedy
user10405,two pointers
user10405,binary search
user10405,sortings
user10405,constructive algorithms
user10405,combinatorics
user10405,dp
user10405,bitmasks
user10405,strings
user10405,data structures
user10405,trees
user10405,dfs and similar
user10405,dsu
user10405,graphs
user10405,interactive
user10408,brute force
user10408,greedy
user10408,strings
user10408,dp
user10408,sortings
user10408,binary search
user10408,data structures
user10408,implementation
user10408,dfs and similar
user10408,dsu
user10408,two pointers
user10408,math
user10408,bitmasks
user10408,constructive algorithms
user10408,graphs
user10408,number theory
user10408,combinatorics
user10408,trees
user10408,interactive
user10409,implementation
user10409,strings
user10409,brute force
user10409,math
user10409,greedy
user10409,sortings
user10409,constructive algorithms
user10409,data structures
user10409,dp
user10409,bitmasks
user10409,number theory
user10409,dsu
user10409,binary search
user10409,two pointers
user10409,combinatorics
user10409,dfs and similar
user10409,graphs
user10409,unk
user10409,interactive
user10411,constructive algorithms
user10411,greedy
user10411,math
user10411,sortings
user10411,brute force
user10411,strings
user10411,dfs and similar
user10411,dp
user10411,implementation
user10411,data structures
user10411,two pointers
user10411,number theory
user10411,bitmasks
user10411,binary search
user10411,combinatorics
user10411,graphs
user10411,trees
user10411,dsu
user10416,greedy
user10416,brute force
user10416,data structures
user10416,math
user10416,binary search
user10416,dp
user10416,implementation
user10416,constructive algorithms
user10416,number theory
user10416,dfs and similar
user10416,graphs
user10416,bitmasks
user10417,binary search
user10417,greedy
user10417,math
user10417,sortings
user10417,two pointers
user10417,brute force
user10417,implementation
user10417,strings
user10417,dp
user10417,bitmasks
user10417,data structures
user10417,number theory
user10417,constructive algorithms
user10417,graphs
user10417,interactive
user10417,combinatorics
user10417,dsu
user10417,dfs and similar
user10417,trees
user1042,data structures
user1042,greedy
user1042,sortings
user1042,binary search
user1042,implementation
user1042,math
user1042,constructive algorithms
user1042,brute force
user1042,strings
user1042,bitmasks
user1042,dp
user1042,interactive
user1042,dfs and similar
user1042,number theory
user1042,two pointers
user1042,graphs
user1042,trees
user1042,combinatorics
user1042,dsu
user1042,unk
user10420,implementation
user10420,strings
user10420,data structures
user10420,brute force
user10420,greedy
user10420,sortings
user10420,math
user10420,dp
user10420,constructive algorithms
user10420,number theory
user10420,two pointers
user10420,binary search
user10420,dsu
user10420,bitmasks
user10420,combinatorics
user10420,dfs and similar
user10420,graphs
user10420,unk
user10420,trees
user10420,interactive
user10422,greedy
user10422,sortings
user10422,math
user10422,brute force
user10422,implementation
user10422,data structures
user10422,number theory
user10422,two pointers
user10422,strings
user10422,constructive algorithms
user10422,dp
user10422,binary search
user10422,graphs
user10422,bitmasks
user10422,dfs and similar
user10422,trees
user10422,dsu
user10422,interactive
user10424,data structures
user10424,constructive algorithms
user10424,graphs
user10424,implementation
user10424,math
user10424,brute force
user10424,number theory
user10424,binary search
user10424,dp
user10424,greedy
user10424,strings
user10424,sortings
user10424,dfs and similar
user10424,trees
user10424,bitmasks
user10424,two pointers
user10428,brute force
user10428,implementation
user10428,math
user10428,number theory
user10428,greedy
user10428,binary search
user10428,data structures
user10428,dp
user10428,two pointers
user10428,strings
user10428,bitmasks
user10428,constructive algorithms
user10428,dfs and similar
user10428,dsu
user10428,sortings
user10428,graphs
user10428,trees
user10432,graphs
user10432,greedy
user10432,math
user10432,implementation
user10432,constructive algorithms
user10432,dfs and similar
user10432,dp
user10432,number theory
user10432,data structures
user10438,brute force
user10438,combinatorics
user10438,constructive algorithms
user10438,implementation
user10438,math
user10438,number theory
user10438,dp
user10438,greedy
user10438,sortings
user10438,data structures
user10438,strings
user10438,bitmasks
user10438,binary search
user10438,two pointers
user10438,dfs and similar
user10438,dsu
user10438,graphs
user10438,unk
user10438,trees
user1044,implementation
user1044,binary search
user1044,brute force
user1044,data structures
user1044,dp
user1044,two pointers
user1044,greedy
user1044,constructive algorithms
user1044,math
user1044,sortings
user1044,number theory
user1044,strings
user1044,dfs and similar
user1044,combinatorics
user1044,graphs
user1044,bitmasks
user1044,dsu
user1044,interactive
user10448,greedy
user10448,bitmasks
user10448,brute force
user10448,constructive algorithms
user10448,unk
user10448,math
user10448,number theory
user10448,sortings
user10448,two pointers
user10448,dp
user10448,binary search
user10448,data structures
user10448,implementation
user10448,strings
user10448,trees
user10448,combinatorics
user10448,dfs and similar
user10448,graphs
user10448,dsu
user10448,interactive
user10451,greedy
user10451,implementation
user10451,strings
user10451,binary search
user10451,math
user10451,sortings
user10451,constructive algorithms
user10451,graphs
user10451,brute force
user10451,dp
user10451,bitmasks
user10451,two pointers
user10451,data structures
user10451,number theory
user10451,dfs and similar
user10451,trees
user10451,dsu
user10451,combinatorics
user10452,implementation
user10452,strings
user10452,greedy
user10452,math
user10452,constructive algorithms
user10452,graphs
user10452,data structures
user10452,sortings
user10452,two pointers
user10452,number theory
user10452,brute force
user10452,dp
user10452,dfs and similar
user10452,trees
user10452,dsu
user10452,bitmasks
user10452,binary search
user10452,unk
user10452,combinatorics
user10452,interactive
user10456,data structures
user10456,sortings
user10456,greedy
user10456,math
user10456,constructive algorithms
user10456,implementation
user10456,number theory
user10456,dp
user10456,strings
user10456,brute force
user10456,unk
user10456,two pointers
user10456,binary search
user10456,dfs and similar
user10456,graphs
user10456,combinatorics
user10456,bitmasks
user10456,trees
user10456,dsu
user10456,interactive
user10457,dp
user10457,greedy
user10457,strings
user10457,constructive algorithms
user10457,implementation
user10457,sortings
user10457,math
user10457,brute force
user10457,two pointers
user10457,data structures
user10457,number theory
user10457,binary search
user10457,bitmasks
user1046,constructive algorithms
user1046,greedy
user1046,implementation
user1046,data structures
user1046,dp
user1046,math
user1046,number theory
user1046,brute force
user1046,sortings
user1046,strings
user1046,combinatorics
user1046,binary search
user1046,dfs and similar
user1046,bitmasks
user1046,two pointers
user1046,dsu
user1046,graphs
user1046,trees
user1046,interactive
user10461,implementation
user10461,greedy
user10461,math
user10461,number theory
user10461,sortings
user10461,brute force
user10461,constructive algorithms
user10461,dp
user10461,data structures
user10461,bitmasks
user10461,strings
user10461,dfs and similar
user10461,graphs
user10461,two pointers
user10461,binary search
user10461,unk
user10461,combinatorics
user10461,trees
user10461,dsu
user10461,interactive
user10463,constructive algorithms
user10463,greedy
user10463,math
user10463,number theory
user10463,binary search
user10463,brute force
user10463,implementation
user10463,dp
user10463,data structures
user10463,two pointers
user10463,sortings
user10463,bitmasks
user10463,graphs
user10463,trees
user10465,strings
user10465,dp
user10465,binary search
user10465,constructive algorithms
user10465,dfs and similar
user10465,implementation
user10465,brute force
user10465,math
user10465,number theory
user10465,greedy
user10465,data structures
user10465,dsu
user10465,trees
user10465,graphs
user10465,sortings
user10465,two pointers
user10465,bitmasks
user10465,combinatorics
user10465,interactive
user10468,brute force
user10468,greedy
user10468,sortings
user10468,implementation
user10468,constructive algorithms
user10468,math
user10468,data structures
user10468,two pointers
user10468,number theory
user10468,dp
user10468,graphs
user10468,dfs and similar
user10468,dsu
user10468,binary search
user10468,trees
user10468,combinatorics
user10468,interactive
user10471,binary search
user10471,data structures
user10471,greedy
user10471,math
user10471,graphs
user10471,sortings
user10471,implementation
user10471,brute force
user10471,constructive algorithms
user10471,number theory
user10471,dp
user10471,bitmasks
user10471,strings
user10471,interactive
user10471,dfs and similar
user10471,dsu
user10471,two pointers
user10471,combinatorics
user10471,unk
user10471,trees
user10476,greedy
user10476,math
user10476,data structures
user10476,trees
user10476,sortings
user10476,implementation
user10476,constructive algorithms
user10476,number theory
user10476,strings
user10476,binary search
user10476,brute force
user10476,dp
user10476,bitmasks
user10476,two pointers
user10476,dfs and similar
user10476,dsu
user10476,graphs
user10476,unk
user10476,combinatorics
user10476,interactive
user10478,brute force
user10478,number theory
user10478,greedy
user10478,sortings
user10478,implementation
user10478,math
user10478,strings
user10478,constructive algorithms
user10478,dp
user10478,binary search
user10478,two pointers
user10478,data structures
user10478,combinatorics
user10478,graphs
user10478,dfs and similar
user10478,bitmasks
user10478,trees
user10478,dsu
user10478,interactive
user10478,unk
user1048,sortings
user1048,binary search
user1048,greedy
user1048,math
user1048,number theory
user1048,implementation
user1048,brute force
user1048,constructive algorithms
user1048,strings
user1048,dp
user1048,graphs
user1048,combinatorics
user1048,data structures
user1048,two pointers
user1048,dfs and similar
user1048,dsu
user1048,trees
user1048,interactive
user10480,data structures
user10480,greedy
user10480,math
user10480,sortings
user10480,constructive algorithms
user10480,binary search
user10480,implementation
user10480,dfs and similar
user10480,dp
user10480,two pointers
user10480,brute force
user10480,graphs
user10480,number theory
user10480,combinatorics
user10480,strings
user10480,trees
user10480,bitmasks
user10480,dsu
user10480,interactive
user10481,brute force
user10481,greedy
user10481,implementation
user10481,sortings
user10481,dp
user10481,number theory
user10481,math
user10481,strings
user10481,constructive algorithms
user10481,data structures
user10481,two pointers
user10481,binary search
user10481,combinatorics
user10481,dfs and similar
user10481,bitmasks
user10481,graphs
user10481,interactive
user10481,unk
user10481,dsu
user10483,bitmasks
user10483,greedy
user10483,brute force
user10483,implementation
user10483,binary search
user10483,combinatorics
user10483,constructive algorithms
user10483,number theory
user10483,dp
user10483,strings
user10483,math
user10483,data structures
user10483,sortings
user10483,dfs and similar
user10483,dsu
user10483,graphs
user10483,two pointers
user10483,interactive
user10483,trees
user10483,unk
user10484,math
user10484,implementation
user10484,number theory
user10484,greedy
user10484,two pointers
user10484,brute force
user10484,dfs and similar
user10484,graphs
user10484,combinatorics
user10484,dp
user10484,data structures
user10484,strings
user10484,constructive algorithms
user10484,bitmasks
user10484,binary search
user10484,sortings
user10484,dsu
user10484,trees
user10484,interactive
user10485,math
user10485,constructive algorithms
user10485,number theory
user10485,greedy
user10485,sortings
user10485,dp
user10485,implementation
user10485,brute force
user10485,data structures
user10485,strings
user10485,two pointers
user10485,binary search
user10485,combinatorics
user10485,dfs and similar
user10485,graphs
user10485,bitmasks
user10485,trees
user10485,interactive
user10485,dsu
user10487,binary search
user10487,math
user10487,dp
user10487,unk
user10487,greedy
user10487,implementation
user10487,constructive algorithms
user10487,brute force
user10487,strings
user10487,bitmasks
user10487,number theory
user10487,graphs
user10487,sortings
user10487,two pointers
user10487,data structures
user10487,combinatorics
user10487,dfs and similar
user10487,dsu
user10487,interactive
user10487,trees
user10493,graphs
user10493,greedy
user10493,implementation
user10493,brute force
user10493,math
user10493,number theory
user10493,strings
user10493,dp
user10493,constructive algorithms
user10493,binary search
user10493,data structures
user10493,bitmasks
user10493,dfs and similar
user10493,trees
user10493,two pointers
user10494,constructive algorithms
user10494,strings
user10494,math
user10494,brute force
user10494,number theory
user10494,greedy
user10494,combinatorics
user10494,implementation
user10494,two pointers
user10494,binary search
user10494,sortings
user10494,dp
user10494,data structures
user10494,bitmasks
user10494,dfs and similar
user10494,graphs
user10494,unk
user10494,dsu
user10494,trees
user10494,interactive
user10495,implementation
user10495,math
user10495,data structures
user10495,greedy
user10495,dp
user10495,bitmasks
user10495,brute force
user10495,dfs and similar
user10495,constructive algorithms
user10495,sortings
user10495,graphs
user10495,binary search
user10495,strings
user10495,number theory
user10495,dsu
user10495,trees
user10495,two pointers
user10495,unk
user10495,combinatorics
user10495,interactive
user10498,brute force
user10498,math
user10498,number theory
user10498,greedy
user10498,implementation
user10498,data structures
user10498,sortings
user10498,two pointers
user10498,constructive algorithms
user10498,dfs and similar
user10498,dp
user10498,bitmasks
user10498,binary search
user10498,strings
user10498,combinatorics
user10498,graphs
user10498,dsu
user10498,trees
user10498,unk
user10498,interactive
user10503,greedy
user10503,strings
user10503,math
user10503,dp
user10503,constructive algorithms
user10503,brute force
user10503,number theory
user10503,dfs and similar
user10503,dsu
user10503,binary search
user10503,data structures
user10509,greedy
user10509,math
user10509,sortings
user10509,data structures
user10509,number theory
user10509,binary search
user10509,implementation
user10509,brute force
user10509,constructive algorithms
user10509,two pointers
user10509,combinatorics
user10509,strings
user10509,graphs
user10509,trees
user10509,dsu
user10509,dp
user10509,dfs and similar
user10509,bitmasks
user10509,interactive
user1051,constructive algorithms
user1051,math
user1051,number theory
user1051,implementation
user1051,greedy
user1051,bitmasks
user1051,combinatorics
user1051,data structures
user1051,dp
user1051,two pointers
user1051,trees
user1051,binary search
user1051,brute force
user1051,dfs and similar
user1051,sortings
user1051,graphs
user1051,dsu
user1051,strings
user1051,interactive
user10511,constructive algorithms
user10511,implementation
user10511,strings
user10511,math
user10511,greedy
user10511,brute force
user10511,dfs and similar
user10511,graphs
user10511,sortings
user10511,data structures
user10511,two pointers
user10511,number theory
user10511,combinatorics
user10511,binary search
user10511,dp
user10511,bitmasks
user10511,interactive
user10511,trees
user10511,dsu
user10512,math
user10512,greedy
user10512,sortings
user10512,dp
user10512,constructive algorithms
user10512,number theory
user10512,brute force
user10512,implementation
user10512,binary search
user10512,dsu
user10512,strings
user10512,data structures
user10512,bitmasks
user10512,dfs and similar
user10512,graphs
user10512,two pointers
user10512,combinatorics
user10512,trees
user1052,dfs and similar
user1052,dsu
user1052,trees
user1052,data structures
user1052,greedy
user1052,graphs
user1052,math
user1052,implementation
user1052,constructive algorithms
user1052,binary search
user1052,dp
user1052,brute force
user1052,strings
user1052,bitmasks
user1052,sortings
user1052,number theory
user1052,combinatorics
user1052,two pointers
user10521,constructive algorithms
user10521,greedy
user10521,implementation
user10521,strings
user10521,math
user10521,sortings
user10521,brute force
user10521,data structures
user10521,two pointers
user10521,combinatorics
user10521,dp
user10521,number theory
user10521,dfs and similar
user10521,graphs
user10521,unk
user10521,binary search
user10521,bitmasks
user10521,dsu
user10521,trees
user10521,interactive
user10523,implementation
user10523,greedy
user10523,math
user10523,constructive algorithms
user10523,sortings
user10523,brute force
user10523,binary search
user10523,number theory
user10523,data structures
user10523,strings
user10523,dp
user10523,two pointers
user10523,graphs
user10523,dsu
user10523,dfs and similar
user10523,trees
user10523,interactive
user10524,graphs
user10524,dp
user10524,greedy
user10524,implementation
user10524,number theory
user10524,brute force
user10524,data structures
user10524,math
user10524,two pointers
user10524,bitmasks
user10524,combinatorics
user10524,binary search
user10524,sortings
user10524,constructive algorithms
user10524,dfs and similar
user10524,unk
user10524,strings
user10524,dsu
user10524,trees
user10524,interactive
user10526,constructive algorithms
user10526,data structures
user10526,dp
user10526,greedy
user10526,implementation
user10526,math
user10526,sortings
user10526,dfs and similar
user10526,dsu
user10526,graphs
user10526,binary search
user10526,brute force
user10526,combinatorics
user10526,two pointers
user10526,bitmasks
user10526,strings
user10526,number theory
user10526,trees
user10526,interactive
user10527,math
user10527,dp
user10527,greedy
user10527,implementation
user10527,number theory
user10527,brute force
user10527,data structures
user10527,two pointers
user10527,sortings
user10527,constructive algorithms
user10527,graphs
user10527,strings
user10527,dfs and similar
user10527,bitmasks
user10527,unk
user10527,binary search
user10527,combinatorics
user10527,trees
user10527,dsu
user10527,interactive
user10532,math
user10532,binary search
user10532,brute force
user10532,implementation
user10532,data structures
user10532,greedy
user10532,dp
user10532,strings
user10532,number theory
user10532,sortings
user10532,constructive algorithms
user10532,two pointers
user10532,dfs and similar
user10532,dsu
user10532,graphs
user10532,trees
user10532,interactive
user10534,greedy
user10534,implementation
user10534,brute force
user10534,constructive algorithms
user10534,math
user10534,sortings
user10534,bitmasks
user10534,dp
user10534,data structures
user10534,strings
user10534,graphs
user10534,combinatorics
user10534,binary search
user10534,two pointers
user10534,interactive
user10534,number theory
user10534,dfs and similar
user10534,trees
user10534,dsu
user10535,constructive algorithms
user10535,greedy
user10535,math
user10535,brute force
user10535,implementation
user10535,dp
user10535,sortings
user10535,number theory
user10535,graphs
user10535,binary search
user10535,strings
user10535,data structures
user10535,combinatorics
user10535,two pointers
user10535,dfs and similar
user10535,dsu
user10535,bitmasks
user10535,interactive
user10535,trees
user10539,implementation
user10539,constructive algorithms
user10539,greedy
user10539,math
user10542,implementation
user10542,number theory
user10542,math
user10542,greedy
user10542,strings
user10542,constructive algorithms
user10542,brute force
user10542,bitmasks
user10542,data structures
user10542,dp
user10542,binary search
user10542,sortings
user10542,two pointers
user10542,combinatorics
user10542,dfs and similar
user10542,unk
user10542,graphs
user10542,trees
user10542,dsu
user10544,math
user10544,number theory
user10544,brute force
user10544,greedy
user10544,implementation
user10544,strings
user10544,constructive algorithms
user10544,sortings
user10544,bitmasks
user10544,combinatorics
user10544,dp
user10544,binary search
user10544,data structures
user10544,dfs and similar
user10544,graphs
user10544,two pointers
user10544,dsu
user10544,unk
user10544,trees
user10544,interactive
user10547,brute force
user10547,implementation
user10547,math
user10547,constructive algorithms
user10547,number theory
user10547,greedy
user10547,strings
user10547,sortings
user10547,dp
user10547,dfs and similar
user10547,two pointers
user10547,bitmasks
user10547,combinatorics
user10547,data structures
user10547,interactive
user10547,graphs
user10547,trees
user10547,binary search
user10547,unk
user10547,dsu
user10548,greedy
user10548,strings
user10548,math
user10548,sortings
user10548,binary search
user10548,implementation
user10548,constructive algorithms
user10548,brute force
user10548,dp
user10548,number theory
user10548,two pointers
user10548,data structures
user10548,dfs and similar
user10548,combinatorics
user10548,graphs
user10548,unk
user10548,bitmasks
user10548,dsu
user10549,combinatorics
user10549,math
user10549,brute force
user10549,greedy
user10549,strings
user10549,implementation
user10549,sortings
user10549,constructive algorithms
user10549,dfs and similar
user10549,dp
user10549,two pointers
user10549,bitmasks
user10549,number theory
user10549,binary search
user10549,data structures
user10549,dsu
user10549,graphs
user10549,trees
user10549,interactive
user10549,unk
user10560,data structures
user10560,greedy
user10560,strings
user10560,dp
user10560,math
user10560,constructive algorithms
user10560,implementation
user10560,number theory
user10560,brute force
user10560,sortings
user10560,binary search
user10560,two pointers
user10560,bitmasks
user10560,combinatorics
user10560,graphs
user10560,interactive
user10560,dsu
user10560,dfs and similar
user10560,trees
user10562,implementation
user10562,math
user10562,strings
user10562,brute force
user10562,sortings
user10562,greedy
user10562,two pointers
user10562,constructive algorithms
user10562,number theory
user10562,dp
user10562,binary search
user10562,bitmasks
user10562,data structures
user10562,combinatorics
user10562,unk
user10562,dsu
user10562,dfs and similar
user10562,graphs
user10562,trees
user10562,interactive
user10563,brute force
user10563,constructive algorithms
user10563,graphs
user10563,greedy
user10563,trees
user10563,binary search
user10563,math
user10563,sortings
user10563,data structures
user10563,dp
user10563,number theory
user10563,implementation
user10563,dfs and similar
user10563,two pointers
user10563,combinatorics
user10563,bitmasks
user10568,data structures
user10568,sortings
user10568,constructive algorithms
user10568,dsu
user10568,greedy
user10568,math
user10568,brute force
user10568,strings
user10568,implementation
user10568,dfs and similar
user10568,graphs
user10568,bitmasks
user10568,combinatorics
user10568,dp
user10568,number theory
user10568,binary search
user10568,two pointers
user10568,interactive
user10568,unk
user10568,trees
user10571,brute force
user10571,dp
user10571,implementation
user10571,constructive algorithms
user10571,math
user10571,binary search
user10571,data structures
user10571,sortings
user10571,two pointers
user10571,greedy
user10571,bitmasks
user10571,strings
user10571,dfs and similar
user10571,number theory
user10571,graphs
user10571,combinatorics
user10571,dsu
user10571,trees
user10571,interactive
user10575,implementation
user10575,brute force
user10575,dp
user10575,constructive algorithms
user10575,math
user10575,number theory
user10575,binary search
user10575,sortings
user10575,greedy
user10575,strings
user10575,dfs and similar
user10575,graphs
user10575,two pointers
user10575,bitmasks
user10575,unk
user10575,data structures
user10575,trees
user10575,interactive
user10575,dsu
user10575,combinatorics
user10578,implementation
user10578,strings
user10578,two pointers
user10578,brute force
user10578,greedy
user10578,dp
user10578,sortings
user10578,math
user10578,number theory
user10578,data structures
user10578,constructive algorithms
user10578,binary search
user10578,interactive
user10578,unk
user10578,trees
user10578,combinatorics
user10578,bitmasks
user10578,dfs and similar
user10578,dsu
user10578,graphs
user10582,brute force
user10582,strings
user10582,implementation
user10582,constructive algorithms
user10582,math
user10582,greedy
user10582,trees
user10582,dp
user10582,sortings
user10582,binary search
user10582,bitmasks
user10582,data structures
user10582,two pointers
user10582,combinatorics
user10582,dsu
user10582,number theory
user10582,dfs and similar
user10582,graphs
user10582,interactive
user10590,implementation
user10590,greedy
user10590,sortings
user10590,brute force
user10590,binary search
user10590,two pointers
user10590,constructive algorithms
user10590,dp
user10590,math
user10590,graphs
user10590,data structures
user10590,dsu
user10590,dfs and similar
user10590,combinatorics
user10590,strings
user10590,number theory
user10590,bitmasks
user10590,trees
user10590,unk
user10590,interactive
user10592,greedy
user10592,math
user10592,dp
user10592,implementation
user10592,sortings
user10592,brute force
user10592,number theory
user10592,strings
user10592,binary search
user10592,constructive algorithms
user10592,data structures
user10592,bitmasks
user10592,two pointers
user10592,unk
user10592,combinatorics
user10592,trees
user10592,graphs
user10592,dsu
user10592,dfs and similar
user10593,math
user10593,brute force
user10593,implementation
user10593,strings
user10593,greedy
user10593,sortings
user10593,constructive algorithms
user10593,interactive
user10593,number theory
user10593,dp
user10593,bitmasks
user10593,data structures
user10593,two pointers
user10593,combinatorics
user10593,binary search
user10593,dsu
user10593,graphs
user10593,trees
user10593,dfs and similar
user10594,implementation
user10594,math
user10594,strings
user10594,brute force
user10594,bitmasks
user10594,constructive algorithms
user10594,number theory
user10594,greedy
user10594,binary search
user10594,sortings
user10594,dp
user10594,two pointers
user10594,unk
user10594,combinatorics
user10594,data structures
user10594,interactive
user10594,graphs
user10594,dfs and similar
user10594,dsu
user10594,trees
user10595,brute force
user10595,constructive algorithms
user10595,implementation
user10595,sortings
user10595,greedy
user10595,strings
user10595,math
user10595,number theory
user10595,data structures
user10595,dp
user10595,binary search
user10595,bitmasks
user10595,graphs
user10595,unk
user10595,two pointers
user10595,combinatorics
user10595,dfs and similar
user10595,trees
user10595,dsu
user10605,greedy
user10605,sortings
user10605,two pointers
user10605,brute force
user10605,math
user10605,number theory
user10605,combinatorics
user10605,dp
user10605,constructive algorithms
user10605,dfs and similar
user10605,dsu
user10605,graphs
user10605,trees
user10605,implementation
user10605,binary search
user10605,data structures
user10605,strings
user10605,unk
user10605,bitmasks
user10605,interactive
user10606,brute force
user10606,constructive algorithms
user10606,greedy
user10606,math
user10606,strings
user10606,implementation
user10606,sortings
user10606,binary search
user10606,number theory
user10606,combinatorics
user10606,data structures
user10606,two pointers
user10606,dp
user10606,interactive
user10606,graphs
user10608,implementation
user10608,strings
user10608,greedy
user10608,brute force
user10608,data structures
user10608,binary search
user10608,math
user10608,combinatorics
user10608,sortings
user10608,number theory
user10608,constructive algorithms
user10608,two pointers
user10608,dp
user10608,interactive
user10608,dfs and similar
user10608,graphs
user10608,trees
user10608,bitmasks
user10608,dsu
user10609,constructive algorithms
user10609,dsu
user10609,graphs
user10609,greedy
user10609,math
user10609,number theory
user10609,trees
user10609,brute force
user10609,sortings
user10609,bitmasks
user10609,implementation
user10609,binary search
user10609,two pointers
user10609,data structures
user10609,combinatorics
user10609,dp
user10609,strings
user10609,dfs and similar
user10609,unk
user10609,interactive
user10610,data structures
user10610,implementation
user10610,greedy
user10610,sortings
user10610,constructive algorithms
user10610,number theory
user10610,math
user10610,brute force
user10610,dp
user10610,two pointers
user10610,binary search
user10610,strings
user10610,bitmasks
user10610,dfs and similar
user10610,graphs
user10610,trees
user10610,combinatorics
user10610,unk
user10610,dsu
user10610,interactive
user10611,greedy
user10611,implementation
user10611,sortings
user10611,brute force
user10611,constructive algorithms
user10611,math
user10611,number theory
user10611,binary search
user10611,bitmasks
user10611,strings
user10611,graphs
user10611,dfs and similar
user10611,dp
user10611,data structures
user10611,two pointers
user10611,combinatorics
user10611,dsu
user10611,trees
user10611,interactive
user10612,brute force
user10612,implementation
user10612,constructive algorithms
user10612,strings
user10612,math
user10612,greedy
user10612,combinatorics
user10612,number theory
user10612,sortings
user10612,two pointers
user10612,graphs
user10612,data structures
user10612,binary search
user10612,dfs and similar
user10612,dp
user10612,unk
user10612,bitmasks
user10612,interactive
user10617,unk
user10617,math
user10617,greedy
user10617,strings
user10617,sortings
user10617,two pointers
user10617,brute force
user10617,data structures
user10617,dp
user10617,implementation
user10617,constructive algorithms
user10617,number theory
user10617,graphs
user10617,binary search
user10617,bitmasks
user10617,dfs and similar
user10617,trees
user10617,combinatorics
user10617,dsu
user10617,interactive
user10619,brute force
user10619,constructive algorithms
user10619,math
user10619,number theory
user10619,data structures
user10619,dsu
user10619,greedy
user10619,sortings
user10619,implementation
user10619,strings
user10619,binary search
user10619,two pointers
user10619,dfs and similar
user10619,dp
user10619,graphs
user10619,trees
user10619,combinatorics
user10619,interactive
user10624,brute force
user10624,implementation
user10624,number theory
user10624,strings
user10624,constructive algorithms
user10624,math
user10624,greedy
user10624,data structures
user10624,sortings
user10624,two pointers
user10624,binary search
user10624,dp
user10624,combinatorics
user10624,dfs and similar
user10624,trees
user10624,graphs
user10624,bitmasks
user10624,dsu
user10624,interactive
user10626,constructive algorithms
user10626,data structures
user10626,dp
user10626,greedy
user10626,sortings
user10626,math
user10626,implementation
user10626,strings
user10626,number theory
user10626,brute force
user10626,two pointers
user10626,binary search
user10626,combinatorics
user10626,unk
user10626,trees
user10626,dsu
user10626,bitmasks
user10626,dfs and similar
user10626,graphs
user10626,interactive
user10629,implementation
user10629,math
user10629,brute force
user10629,number theory
user10629,constructive algorithms
user10629,strings
user10629,greedy
user10629,binary search
user10629,sortings
user10629,dp
user10629,two pointers
user10629,combinatorics
user10629,data structures
user10629,bitmasks
user10629,dfs and similar
user10629,graphs
user10629,dsu
user10629,interactive
user10629,trees
user1063,brute force
user1063,constructive algorithms
user1063,greedy
user1063,math
user1063,number theory
user1063,dfs and similar
user1063,dsu
user1063,implementation
user1063,strings
user1063,dp
user1063,sortings
user1063,binary search
user1063,two pointers
user1063,bitmasks
user1063,trees
user1063,data structures
user1063,combinatorics
user1063,graphs
user1063,interactive
user10630,dfs and similar
user10630,dsu
user10630,graphs
user10630,greedy
user10630,implementation
user10630,math
user10630,combinatorics
user10630,data structures
user10630,sortings
user10630,strings
user10630,dp
user10630,trees
user10630,binary search
user10630,two pointers
user10630,brute force
user10630,bitmasks
user10630,number theory
user10630,constructive algorithms
user10630,unk
user10630,interactive
user10631,constructive algorithms
user10631,greedy
user10631,implementation
user10631,brute force
user10631,math
user10631,number theory
user10631,dp
user10631,dfs and similar
user10631,data structures
user10637,constructive algorithms
user10637,math
user10637,greedy
user10637,sortings
user10637,implementation
user10637,data structures
user10637,number theory
user10637,strings
user10637,brute force
user10637,dfs and similar
user10637,dsu
user10637,graphs
user10637,binary search
user10637,two pointers
user10637,bitmasks
user10637,combinatorics
user10637,dp
user10637,trees
user10637,unk
user10637,interactive
user10641,implementation
user10641,brute force
user10641,math
user10641,number theory
user10641,constructive algorithms
user10641,data structures
user10641,dfs and similar
user10641,graphs
user10641,greedy
user10641,trees
user10641,binary search
user10641,dp
user10641,bitmasks
user10641,combinatorics
user10641,sortings
user10641,dsu
user10641,strings
user10641,two pointers
user10641,interactive
user10647,greedy
user10647,strings
user10647,constructive algorithms
user10647,math
user10647,implementation
user10647,number theory
user10647,brute force
user10647,data structures
user10647,dp
user10647,sortings
user10652,dp
user10652,math
user10652,brute force
user10652,implementation
user10652,binary search
user10652,constructive algorithms
user10652,data structures
user10652,greedy
user10652,sortings
user10652,strings
user10652,number theory
user10652,interactive
user10652,two pointers
user10652,graphs
user10652,bitmasks
user10652,unk
user10652,trees
user10652,combinatorics
user10652,dfs and similar
user10652,dsu
user10656,binary search
user10656,brute force
user10656,math
user10656,dp
user10656,greedy
user10656,strings
user10656,combinatorics
user10656,data structures
user10656,implementation
user10656,sortings
user10656,constructive algorithms
user10656,number theory
user10656,dfs and similar
user10656,graphs
user10656,trees
user10656,dsu
user10656,bitmasks
user10656,interactive
user10656,two pointers
user10657,brute force
user10657,number theory
user10657,implementation
user10657,sortings
user10657,greedy
user10657,strings
user10657,data structures
user10657,two pointers
user10657,math
user10657,binary search
user10657,constructive algorithms
user10657,dp
user10657,graphs
user10657,combinatorics
user10657,bitmasks
user10657,trees
user10657,dfs and similar
user10657,dsu
user10657,unk
user10657,interactive
user10660,greedy
user10660,sortings
user10660,constructive algorithms
user10660,math
user10660,dp
user10660,brute force
user10660,implementation
user10660,data structures
user10660,binary search
user10660,strings
user10660,number theory
user10660,two pointers
user10660,bitmasks
user10660,graphs
user10660,dfs and similar
user10660,trees
user10660,dsu
user10666,math
user10666,implementation
user10666,strings
user10666,greedy
user10666,brute force
user10666,dp
user10666,binary search
user10666,sortings
user10666,two pointers
user10666,number theory
user10666,data structures
user10666,bitmasks
user10667,dp
user10667,sortings
user10667,two pointers
user10667,greedy
user10667,math
user10667,number theory
user10667,dfs and similar
user10667,graphs
user10667,data structures
user10667,implementation
user10667,bitmasks
user10667,constructive algorithms
user10667,dsu
user10667,brute force
user10667,combinatorics
user10667,trees
user10667,strings
user10667,binary search
user10667,interactive
user1067,brute force
user1067,data structures
user1067,dfs and similar
user1067,greedy
user1067,implementation
user1067,trees
user1067,math
user1067,number theory
user1067,binary search
user1067,constructive algorithms
user1067,dp
user1067,graphs
user1067,dsu
user1067,two pointers
user1067,combinatorics
user1067,sortings
user1067,bitmasks
user1067,strings
user1067,interactive
user10671,sortings
user10671,strings
user10671,constructive algorithms
user10671,greedy
user10671,brute force
user10671,math
user10671,number theory
user10671,data structures
user10671,implementation
user10671,dfs and similar
user10671,dp
user10671,binary search
user10671,bitmasks
user10671,two pointers
user10671,unk
user10671,graphs
user10671,trees
user10677,implementation
user10677,math
user10677,strings
user10677,brute force
user10677,data structures
user10677,dp
user10677,greedy
user10677,sortings
user10677,bitmasks
user10677,binary search
user10677,number theory
user10677,constructive algorithms
user10677,unk
user10677,combinatorics
user10677,dfs and similar
user10677,two pointers
user10677,trees
user10677,graphs
user10677,dsu
user1068,binary search
user1068,data structures
user1068,greedy
user1068,math
user1068,constructive algorithms
user1068,implementation
user1068,brute force
user1068,number theory
user1068,dp
user1068,graphs
user1068,bitmasks
user1068,two pointers
user1068,trees
user10681,brute force
user10681,math
user10681,implementation
user10681,constructive algorithms
user10681,number theory
user10681,greedy
user10681,sortings
user10681,strings
user10681,dp
user10681,data structures
user10681,two pointers
user10681,bitmasks
user10681,dfs and similar
user10681,combinatorics
user10681,graphs
user10681,binary search
user10681,trees
user10681,dsu
user10681,unk
user10681,interactive
user10682,greedy
user10682,combinatorics
user10682,dp
user10682,bitmasks
user10682,math
user10682,brute force
user10682,constructive algorithms
user10682,number theory
user10682,data structures
user10682,implementation
user10682,strings
user10682,sortings
user10682,binary search
user10682,two pointers
user10682,dfs and similar
user10682,dsu
user10682,trees
user10682,graphs
user10682,interactive
user10684,constructive algorithms
user10684,math
user10684,greedy
user10684,strings
user10684,bitmasks
user10684,brute force
user10684,dp
user10684,graphs
user10684,trees
user10684,sortings
user10684,implementation
user10684,binary search
user10684,combinatorics
user10684,data structures
user10684,number theory
user10684,interactive
user10684,two pointers
user10684,dsu
user10684,dfs and similar
user10687,math
user10687,number theory
user10687,constructive algorithms
user10687,dp
user10687,greedy
user10687,dsu
user10687,graphs
user10687,trees
user10687,implementation
user10687,strings
user10687,brute force
user10687,binary search
user10687,data structures
user10687,bitmasks
user10687,interactive
user10687,sortings
user10687,dfs and similar
user10687,combinatorics
user10687,two pointers
user10690,math
user10690,dp
user10690,greedy
user10690,implementation
user10690,binary search
user10690,sortings
user10690,brute force
user10690,combinatorics
user10690,constructive algorithms
user10690,strings
user10690,number theory
user10690,two pointers
user10690,data structures
user10690,bitmasks
user10690,graphs
user10690,unk
user10690,dfs and similar
user10690,interactive
user10690,dsu
user10693,combinatorics
user10693,dp
user10693,math
user10693,data structures
user10693,dfs and similar
user10693,graphs
user10693,greedy
user10693,trees
user10693,dsu
user10693,constructive algorithms
user10693,implementation
user10693,bitmasks
user10693,binary search
user10693,two pointers
user10693,number theory
user10693,interactive
user10693,sortings
user10693,brute force
user10693,strings
user10694,brute force
user10694,dp
user10694,sortings
user10694,binary search
user10694,constructive algorithms
user10694,data structures
user10694,greedy
user10694,math
user10694,number theory
user10694,implementation
user10694,strings
user10694,two pointers
user10694,bitmasks
user10694,combinatorics
user10694,trees
user10694,dfs and similar
user10694,graphs
user10694,dsu
user10694,interactive
user10695,brute force
user10695,dp
user10695,greedy
user10695,math
user10695,strings
user10695,data structures
user10695,implementation
user10695,sortings
user10695,bitmasks
user10695,two pointers
user10695,dsu
user10695,number theory
user10695,dfs and similar
user10695,graphs
user10695,binary search
user10695,constructive algorithms
user10695,trees
user10695,combinatorics
user10695,interactive
user10699,greedy
user10699,math
user10699,sortings
user10699,constructive algorithms
user10699,combinatorics
user10699,bitmasks
user10699,trees
user10699,two pointers
user10699,implementation
user10699,strings
user10699,dp
user10699,number theory
user10699,brute force
user10699,binary search
user10699,dfs and similar
user10699,data structures
user10699,dsu
user10699,unk
user10699,graphs
user10699,interactive
user1070,math
user1070,implementation
user1070,brute force
user1070,constructive algorithms
user1070,greedy
user1070,data structures
user1070,dp
user1070,graphs
user1070,strings
user1070,sortings
user1070,binary search
user1070,dfs and similar
user1070,number theory
user1070,combinatorics
user1070,bitmasks
user1070,trees
user1070,two pointers
user1070,interactive
user1070,dsu
user10709,math
user10709,number theory
user10709,implementation
user10709,strings
user10709,brute force
user10709,dfs and similar
user10709,dp
user10709,bitmasks
user10709,greedy
user10709,dsu
user10709,graphs
user10709,sortings
user10709,two pointers
user10709,constructive algorithms
user10709,unk
user10709,binary search
user10709,combinatorics
user10709,data structures
user10709,trees
user10709,interactive
user10710,implementation
user10710,math
user10710,brute force
user10710,greedy
user10710,strings
user10710,constructive algorithms
user10710,sortings
user10710,dp
user10710,number theory
user10710,binary search
user10710,data structures
user10710,two pointers
user10710,graphs
user10710,combinatorics
user10710,bitmasks
user10710,dsu
user10710,dfs and similar
user10710,trees
user10710,interactive
user10712,implementation
user10712,greedy
user10712,constructive algorithms
user10712,math
user10712,dp
user10712,brute force
user10712,strings
user10712,sortings
user10712,bitmasks
user10712,data structures
user10712,trees
user10712,number theory
user10712,two pointers
user10712,binary search
user10712,dfs and similar
user10712,graphs
user10712,combinatorics
user10712,dsu
user10712,interactive
user10716,greedy
user10716,math
user10716,constructive algorithms
user10716,binary search
user10716,brute force
user10716,implementation
user10716,two pointers
user10716,dp
user10716,dfs and similar
user10716,trees
user10718,implementation
user10718,math
user10718,binary search
user10718,data structures
user10718,greedy
user10718,dp
user10718,sortings
user10718,two pointers
user10718,constructive algorithms
user10718,brute force
user10718,number theory
user10718,bitmasks
user10718,strings
user10718,dfs and similar
user10718,graphs
user10718,trees
user10718,combinatorics
user10718,unk
user10718,dsu
user10718,interactive
user10720,math
user10720,number theory
user10720,greedy
user10720,constructive algorithms
user10720,implementation
user10720,sortings
user10720,combinatorics
user10720,data structures
user10720,dp
user10720,brute force
user10720,two pointers
user10720,bitmasks
user10720,binary search
user10720,strings
user10720,dsu
user10720,dfs and similar
user10720,graphs
user10720,unk
user10720,trees
user10720,interactive
user10722,greedy
user10722,implementation
user10722,strings
user10722,math
user10722,brute force
user10722,data structures
user10722,two pointers
user10722,constructive algorithms
user10722,sortings
user10722,bitmasks
user10722,binary search
user10722,number theory
user10722,dp
user10722,dfs and similar
user10722,graphs
user10722,unk
user10722,combinatorics
user10722,dsu
user10722,trees
user10722,interactive
user10723,implementation
user10723,sortings
user10723,greedy
user10723,math
user10723,data structures
user10723,strings
user10723,constructive algorithms
user10723,number theory
user10723,brute force
user10723,binary search
user10723,dp
user10723,combinatorics
user10723,two pointers
user10723,dfs and similar
user10723,graphs
user10723,trees
user10723,unk
user10723,dsu
user10723,interactive
user10730,implementation
user10730,strings
user10730,brute force
user10730,math
user10730,dfs and similar
user10730,greedy
user10730,data structures
user10730,sortings
user10730,binary search
user10730,two pointers
user10730,unk
user10730,constructive algorithms
user10730,dp
user10730,number theory
user10730,graphs
user10730,bitmasks
user10730,combinatorics
user10730,interactive
user10731,brute force
user10731,strings
user10731,math
user10731,implementation
user10731,constructive algorithms
user10731,greedy
user10731,sortings
user10731,number theory
user10731,two pointers
user10731,binary search
user10731,dp
user10731,data structures
user10731,dfs and similar
user10731,trees
user10731,combinatorics
user10731,dsu
user10731,graphs
user10731,interactive
user10735,brute force
user10735,greedy
user10735,implementation
user10735,math
user10735,data structures
user10735,bitmasks
user10735,constructive algorithms
user10735,sortings
user10735,strings
user10735,dp
user10735,dfs and similar
user10735,graphs
user10735,trees
user10735,number theory
user10735,unk
user10735,binary search
user10735,two pointers
user10735,interactive
user10735,combinatorics
user10735,dsu
user10738,greedy
user10738,implementation
user10738,math
user10738,brute force
user10738,dp
user10738,two pointers
user10738,binary search
user10738,data structures
user10738,constructive algorithms
user10739,data structures
user10739,implementation
user10739,greedy
user10739,sortings
user10739,brute force
user10739,constructive algorithms
user10739,bitmasks
user10739,math
user10739,strings
user10739,number theory
user10739,combinatorics
user10739,dp
user10739,binary search
user10739,two pointers
user10739,dfs and similar
user10739,dsu
user10739,graphs
user10739,trees
user10739,interactive
user10740,bitmasks
user10740,math
user10740,implementation
user10740,strings
user10740,greedy
user10740,data structures
user10740,brute force
user10740,dp
user10740,sortings
user10740,two pointers
user10740,constructive algorithms
user10740,number theory
user10740,binary search
user10740,dfs and similar
user10740,combinatorics
user10740,dsu
user10740,trees
user10740,graphs
user10740,unk
user10740,interactive
user10746,constructive algorithms
user10746,greedy
user10746,implementation
user10746,math
user10746,bitmasks
user10746,strings
user10746,two pointers
user10746,graphs
user10746,brute force
user10746,dp
user10746,number theory
user10746,data structures
user10746,sortings
user10746,trees
user10746,dfs and similar
user10746,unk
user10746,binary search
user10746,combinatorics
user10746,dsu
user1075,implementation
user1075,greedy
user1075,math
user1075,sortings
user1075,brute force
user1075,strings
user1075,binary search
user1075,data structures
user1075,two pointers
user1075,constructive algorithms
user1075,bitmasks
user1075,number theory
user1075,dp
user1075,graphs
user1075,dfs and similar
user1075,trees
user1075,dsu
user1075,combinatorics
user10753,graphs
user10753,greedy
user10753,dfs and similar
user10753,trees
user10753,bitmasks
user10753,data structures
user10753,dp
user10753,math
user10753,constructive algorithms
user10753,implementation
user10753,binary search
user10753,brute force
user10753,sortings
user10753,number theory
user10753,strings
user10753,two pointers
user10753,combinatorics
user10753,dsu
user10754,constructive algorithms
user10754,greedy
user10754,strings
user10754,brute force
user10754,implementation
user10754,math
user10754,sortings
user10754,data structures
user10754,dp
user10754,number theory
user10754,combinatorics
user10754,bitmasks
user10754,dfs and similar
user10754,two pointers
user10754,binary search
user10754,graphs
user10754,trees
user10754,interactive
user10754,dsu
user10755,data structures
user10755,greedy
user10755,brute force
user10755,math
user10755,constructive algorithms
user10755,dp
user10755,strings
user10755,binary search
user1077,implementation
user1077,math
user1077,number theory
user1077,constructive algorithms
user1077,binary search
user1077,data structures
user1077,sortings
user1077,brute force
user1077,dfs and similar
user1077,graphs
user1077,greedy
user1077,trees
user1077,dsu
user1077,dp
user1077,two pointers
user1077,bitmasks
user10770,brute force
user10770,greedy
user10770,math
user10770,binary search
user10770,unk
user10770,sortings
user10770,bitmasks
user10770,two pointers
user10770,dp
user10770,implementation
user10770,trees
user10770,constructive algorithms
user10770,number theory
user10770,strings
user10770,data structures
user10770,combinatorics
user10770,dfs and similar
user10770,dsu
user10770,graphs
user10770,interactive
user10772,dp
user10772,math
user10772,greedy
user10772,implementation
user10772,strings
user10772,brute force
user10772,sortings
user10772,constructive algorithms
user10772,binary search
user10772,number theory
user10772,two pointers
user10772,unk
user10772,data structures
user10772,dsu
user10772,bitmasks
user10772,combinatorics
user10772,graphs
user10772,dfs and similar
user10772,trees
user10772,interactive
user10777,greedy
user10777,math
user10777,dp
user10777,implementation
user10777,binary search
user10777,constructive algorithms
user10777,brute force
user10777,sortings
user10777,data structures
user10777,number theory
user10777,graphs
user10777,bitmasks
user10778,constructive algorithms
user10778,dp
user10778,greedy
user10778,two pointers
user10778,data structures
user10778,math
user10778,strings
user10778,unk
user10778,number theory
user10778,sortings
user10778,binary search
user10778,implementation
user10778,brute force
user10778,bitmasks
user10778,dfs and similar
user10778,trees
user10778,combinatorics
user10778,interactive
user10778,graphs
user10778,dsu
user10781,constructive algorithms
user10781,greedy
user10781,math
user10781,sortings
user10781,brute force
user10781,implementation
user10781,number theory
user10781,dp
user10781,binary search
user10781,data structures
user10781,two pointers
user10781,graphs
user10781,trees
user10781,strings
user10781,bitmasks
user10781,dfs and similar
user10783,greedy
user10783,brute force
user10783,math
user10783,sortings
user10783,bitmasks
user10783,constructive algorithms
user10783,dp
user10783,graphs
user10783,implementation
user10783,strings
user10783,binary search
user10783,data structures
user10783,number theory
user10783,combinatorics
user10783,two pointers
user10783,dfs and similar
user10783,trees
user10783,dsu
user10783,interactive
user10784,greedy
user10784,math
user10784,implementation
user10784,sortings
user10784,strings
user10784,brute force
user10784,constructive algorithms
user10784,dp
user10784,number theory
user10784,combinatorics
user10784,binary search
user10784,bitmasks
user10784,two pointers
user10784,interactive
user10784,data structures
user10784,dsu
user10784,dfs and similar
user10784,graphs
user10784,trees
user10786,brute force
user10786,greedy
user10786,implementation
user10786,math
user10786,data structures
user10786,dp
user10786,constructive algorithms
user10786,two pointers
user10786,strings
user10786,sortings
user10786,binary search
user10786,combinatorics
user10786,graphs
user10786,number theory
user10786,dfs and similar
user10789,math
user10789,constructive algorithms
user10789,binary search
user10789,greedy
user10789,sortings
user10789,dp
user10789,implementation
user10789,brute force
user10789,number theory
user10789,interactive
user10789,data structures
user10789,two pointers
user10793,greedy
user10793,math
user10793,constructive algorithms
user10793,implementation
user10793,sortings
user10793,brute force
user10793,number theory
user10793,strings
user10793,two pointers
user10793,data structures
user10793,dp
user10793,unk
user10793,dfs and similar
user10793,dsu
user10793,graphs
user10793,binary search
user10793,combinatorics
user10793,trees
user10793,interactive
user10798,bitmasks
user10798,brute force
user10798,implementation
user10798,constructive algorithms
user10798,greedy
user10798,math
user10798,strings
user10798,sortings
user10798,dp
user10798,number theory
user10798,data structures
user10798,binary search
user10798,dfs and similar
user10798,combinatorics
user10798,two pointers
user10798,trees
user10798,dsu
user10798,interactive
user108,implementation
user108,math
user108,brute force
user108,constructive algorithms
user108,greedy
user108,sortings
user108,two pointers
user108,binary search
user108,dp
user108,strings
user108,graphs
user108,number theory
user108,bitmasks
user108,data structures
user108,interactive
user108,combinatorics
user108,dsu
user1080,implementation
user1080,math
user1080,greedy
user1080,sortings
user1080,strings
user1080,brute force
user1080,binary search
user1080,dfs and similar
user1080,dsu
user1080,graphs
user1080,dp
user1080,constructive algorithms
user1080,two pointers
user1080,trees
user1080,number theory
user1080,data structures
user1080,bitmasks
user10801,implementation
user10801,strings
user10801,greedy
user10801,sortings
user10801,math
user10801,brute force
user10801,data structures
user10801,two pointers
user10801,constructive algorithms
user10801,number theory
user10801,bitmasks
user10801,binary search
user10801,combinatorics
user10801,dp
user10801,graphs
user10801,dfs and similar
user10803,brute force
user10803,constructive algorithms
user10803,greedy
user10803,math
user10803,strings
user10803,binary search
user10803,implementation
user10803,data structures
user10803,two pointers
user10803,dp
user1081,greedy
user1081,implementation
user1081,math
user1081,sortings
user1081,strings
user1081,dfs and similar
user1081,binary search
user1081,constructive algorithms
user1081,unk
user1081,data structures
user1081,graphs
user1081,two pointers
user1081,dsu
user1081,trees
user1081,brute force
user1081,dp
user1081,bitmasks
user1081,combinatorics
user1081,number theory
user1081,interactive
user10815,constructive algorithms
user10815,implementation
user10815,brute force
user10815,greedy
user10815,data structures
user10815,graphs
user10815,strings
user10815,math
user10815,number theory
user10815,bitmasks
user10815,dp
user10815,sortings
user10815,combinatorics
user10815,binary search
user10815,two pointers
user10819,dfs and similar
user10819,dsu
user10819,trees
user10819,greedy
user10819,math
user10819,combinatorics
user10819,data structures
user10819,implementation
user10819,dp
user10819,graphs
user10819,binary search
user10819,sortings
user10819,strings
user10819,bitmasks
user10819,brute force
user10819,constructive algorithms
user10819,two pointers
user10819,number theory
user10819,interactive
user1082,data structures
user1082,implementation
user1082,greedy
user1082,sortings
user1082,constructive algorithms
user1082,math
user1082,brute force
user1082,bitmasks
user1082,binary search
user1082,dfs and similar
user1082,dp
user1082,graphs
user1082,trees
user1082,strings
user1082,number theory
user1082,dsu
user1082,combinatorics
user1082,unk
user1082,two pointers
user1082,interactive
user10820,data structures
user10820,math
user10820,trees
user10820,bitmasks
user10820,brute force
user10820,dp
user10820,implementation
user10820,sortings
user10820,greedy
user10820,strings
user10820,binary search
user10820,two pointers
user10820,dfs and similar
user10820,graphs
user10820,dsu
user10820,constructive algorithms
user10820,number theory
user10820,combinatorics
user10820,interactive
user10821,implementation
user10821,dp
user10821,bitmasks
user10821,greedy
user10821,binary search
user10821,data structures
user10821,math
user10821,number theory
user10821,brute force
user10821,dfs and similar
user10821,sortings
user10821,constructive algorithms
user10821,graphs
user10821,combinatorics
user10821,strings
user10821,two pointers
user10821,dsu
user10821,trees
user10821,interactive
user10821,unk
user10828,implementation
user10828,sortings
user10828,constructive algorithms
user10828,greedy
user10828,bitmasks
user10828,strings
user10828,brute force
user10828,math
user10828,binary search
user10828,dp
user10828,number theory
user10828,trees
user10828,unk
user10828,graphs
user10828,dfs and similar
user10828,dsu
user10828,data structures
user10828,combinatorics
user10828,two pointers
user10828,interactive
user10829,data structures
user10829,implementation
user10829,strings
user10829,brute force
user10829,combinatorics
user10829,number theory
user10829,greedy
user10829,sortings
user10829,constructive algorithms
user10829,two pointers
user10829,math
user10829,binary search
user10829,dp
user10829,bitmasks
user10829,dfs and similar
user10829,graphs
user10829,unk
user10829,trees
user10829,dsu
user10829,interactive
user10833,data structures
user10833,implementation
user10833,dp
user10833,greedy
user10833,sortings
user10833,brute force
user10833,math
user10833,binary search
user10833,combinatorics
user10833,constructive algorithms
user10833,graphs
user10833,strings
user10839,greedy
user10839,math
user10839,number theory
user10839,implementation
user10839,strings
user10839,brute force
user10839,sortings
user10839,constructive algorithms
user10839,binary search
user10839,data structures
user10839,bitmasks
user10839,dp
user10839,two pointers
user10839,combinatorics
user10839,dfs and similar
user10839,graphs
user10839,trees
user10839,interactive
user10839,dsu
user10839,unk
user1084,binary search
user1084,data structures
user1084,sortings
user1084,two pointers
user1084,constructive algorithms
user1084,greedy
user1084,number theory
user1084,implementation
user1084,math
user10840,brute force
user10840,greedy
user10840,implementation
user10840,constructive algorithms
user10840,math
user10840,sortings
user10840,data structures
user10840,number theory
user10841,brute force
user10841,constructive algorithms
user10841,math
user10841,greedy
user10841,implementation
user10841,number theory
user10841,sortings
user10841,dp
user10841,graphs
user10841,combinatorics
user10841,binary search
user10841,dfs and similar
user10841,two pointers
user10841,data structures
user10841,trees
user10842,greedy
user10842,math
user10842,number theory
user10842,implementation
user10842,binary search
user10842,sortings
user10842,constructive algorithms
user10842,brute force
user10842,dp
user10842,data structures
user10842,strings
user10842,dfs and similar
user10842,combinatorics
user10842,bitmasks
user10842,interactive
user10842,unk
user10842,two pointers
user10842,dsu
user10842,graphs
user10842,trees
user10843,greedy
user10843,implementation
user10843,math
user10843,constructive algorithms
user10843,binary search
user10843,data structures
user10843,dp
user10843,brute force
user10845,dfs and similar
user10845,graphs
user10845,trees
user10845,implementation
user10845,dp
user10845,math
user10845,number theory
user10845,data structures
user10845,greedy
user10845,constructive algorithms
user10845,binary search
user10845,bitmasks
user10845,brute force
user10845,combinatorics
user10845,sortings
user10845,two pointers
user10845,interactive
user10851,math
user10851,binary search
user10851,brute force
user10851,implementation
user10851,strings
user10851,dp
user10851,greedy
user10851,sortings
user10851,constructive algorithms
user10851,data structures
user10851,number theory
user10851,two pointers
user10851,trees
user10851,dfs and similar
user10851,interactive
user10851,combinatorics
user10851,graphs
user10851,bitmasks
user10851,dsu
user10853,greedy
user10853,implementation
user10853,strings
user10853,bitmasks
user10853,math
user10853,brute force
user10853,sortings
user10853,dp
user10853,number theory
user10853,constructive algorithms
user10853,dfs and similar
user10853,graphs
user10853,two pointers
user10853,combinatorics
user10853,binary search
user10853,data structures
user10853,trees
user10853,interactive
user10853,dsu
user10854,brute force
user10854,greedy
user10854,math
user10854,number theory
user10854,dp
user10854,implementation
user10854,strings
user10854,constructive algorithms
user10854,data structures
user10854,sortings
user10854,binary search
user10854,two pointers
user10854,combinatorics
user10854,bitmasks
user10854,dfs and similar
user10854,dsu
user10854,graphs
user10854,trees
user10854,interactive
user10854,unk
user10857,dp
user10857,greedy
user10857,data structures
user10857,implementation
user10857,sortings
user10857,math
user10857,brute force
user10857,number theory
user10857,graphs
user10857,two pointers
user10857,constructive algorithms
user10857,trees
user10857,binary search
user1086,greedy
user1086,math
user1086,implementation
user1086,constructive algorithms
user1086,strings
user1086,sortings
user1086,brute force
user1086,data structures
user1086,two pointers
user1086,dp
user1086,number theory
user1086,binary search
user1086,combinatorics
user1086,bitmasks
user1086,dfs and similar
user1086,graphs
user1086,trees
user1086,interactive
user10862,binary search
user10862,brute force
user10862,data structures
user10862,dp
user10862,dsu
user10862,greedy
user10862,two pointers
user10862,implementation
user10862,math
user10862,number theory
user10862,strings
user10862,combinatorics
user10862,sortings
user10862,constructive algorithms
user10862,dfs and similar
user10862,graphs
user10862,trees
user10862,bitmasks
user10862,unk
user10862,interactive
user10866,implementation
user10866,math
user10866,greedy
user10866,sortings
user10866,strings
user10866,brute force
user10866,constructive algorithms
user10866,number theory
user10866,binary search
user10866,data structures
user10866,dfs and similar
user10866,graphs
user10866,dp
user10866,two pointers
user10866,combinatorics
user10866,bitmasks
user10866,dsu
user10866,trees
user10866,interactive
user10869,brute force
user10869,implementation
user10869,strings
user10869,greedy
user10869,math
user10869,binary search
user10869,data structures
user10869,constructive algorithms
user10869,bitmasks
user10869,dp
user10869,number theory
user10869,dfs and similar
user10869,two pointers
user10869,graphs
user10870,dfs and similar
user10870,dp
user10870,graphs
user10870,implementation
user10870,brute force
user10870,math
user10870,constructive algorithms
user10870,greedy
user10870,number theory
user10870,sortings
user10870,data structures
user10870,two pointers
user10870,bitmasks
user10870,combinatorics
user10875,implementation
user10875,math
user10875,brute force
user10875,greedy
user10875,strings
user10875,constructive algorithms
user10875,sortings
user10875,data structures
user10875,bitmasks
user10875,dfs and similar
user10875,binary search
user10875,two pointers
user10875,combinatorics
user10875,dp
user10875,graphs
user10875,number theory
user10875,dsu
user10875,trees
user10877,implementation
user10877,greedy
user10877,constructive algorithms
user10877,math
user10877,brute force
user10877,strings
user10877,number theory
user10877,sortings
user10877,two pointers
user10877,unk
user10877,binary search
user10877,combinatorics
user10877,dp
user10877,bitmasks
user10877,data structures
user10877,trees
user10877,dsu
user10877,interactive
user10877,dfs and similar
user10877,graphs
user10885,implementation
user10885,math
user10885,brute force
user10885,greedy
user10885,sortings
user10885,dp
user10885,strings
user10885,number theory
user10885,binary search
user10885,bitmasks
user10885,constructive algorithms
user10885,graphs
user10885,dfs and similar
user10885,data structures
user10885,two pointers
user10885,combinatorics
user10885,dsu
user10885,interactive
user10885,trees
user10888,bitmasks
user10888,constructive algorithms
user10888,dp
user10888,greedy
user10888,implementation
user10888,brute force
user10888,math
user10888,two pointers
user10888,strings
user10888,number theory
user10888,sortings
user10888,combinatorics
user10888,binary search
user10888,data structures
user10888,graphs
user10888,interactive
user10888,dfs and similar
user10888,dsu
user10888,trees
user10895,implementation
user10895,strings
user10895,bitmasks
user10895,greedy
user10895,brute force
user10895,dfs and similar
user10895,dp
user10895,dsu
user10895,graphs
user10895,math
user10895,unk
user10895,sortings
user10895,two pointers
user10895,number theory
user10895,constructive algorithms
user10895,combinatorics
user10895,data structures
user10895,binary search
user10895,trees
user10898,math
user10898,number theory
user10898,dfs and similar
user10898,dp
user10898,graphs
user10898,greedy
user10898,implementation
user10898,brute force
user10898,sortings
user10898,constructive algorithms
user10898,strings
user10898,data structures
user10898,trees
user10898,binary search
user10898,two pointers
user10899,implementation
user10899,brute force
user10899,graphs
user10899,strings
user10899,data structures
user10899,math
user10899,binary search
user10899,number theory
user10899,interactive
user10899,greedy
user10899,sortings
user10899,constructive algorithms
user10899,two pointers
user10899,dp
user10899,unk
user10899,dfs and similar
user10899,bitmasks
user10899,combinatorics
user10899,dsu
user10899,trees
user10902,implementation
user10902,brute force
user10902,constructive algorithms
user10902,math
user10902,greedy
user10902,sortings
user10902,binary search
user10902,dfs and similar
user10902,two pointers
user10902,dp
user10902,number theory
user10902,graphs
user10902,data structures
user10902,trees
user10904,binary search
user10904,brute force
user10904,implementation
user10904,two pointers
user10904,math
user10904,data structures
user10904,sortings
user10904,strings
user10904,greedy
user10904,dp
user10904,constructive algorithms
user10904,number theory
user10904,dfs and similar
user10904,graphs
user10904,bitmasks
user10904,trees
user10904,interactive
user10905,math
user10905,number theory
user10905,constructive algorithms
user10905,unk
user10905,implementation
user10905,greedy
user10905,dfs and similar
user10905,dsu
user10905,graphs
user10905,sortings
user10905,brute force
user10905,strings
user10905,bitmasks
user10905,dp
user10905,data structures
user10905,combinatorics
user10905,trees
user10905,binary search
user10905,two pointers
user10905,interactive
user10909,implementation
user10909,strings
user10909,brute force
user10909,greedy
user10909,sortings
user10909,constructive algorithms
user10909,math
user10909,two pointers
user10909,binary search
user10909,dp
user10909,number theory
user10909,trees
user10909,data structures
user10909,combinatorics
user10909,dfs and similar
user10909,unk
user10909,graphs
user10909,bitmasks
user10909,interactive
user10909,dsu
user10913,implementation
user10913,sortings
user10913,greedy
user10913,two pointers
user10913,math
user10913,bitmasks
user10913,combinatorics
user10913,trees
user10913,dfs and similar
user10913,dp
user10913,constructive algorithms
user10913,brute force
user10913,binary search
user10913,data structures
user10913,strings
user10913,number theory
user10913,graphs
user10913,dsu
user10913,interactive
user10913,unk
user10914,implementation
user10914,two pointers
user10914,brute force
user10914,greedy
user10914,math
user10914,constructive algorithms
user10914,number theory
user10914,strings
user10914,sortings
user10914,dp
user10914,combinatorics
user10914,binary search
user10914,data structures
user10914,unk
user10914,dfs and similar
user10914,bitmasks
user10914,graphs
user10914,trees
user10914,interactive
user10914,dsu
user10917,constructive algorithms
user10917,graphs
user10917,greedy
user10917,implementation
user10917,dfs and similar
user10917,trees
user10917,combinatorics
user10917,data structures
user10917,dp
user10917,two pointers
user10917,math
user10917,strings
user10917,brute force
user10917,sortings
user10917,bitmasks
user10917,dsu
user10917,binary search
user10917,number theory
user10917,unk
user10917,interactive
user10919,brute force
user10919,greedy
user10919,number theory
user10919,binary search
user10919,math
user10919,constructive algorithms
user10919,two pointers
user10919,implementation
user10919,dp
user10919,dfs and similar
user10919,graphs
user10919,strings
user10919,sortings
user10919,combinatorics
user10919,data structures
user10919,bitmasks
user10919,trees
user10919,dsu
user10919,interactive
user10920,constructive algorithms
user10920,greedy
user10920,implementation
user10920,data structures
user10920,sortings
user10920,binary search
user10920,two pointers
user10920,brute force
user10920,math
user10920,number theory
user10920,strings
user10920,dp
user10920,bitmasks
user10920,dfs and similar
user10920,graphs
user10920,combinatorics
user10920,dsu
user10920,unk
user10920,trees
user10921,implementation
user10921,brute force
user10921,math
user10921,sortings
user10921,constructive algorithms
user10921,strings
user10921,greedy
user10921,dp
user10921,binary search
user10921,data structures
user10921,two pointers
user10921,dfs and similar
user10922,greedy
user10922,math
user10922,number theory
user10922,constructive algorithms
user10922,implementation
user10922,sortings
user10922,dfs and similar
user10922,graphs
user10922,combinatorics
user10922,binary search
user10922,brute force
user10922,dp
user10922,bitmasks
user10922,two pointers
user10922,data structures
user10922,trees
user10922,interactive
user10922,dsu
user10922,strings
user10922,unk
user10924,implementation
user10924,math
user10924,greedy
user10924,strings
user10924,sortings
user10924,brute force
user10924,combinatorics
user10924,constructive algorithms
user10924,dp
user10924,binary search
user10924,number theory
user10924,data structures
user10924,bitmasks
user10924,dfs and similar
user10924,two pointers
user10924,trees
user10924,dsu
user10924,graphs
user10924,unk
user10924,interactive
user10929,math
user10929,constructive algorithms
user10929,greedy
user10929,implementation
user10929,strings
user10929,brute force
user10929,number theory
user10929,sortings
user10929,dp
user10929,unk
user10929,binary search
user10929,interactive
user10929,dfs and similar
user10929,data structures
user10929,two pointers
user10929,combinatorics
user10929,graphs
user10929,bitmasks
user10929,trees
user10929,dsu
user10931,math
user10931,dp
user10931,greedy
user10931,implementation
user10931,sortings
user10931,number theory
user10931,brute force
user10931,binary search
user10931,constructive algorithms
user10931,bitmasks
user10931,data structures
user10931,strings
user10931,two pointers
user10931,dfs and similar
user10931,combinatorics
user10932,constructive algorithms
user10932,graphs
user10932,greedy
user10932,trees
user10932,brute force
user10932,dp
user10932,sortings
user10932,strings
user10932,implementation
user10932,binary search
user10932,bitmasks
user10932,math
user10932,data structures
user10932,number theory
user10932,dsu
user10932,combinatorics
user10932,two pointers
user10932,dfs and similar
user10932,unk
user10932,interactive
user10933,brute force
user10933,math
user10933,strings
user10933,greedy
user10933,implementation
user10933,sortings
user10933,number theory
user10933,dp
user10933,constructive algorithms
user10933,bitmasks
user10933,binary search
user10933,dfs and similar
user10933,combinatorics
user10933,data structures
user10933,two pointers
user10933,graphs
user10933,dsu
user10933,trees
user10933,interactive
user10937,greedy
user10937,implementation
user10937,brute force
user10937,constructive algorithms
user10937,binary search
user10948,brute force
user10948,math
user10948,number theory
user10948,dp
user10948,greedy
user10948,sortings
user10948,binary search
user10948,implementation
user10948,constructive algorithms
user10948,strings
user10948,data structures
user10948,two pointers
user10948,bitmasks
user10949,sortings
user10949,brute force
user10949,greedy
user10949,math
user10949,combinatorics
user10949,data structures
user10949,dfs and similar
user10949,dsu
user10949,graphs
user10949,implementation
user10949,constructive algorithms
user10949,dp
user10949,strings
user10949,trees
user10949,number theory
user10949,bitmasks
user10949,two pointers
user10949,binary search
user10949,unk
user10949,interactive
user1095,greedy
user1095,implementation
user1095,sortings
user1095,brute force
user1095,math
user1095,number theory
user1095,constructive algorithms
user1095,dp
user1095,two pointers
user1095,binary search
user1095,strings
user1095,dfs and similar
user1095,graphs
user1095,trees
user1095,bitmasks
user1095,data structures
user1095,combinatorics
user1095,dsu
user10950,greedy
user10950,strings
user10950,two pointers
user10950,sortings
user10950,binary search
user10950,data structures
user10950,math
user10950,constructive algorithms
user10950,dp
user10950,implementation
user10950,dfs and similar
user10950,trees
user10950,dsu
user10950,graphs
user10950,bitmasks
user10950,brute force
user10950,number theory
user10950,combinatorics
user10950,unk
user10950,interactive
user10953,brute force
user10953,greedy
user10953,constructive algorithms
user10953,implementation
user10953,bitmasks
user10953,dp
user10953,math
user10953,dfs and similar
user10953,number theory
user10953,binary search
user10953,sortings
user10953,interactive
user10953,trees
user10953,strings
user10953,two pointers
user10953,data structures
user10953,graphs
user10953,dsu
user10953,combinatorics
user10954,constructive algorithms
user10954,implementation
user10954,math
user10954,binary search
user10954,data structures
user10954,dp
user10954,greedy
user10954,sortings
user10954,brute force
user10954,strings
user10954,dfs and similar
user10954,graphs
user10954,number theory
user10955,math
user10955,brute force
user10955,constructive algorithms
user10955,greedy
user10955,implementation
user10955,dp
user10955,sortings
user10955,dfs and similar
user10955,graphs
user10955,number theory
user10955,trees
user10955,binary search
user10955,dsu
user10955,data structures
user10956,math
user10956,implementation
user10956,binary search
user10956,constructive algorithms
user10956,greedy
user10956,sortings
user10956,number theory
user10956,brute force
user10956,dp
user10956,two pointers
user10956,strings
user10956,bitmasks
user10956,data structures
user10956,combinatorics
user10956,dfs and similar
user10956,graphs
user10956,dsu
user10956,trees
user10961,brute force
user10961,greedy
user10961,implementation
user10961,sortings
user10961,strings
user10961,bitmasks
user10961,math
user10961,constructive algorithms
user10961,number theory
user10961,data structures
user10961,binary search
user10961,dp
user10961,combinatorics
user10961,two pointers
user10961,dfs and similar
user10961,dsu
user10961,trees
user10961,graphs
user1098,math
user1098,greedy
user1098,implementation
user1098,number theory
user1098,binary search
user1098,strings
user1098,constructive algorithms
user1098,dp
user1098,sortings
user1098,bitmasks
user1098,brute force
user1098,two pointers
user1098,data structures
user1098,trees
user1098,combinatorics
user1098,dfs and similar
user1098,graphs
user1098,dsu
user1098,unk
user1098,interactive
user10985,math
user10985,implementation
user10985,greedy
user10985,sortings
user10985,binary search
user10985,bitmasks
user10985,dp
user10985,brute force
user10985,number theory
user10985,strings
user10985,constructive algorithms
user10985,two pointers
user10985,graphs
user10985,dfs and similar
user10985,data structures
user10985,interactive
user10985,unk
user10985,trees
user10985,dsu
user10985,combinatorics
user1099,implementation
user1099,greedy
user1099,strings
user1099,data structures
user1099,brute force
user1099,dp
user1099,sortings
user1099,dfs and similar
user1099,bitmasks
user1099,math
user1099,constructive algorithms
user1099,binary search
user1099,number theory
user1099,graphs
user1099,combinatorics
user1099,trees
user1099,two pointers
user1099,unk
user1099,dsu
user1099,interactive
user10991,brute force
user10991,implementation
user10991,strings
user10991,math
user10991,sortings
user10991,greedy
user10991,dp
user10991,data structures
user10991,number theory
user10991,constructive algorithms
user10991,binary search
user10991,bitmasks
user10991,two pointers
user10991,dfs and similar
user10991,graphs
user10991,trees
user10991,combinatorics
user10991,interactive
user10991,unk
user10991,dsu
user10995,greedy
user10995,sortings
user10995,constructive algorithms
user10995,math
user10995,unk
user10995,implementation
user10995,strings
user10995,two pointers
user10995,combinatorics
user10995,bitmasks
user10995,binary search
user10995,brute force
user10995,dp
user10995,number theory
user10995,trees
user10995,dfs and similar
user10995,data structures
user10995,dsu
user10995,graphs
user10995,interactive
user10997,data structures
user10997,greedy
user10997,sortings
user10997,trees
user10997,math
user10997,dp
user10997,implementation
user10997,strings
user10997,dfs and similar
user10997,dsu
user10997,graphs
user10997,binary search
user10997,two pointers
user10997,brute force
user10997,bitmasks
user10997,number theory
user10997,constructive algorithms
user10997,combinatorics
user10997,interactive
user10998,binary search
user10998,constructive algorithms
user10998,greedy
user10998,implementation
user10998,math
user10998,brute force
user10998,dp
user10998,dfs and similar
user10998,trees
user10998,number theory
user10998,bitmasks
user10998,graphs
user10998,data structures
user110,brute force
user110,implementation
user110,strings
user110,math
user110,constructive algorithms
user110,greedy
user110,data structures
user110,dp
user110,sortings
user110,binary search
user110,number theory
user110,bitmasks
user110,dsu
user110,two pointers
user110,dfs and similar
user110,graphs
user110,combinatorics
user110,trees
user110,interactive
user11011,brute force
user11011,data structures
user11011,greedy
user11011,sortings
user11011,implementation
user11011,math
user11011,number theory
user11011,binary search
user11011,dp
user11011,two pointers
user11011,strings
user11011,combinatorics
user11011,constructive algorithms
user11011,bitmasks
user11011,dfs and similar
user11011,graphs
user11011,interactive
user11011,dsu
user11011,unk
user11011,trees
user11015,binary search
user11015,implementation
user11015,math
user11015,data structures
user11015,brute force
user11015,dp
user11015,greedy
user11015,two pointers
user11015,graphs
user11015,number theory
user11015,bitmasks
user11015,strings
user11018,data structures
user11018,implementation
user11018,brute force
user11018,math
user11018,constructive algorithms
user11018,greedy
user11018,number theory
user11018,two pointers
user11018,sortings
user11018,binary search
user1102,data structures
user1102,dfs and similar
user1102,dp
user1102,dsu
user1102,graphs
user1102,trees
user1102,greedy
user1102,math
user1102,sortings
user1102,implementation
user1102,number theory
user1102,brute force
user1102,constructive algorithms
user1102,binary search
user1102,strings
user1102,combinatorics
user1102,two pointers
user1102,bitmasks
user11020,greedy
user11020,math
user11020,number theory
user11020,implementation
user11020,sortings
user11020,strings
user11020,dfs and similar
user11020,dsu
user11020,graphs
user11020,trees
user11020,brute force
user11020,data structures
user11020,constructive algorithms
user11020,bitmasks
user11020,dp
user11020,binary search
user11020,two pointers
user11020,combinatorics
user11020,interactive
user11022,math
user11022,implementation
user11022,strings
user11022,two pointers
user11022,brute force
user11022,greedy
user11022,constructive algorithms
user11022,combinatorics
user11022,number theory
user11022,dp
user11022,sortings
user11022,data structures
user11022,bitmasks
user11022,binary search
user11022,dsu
user11022,dfs and similar
user11022,trees
user11022,graphs
user11022,interactive
user11028,brute force
user11028,implementation
user11028,data structures
user11028,greedy
user11028,sortings
user11028,constructive algorithms
user11028,math
user11028,strings
user11028,two pointers
user11028,number theory
user11028,binary search
user11028,dp
user11028,combinatorics
user11028,bitmasks
user11028,interactive
user11028,dsu
user11028,dfs and similar
user11028,graphs
user11028,trees
user11031,brute force
user11031,number theory
user11031,binary search
user11031,implementation
user11031,strings
user11031,math
user11031,data structures
user11031,sortings
user11031,two pointers
user11031,greedy
user11031,dp
user11031,constructive algorithms
user11031,bitmasks
user11031,graphs
user11031,combinatorics
user11031,dfs and similar
user11031,trees
user11031,unk
user11034,implementation
user11034,math
user11034,number theory
user11034,brute force
user11034,greedy
user11034,data structures
user11034,sortings
user11034,dp
user11034,constructive algorithms
user11034,binary search
user11034,two pointers
user11034,combinatorics
user11034,graphs
user11035,implementation
user11035,strings
user11035,greedy
user11035,data structures
user11035,brute force
user11035,bitmasks
user11035,math
user11035,number theory
user11035,constructive algorithms
user11035,graphs
user11035,combinatorics
user11035,dfs and similar
user11035,dsu
user11035,sortings
user11035,dp
user11035,binary search
user11035,two pointers
user11035,unk
user11035,trees
user11035,interactive
user11037,binary search
user11037,brute force
user11037,implementation
user11037,two pointers
user11037,math
user11037,number theory
user11037,sortings
user11037,unk
user11037,dp
user11037,greedy
user11037,constructive algorithms
user11037,data structures
user11037,dfs and similar
user11037,trees
user11037,strings
user11037,dsu
user11037,graphs
user11037,combinatorics
user11037,interactive
user11037,bitmasks
user11038,implementation
user11038,math
user11038,trees
user11038,data structures
user11038,dfs and similar
user11038,graphs
user11038,dp
user11038,greedy
user11038,constructive algorithms
user11038,binary search
user11038,sortings
user11038,strings
user11038,two pointers
user11038,brute force
user11038,number theory
user11038,interactive
user11038,dsu
user11038,combinatorics
user11038,bitmasks
user11038,unk
user11040,brute force
user11040,greedy
user11040,strings
user11040,implementation
user11040,math
user11040,dp
user11040,constructive algorithms
user11040,binary search
user11040,sortings
user11040,dfs and similar
user11040,graphs
user11040,data structures
user11040,number theory
user11040,bitmasks
user11040,two pointers
user11040,combinatorics
user11040,unk
user11040,trees
user11040,interactive
user11040,dsu
user11041,implementation
user11041,math
user11041,strings
user11041,two pointers
user11041,brute force
user11041,greedy
user11041,constructive algorithms
user11041,sortings
user11041,binary search
user11041,data structures
user11041,dp
user11041,bitmasks
user11041,number theory
user11041,dfs and similar
user11041,graphs
user11041,combinatorics
user11041,trees
user11041,dsu
user11041,interactive
user11042,brute force
user11042,implementation
user11042,strings
user11042,sortings
user11042,greedy
user11042,math
user11042,constructive algorithms
user11042,binary search
user11042,data structures
user11042,number theory
user11042,dp
user11042,bitmasks
user11042,dfs and similar
user11042,graphs
user11042,two pointers
user11042,trees
user11042,dsu
user11042,combinatorics
user11042,interactive
user11044,dp
user11044,math
user11044,brute force
user11044,constructive algorithms
user11044,strings
user11044,number theory
user11044,implementation
user11044,greedy
user11044,data structures
user11044,binary search
user11044,dfs and similar
user11044,graphs
user11044,trees
user11045,dp
user11045,greedy
user11045,math
user11045,brute force
user11045,data structures
user11045,number theory
user11045,sortings
user11045,implementation
user11045,constructive algorithms
user11045,binary search
user11045,dfs and similar
user11045,graphs
user11045,combinatorics
user11045,two pointers
user11054,greedy
user11054,math
user11054,dp
user11054,brute force
user11054,implementation
user11054,number theory
user11054,constructive algorithms
user11054,data structures
user11054,strings
user11054,bitmasks
user11054,sortings
user11054,binary search
user11054,two pointers
user11055,math
user11055,number theory
user11055,implementation
user11055,greedy
user11055,sortings
user11055,binary search
user11055,constructive algorithms
user11055,strings
user11055,brute force
user11055,data structures
user11055,dp
user11055,two pointers
user11055,dfs and similar
user11055,graphs
user11055,combinatorics
user11055,trees
user11055,dsu
user11056,implementation
user11056,strings
user11056,greedy
user11056,sortings
user11056,brute force
user11056,dp
user11056,math
user11056,constructive algorithms
user11056,bitmasks
user11056,dfs and similar
user11056,graphs
user11056,number theory
user11056,binary search
user11056,combinatorics
user11056,two pointers
user11056,data structures
user11056,trees
user11056,interactive
user11057,greedy
user11057,math
user11057,number theory
user11057,constructive algorithms
user11057,implementation
user11057,sortings
user11057,data structures
user11057,brute force
user11057,strings
user11057,dp
user11057,dfs and similar
user11057,graphs
user11057,two pointers
user11057,bitmasks
user11057,trees
user11057,binary search
user11057,dsu
user11057,combinatorics
user11057,interactive
user11059,greedy
user11059,math
user11059,sortings
user11059,brute force
user11059,implementation
user11059,strings
user11059,number theory
user11059,constructive algorithms
user11059,two pointers
user11059,data structures
user11059,binary search
user11059,dfs and similar
user11059,dp
user11059,bitmasks
user11059,combinatorics
user11059,trees
user11059,unk
user11059,interactive
user11059,dsu
user11059,graphs
user11062,math
user11062,greedy
user11062,implementation
user11062,dp
user11062,trees
user11062,binary search
user11062,constructive algorithms
user11062,graphs
user11062,brute force
user11062,sortings
user11062,strings
user11062,data structures
user11062,dfs and similar
user11064,binary search
user11064,brute force
user11064,implementation
user11064,two pointers
user11064,greedy
user11064,math
user11064,sortings
user11064,constructive algorithms
user11064,number theory
user11064,strings
user11064,dp
user11064,dfs and similar
user11064,graphs
user11064,data structures
user11064,combinatorics
user11064,dsu
user11064,bitmasks
user11064,interactive
user11071,math
user11071,greedy
user11074,sortings
user11074,brute force
user11074,greedy
user11074,implementation
user11074,math
user11074,strings
user11074,data structures
user11074,two pointers
user11074,bitmasks
user11074,combinatorics
user11074,trees
user11074,dfs and similar
user11074,dp
user11074,binary search
user11074,graphs
user11074,constructive algorithms
user11074,dsu
user11074,number theory
user11074,unk
user11074,interactive
user11075,constructive algorithms
user11075,graphs
user11075,math
user11075,number theory
user11075,binary search
user11075,data structures
user11075,implementation
user11075,sortings
user11075,brute force
user11075,dfs and similar
user11075,greedy
user11075,two pointers
user11075,combinatorics
user11075,strings
user11075,dp
user11075,bitmasks
user11075,trees
user11075,dsu
user11075,interactive
user11081,implementation
user11081,sortings
user11081,math
user11081,greedy
user11081,two pointers
user11081,strings
user11081,brute force
user11081,constructive algorithms
user11081,number theory
user11081,dp
user11081,bitmasks
user11081,combinatorics
user11081,binary search
user11081,data structures
user11081,dfs and similar
user11081,graphs
user11081,unk
user11081,interactive
user11081,dsu
user11081,trees
user11089,math
user11089,constructive algorithms
user11089,strings
user11089,greedy
user11089,number theory
user11089,brute force
user11089,implementation
user11089,dp
user11089,data structures
user11089,sortings
user11089,bitmasks
user11089,binary search
user11089,unk
user11089,two pointers
user11089,dfs and similar
user11089,dsu
user11089,graphs
user11089,combinatorics
user11089,trees
user11089,interactive
user11090,brute force
user11090,constructive algorithms
user11090,implementation
user11090,greedy
user11090,math
user11090,sortings
user11090,strings
user11090,combinatorics
user11090,dp
user11090,number theory
user11090,two pointers
user11090,data structures
user11090,bitmasks
user11090,binary search
user11090,dfs and similar
user11090,graphs
user11090,trees
user11090,interactive
user11095,greedy
user11095,implementation
user11095,math
user11095,brute force
user11095,dfs and similar
user11095,dp
user11095,bitmasks
user11095,constructive algorithms
user11095,data structures
user11095,sortings
user11095,strings
user11095,binary search
user11095,number theory
user11095,two pointers
user11095,graphs
user11095,trees
user11095,combinatorics
user11095,interactive
user11095,dsu
user11097,binary search
user11097,constructive algorithms
user11097,greedy
user11097,math
user11097,implementation
user11097,data structures
user11097,dp
user11097,two pointers
user11097,brute force
user11097,dfs and similar
user11097,number theory
user11097,sortings
user11097,strings
user11097,graphs
user11097,dsu
user11099,math
user11099,strings
user11099,brute force
user11099,implementation
user11099,greedy
user11099,two pointers
user11099,number theory
user11099,binary search
user11099,dp
user11099,constructive algorithms
user11099,data structures
user11099,sortings
user11099,combinatorics
user11099,graphs
user11099,bitmasks
user11099,dfs and similar
user11099,interactive
user111,constructive algorithms
user111,math
user111,number theory
user111,implementation
user111,brute force
user111,dp
user111,bitmasks
user111,greedy
user111,strings
user111,data structures
user111,sortings
user111,dfs and similar
user111,graphs
user111,two pointers
user111,binary search
user111,trees
user1110,bitmasks
user1110,math
user1110,greedy
user1110,sortings
user1110,two pointers
user1110,trees
user1110,dfs and similar
user1110,dp
user1110,implementation
user1110,brute force
user1110,strings
user1110,constructive algorithms
user1110,data structures
user1110,binary search
user1110,graphs
user1110,number theory
user1110,dsu
user1110,interactive
user11101,implementation
user11101,sortings
user11101,greedy
user11101,strings
user11101,data structures
user11101,constructive algorithms
user11101,math
user11101,brute force
user11101,combinatorics
user11101,number theory
user11101,bitmasks
user11101,binary search
user11101,two pointers
user11101,dp
user11101,dfs and similar
user11101,graphs
user11101,unk
user11101,dsu
user11101,trees
user11101,interactive
user11102,brute force
user11102,implementation
user11102,strings
user11102,data structures
user11102,greedy
user11102,sortings
user11102,constructive algorithms
user11102,dp
user11102,two pointers
user11102,math
user11102,binary search
user11102,number theory
user11102,dfs and similar
user11102,graphs
user11102,combinatorics
user11102,dsu
user11102,bitmasks
user11102,unk
user11102,interactive
user11102,trees
user11108,brute force
user11108,math
user11108,strings
user11108,implementation
user11108,constructive algorithms
user11108,data structures
user11108,greedy
user11108,sortings
user11108,number theory
user11108,dp
user11108,two pointers
user11108,binary search
user11108,bitmasks
user11108,trees
user11108,combinatorics
user11108,dsu
user11108,unk
user11108,dfs and similar
user11108,graphs
user11108,interactive
user11109,combinatorics
user11109,greedy
user11109,math
user11109,constructive algorithms
user11109,implementation
user11109,strings
user11109,two pointers
user11109,brute force
user11109,dp
user11109,sortings
user11109,bitmasks
user11109,binary search
user11109,number theory
user11109,data structures
user11109,dsu
user11109,graphs
user11109,dfs and similar
user11109,trees
user11109,interactive
user11110,brute force
user11110,implementation
user11110,math
user11110,strings
user11110,greedy
user11110,sortings
user11110,dp
user11110,number theory
user11110,data structures
user11110,binary search
user11110,bitmasks
user11110,dfs and similar
user11110,two pointers
user11110,constructive algorithms
user11110,graphs
user11110,trees
user11110,combinatorics
user11110,dsu
user11110,unk
user11110,interactive
user11125,implementation
user11125,math
user11125,constructive algorithms
user11125,number theory
user11125,greedy
user11125,sortings
user11125,two pointers
user11125,dfs and similar
user11125,brute force
user11125,graphs
user11125,data structures
user11125,dp
user11125,combinatorics
user11125,strings
user11125,binary search
user11125,bitmasks
user11125,dsu
user11125,trees
user11125,interactive
user1113,greedy
user1113,implementation
user1113,binary search
user1113,dp
user1113,graphs
user1113,brute force
user1113,math
user1113,number theory
user1113,constructive algorithms
user1113,sortings
user1113,strings
user1113,two pointers
user1113,combinatorics
user1113,data structures
user1113,unk
user1113,dfs and similar
user1113,trees
user1113,bitmasks
user1113,dsu
user1113,interactive
user11130,binary search
user11130,dp
user11130,greedy
user11130,sortings
user11130,two pointers
user11130,brute force
user11130,data structures
user11130,combinatorics
user11130,math
user11130,constructive algorithms
user11130,implementation
user11130,strings
user11130,bitmasks
user11130,trees
user11130,number theory
user11130,dfs and similar
user11130,graphs
user11132,constructive algorithms
user11132,greedy
user11132,sortings
user11132,brute force
user11132,implementation
user11132,binary search
user11132,math
user11132,number theory
user11132,bitmasks
user11132,dp
user11132,strings
user11132,data structures
user11132,combinatorics
user11132,two pointers
user11132,dfs and similar
user11132,trees
user11132,graphs
user11132,dsu
user11132,interactive
user11133,math
user11133,number theory
user11133,greedy
user11133,implementation
user11133,constructive algorithms
user11133,brute force
user11133,strings
user11133,sortings
user11133,data structures
user11133,binary search
user11133,two pointers
user11133,combinatorics
user11133,dp
user11133,bitmasks
user11133,trees
user11133,dfs and similar
user11133,dsu
user11133,graphs
user11133,interactive
user11134,implementation
user11134,brute force
user11134,math
user11134,constructive algorithms
user11134,greedy
user11134,number theory
user11134,sortings
user11134,binary search
user11134,strings
user11134,bitmasks
user11134,two pointers
user11134,graphs
user11134,dp
user11134,data structures
user11138,implementation
user11138,constructive algorithms
user11138,greedy
user11138,brute force
user11138,math
user11138,dp
user11138,dsu
user11138,graphs
user11138,sortings
user11138,data structures
user11138,two pointers
user11138,number theory
user11138,strings
user11138,binary search
user11138,trees
user11138,bitmasks
user11138,dfs and similar
user11142,math
user11142,combinatorics
user11142,greedy
user11142,implementation
user11142,strings
user11142,brute force
user11142,number theory
user11142,bitmasks
user11142,constructive algorithms
user11142,data structures
user11142,sortings
user11142,dp
user11142,binary search
user11142,two pointers
user11142,dfs and similar
user11142,graphs
user11142,unk
user11142,interactive
user11142,dsu
user11147,math
user11147,dfs and similar
user11147,implementation
user11147,binary search
user11147,sortings
user11147,strings
user11147,brute force
user11147,constructive algorithms
user11147,number theory
user11147,greedy
user11147,two pointers
user11147,combinatorics
user11147,dp
user11147,graphs
user11147,data structures
user11147,bitmasks
user11147,dsu
user11147,trees
user11147,interactive
user11148,implementation
user11148,strings
user11148,brute force
user11148,sortings
user11148,math
user11148,bitmasks
user11148,constructive algorithms
user11148,greedy
user11148,data structures
user11148,two pointers
user11148,dp
user11148,binary search
user11148,dfs and similar
user11148,dsu
user11148,graphs
user11148,unk
user11148,number theory
user11148,combinatorics
user11148,trees
user11148,interactive
user11149,brute force
user11149,math
user11149,constructive algorithms
user11149,greedy
user11149,number theory
user11149,implementation
user11149,combinatorics
user11149,graphs
user11149,dp
user11149,binary search
user11149,unk
user11149,sortings
user11149,two pointers
user11149,strings
user11149,data structures
user11149,dfs and similar
user11149,bitmasks
user11149,trees
user11149,dsu
user11149,interactive
user11152,brute force
user11152,dfs and similar
user11152,graphs
user11152,implementation
user11152,bitmasks
user11152,combinatorics
user11152,dp
user11152,math
user11152,greedy
user11152,sortings
user11152,dsu
user11152,binary search
user11152,number theory
user11152,unk
user11152,strings
user11152,constructive algorithms
user11152,data structures
user11152,two pointers
user11153,greedy
user11153,math
user11153,sortings
user11153,implementation
user11153,data structures
user11153,strings
user11153,dfs and similar
user11153,bitmasks
user11153,binary search
user11153,two pointers
user11153,constructive algorithms
user11153,brute force
user11153,dp
user11153,number theory
user11153,combinatorics
user11153,graphs
user11153,trees
user11153,dsu
user11153,interactive
user1116,dfs and similar
user1116,dp
user1116,dsu
user1116,graphs
user1116,implementation
user1116,sortings
user1116,unk
user1116,brute force
user1116,constructive algorithms
user1116,greedy
user1116,strings
user1116,data structures
user1116,math
user1116,trees
user1116,two pointers
user1116,bitmasks
user1116,binary search
user1116,number theory
user1116,combinatorics
user1116,interactive
user11161,math
user11161,constructive algorithms
user11161,dsu
user11161,implementation
user11161,dp
user11161,greedy
user11161,strings
user11161,binary search
user11161,sortings
user11161,two pointers
user11161,brute force
user11161,number theory
user11161,dfs and similar
user11161,combinatorics
user11161,bitmasks
user11161,data structures
user11161,graphs
user11161,trees
user11161,interactive
user11163,greedy
user11163,implementation
user11163,math
user11163,sortings
user11163,strings
user11163,brute force
user11163,number theory
user11163,bitmasks
user11163,dp
user11163,binary search
user11163,dfs and similar
user11163,two pointers
user11163,graphs
user11163,combinatorics
user11163,constructive algorithms
user11163,trees
user11163,data structures
user11163,dsu
user11163,interactive
user11164,binary search
user11164,implementation
user11164,math
user11164,constructive algorithms
user11164,data structures
user11164,dfs and similar
user11164,dp
user11164,graphs
user11164,greedy
user11164,two pointers
user11164,dsu
user11164,brute force
user11164,bitmasks
user11164,sortings
user11164,strings
user11164,combinatorics
user11164,number theory
user11164,trees
user11164,interactive
user11169,binary search
user11169,constructive algorithms
user11169,data structures
user11169,greedy
user11169,implementation
user11169,two pointers
user11169,brute force
user11169,math
user11169,sortings
user11169,bitmasks
user11169,dp
user11169,combinatorics
user11169,number theory
user11169,interactive
user11172,implementation
user11172,math
user11172,greedy
user11172,binary search
user11172,brute force
user11174,binary search
user11174,data structures
user11174,implementation
user11174,dp
user11174,math
user11174,unk
user11174,dfs and similar
user11174,two pointers
user11174,sortings
user11174,brute force
user11174,strings
user11174,combinatorics
user11174,graphs
user11174,greedy
user11174,dsu
user11174,trees
user11174,constructive algorithms
user11174,number theory
user11174,bitmasks
user11174,interactive
user11176,binary search
user11176,implementation
user11176,math
user11176,number theory
user11176,bitmasks
user11176,brute force
user11176,dp
user11176,strings
user11176,two pointers
user11176,constructive algorithms
user11176,greedy
user11176,sortings
user11176,data structures
user11176,dfs and similar
user11176,combinatorics
user11176,graphs
user11176,trees
user11176,interactive
user1118,binary search
user1118,data structures
user1118,dp
user1118,greedy
user1118,two pointers
user1118,math
user1118,bitmasks
user1118,constructive algorithms
user1118,brute force
user1118,implementation
user1118,number theory
user1118,combinatorics
user1118,dsu
user1118,sortings
user1118,strings
user1118,graphs
user1118,trees
user1118,dfs and similar
user1118,interactive
user11180,data structures
user11180,greedy
user11180,sortings
user11180,math
user11180,constructive algorithms
user11180,dp
user11180,brute force
user11180,number theory
user11180,binary search
user11180,two pointers
user11180,implementation
user11180,strings
user11180,combinatorics
user11180,unk
user11180,graphs
user11180,bitmasks
user11180,dsu
user11180,interactive
user11180,dfs and similar
user11180,trees
user11182,greedy
user11182,implementation
user11182,strings
user11182,brute force
user11182,dfs and similar
user11182,dp
user11182,sortings
user11182,math
user11182,constructive algorithms
user11182,number theory
user11182,data structures
user11182,binary search
user11182,two pointers
user11182,bitmasks
user11182,combinatorics
user11182,trees
user11182,dsu
user11182,graphs
user11182,interactive
user11185,brute force
user11185,data structures
user11185,greedy
user11185,two pointers
user11185,math
user11185,implementation
user11185,constructive algorithms
user11185,number theory
user11185,binary search
user11185,sortings
user11185,dp
user11185,dfs and similar
user11185,graphs
user11185,bitmasks
user11185,dsu
user11185,trees
user11188,greedy
user11188,unk
user11188,implementation
user11188,math
user11188,brute force
user11188,data structures
user11188,constructive algorithms
user11188,sortings
user11188,number theory
user11188,dp
user11188,strings
user11188,binary search
user11188,bitmasks
user11188,two pointers
user11188,dfs and similar
user11188,graphs
user11188,combinatorics
user11188,dsu
user11188,trees
user11188,interactive
user11189,greedy
user11189,brute force
user11189,data structures
user11189,dp
user11189,math
user11189,dsu
user11189,dfs and similar
user11189,trees
user1119,dp
user1119,graphs
user1119,sortings
user1119,constructive algorithms
user1119,brute force
user1119,greedy
user1119,math
user1119,implementation
user1119,strings
user1119,binary search
user1119,data structures
user1119,bitmasks
user1119,combinatorics
user1119,number theory
user1119,trees
user1119,dfs and similar
user1119,interactive
user1119,two pointers
user1119,unk
user1119,dsu
user11192,greedy
user11192,implementation
user11192,math
user11192,sortings
user11192,constructive algorithms
user11192,number theory
user11192,strings
user11192,two pointers
user11192,bitmasks
user11192,combinatorics
user11192,binary search
user11192,data structures
user11192,brute force
user11192,dfs and similar
user11192,dp
user11192,graphs
user11192,dsu
user11192,unk
user11192,trees
user11192,interactive
user11201,constructive algorithms
user11201,implementation
user11201,greedy
user11201,math
user11201,brute force
user11201,dp
user11201,sortings
user11201,bitmasks
user11201,data structures
user11201,strings
user11201,number theory
user11201,binary search
user11201,two pointers
user11201,dfs and similar
user11201,combinatorics
user11201,dsu
user11201,graphs
user11201,interactive
user11201,trees
user11202,implementation
user11202,greedy
user11202,constructive algorithms
user11202,data structures
user11202,brute force
user11202,strings
user11202,bitmasks
user11202,sortings
user11202,math
user11202,combinatorics
user11202,number theory
user11202,dp
user11202,dfs and similar
user11202,binary search
user11202,two pointers
user11202,dsu
user11202,graphs
user11202,trees
user11202,interactive
user11206,brute force
user11206,greedy
user11206,implementation
user11206,sortings
user11206,constructive algorithms
user11206,math
user11206,combinatorics
user11206,data structures
user11206,binary search
user11206,dp
user11206,dfs and similar
user11206,dsu
user11206,graphs
user11206,trees
user11208,brute force
user11208,greedy
user11208,math
user11208,binary search
user11208,two pointers
user11208,dp
user11208,constructive algorithms
user11208,unk
user11208,data structures
user11208,sortings
user11208,implementation
user11208,bitmasks
user11208,dfs and similar
user11208,dsu
user11208,strings
user11208,trees
user11208,graphs
user11208,number theory
user11208,combinatorics
user11208,interactive
user11212,constructive algorithms
user11212,sortings
user11212,math
user11212,implementation
user11212,greedy
user11212,binary search
user11212,strings
user11212,dp
user11212,combinatorics
user11212,two pointers
user11212,data structures
user11212,brute force
user11212,number theory
user11212,dfs and similar
user11212,graphs
user11212,dsu
user11212,trees
user11212,bitmasks
user11212,unk
user11215,brute force
user11215,greedy
user11215,implementation
user11215,math
user11215,strings
user11215,constructive algorithms
user11215,dp
user11215,dfs and similar
user11215,binary search
user11215,number theory
user11215,sortings
user11215,data structures
user11215,dsu
user11215,bitmasks
user11215,trees
user11215,graphs
user11215,two pointers
user11217,brute force
user11217,implementation
user11217,strings
user11217,greedy
user11217,binary search
user11217,data structures
user11217,math
user11217,number theory
user11217,two pointers
user11217,constructive algorithms
user11217,sortings
user11217,dsu
user11217,graphs
user11217,dfs and similar
user11217,dp
user11217,bitmasks
user11217,interactive
user11217,trees
user1122,combinatorics
user1122,math
user1122,brute force
user1122,data structures
user1122,dp
user1122,greedy
user1122,implementation
user1122,sortings
user1122,bitmasks
user1122,constructive algorithms
user1122,strings
user1122,number theory
user1122,dsu
user1122,graphs
user1122,dfs and similar
user1122,binary search
user1122,two pointers
user1122,unk
user1122,trees
user1122,interactive
user11224,greedy
user11224,constructive algorithms
user11224,math
user11224,brute force
user11224,dp
user11224,implementation
user11224,number theory
user11224,dfs and similar
user11224,graphs
user11224,trees
user11227,implementation
user11227,constructive algorithms
user11227,greedy
user11227,math
user11227,sortings
user11227,brute force
user11227,number theory
user11227,strings
user11227,two pointers
user11227,combinatorics
user11227,dp
user11227,binary search
user11227,data structures
user11227,bitmasks
user11227,dfs and similar
user11227,graphs
user11228,greedy
user11228,implementation
user11228,math
user11228,number theory
user11228,constructive algorithms
user11228,binary search
user11228,sortings
user11228,brute force
user11228,strings
user11228,data structures
user11228,bitmasks
user11228,two pointers
user11228,combinatorics
user11228,dp
user11230,constructive algorithms
user11230,greedy
user11230,implementation
user11230,math
user11230,sortings
user11230,number theory
user11230,two pointers
user11230,interactive
user11230,brute force
user11230,strings
user11230,combinatorics
user11230,data structures
user11230,dp
user11230,bitmasks
user11230,dfs and similar
user11230,graphs
user11230,binary search
user11230,dsu
user11230,unk
user11230,trees
user11236,implementation
user11236,strings
user11236,math
user11236,greedy
user11236,sortings
user11236,brute force
user11236,unk
user11236,number theory
user11236,constructive algorithms
user11236,combinatorics
user11236,graphs
user11236,binary search
user11236,two pointers
user11236,dp
user11236,bitmasks
user11236,interactive
user11236,data structures
user11236,dfs and similar
user11236,trees
user11236,dsu
user11244,constructive algorithms
user11244,greedy
user11244,math
user11244,brute force
user11244,implementation
user11244,strings
user11244,data structures
user11244,sortings
user11244,number theory
user11244,binary search
user11244,two pointers
user11244,combinatorics
user11244,dp
user11244,graphs
user11246,brute force
user11246,greedy
user11246,math
user11246,number theory
user11246,sortings
user11246,constructive algorithms
user11246,two pointers
user11246,bitmasks
user11246,combinatorics
user11246,dp
user11246,implementation
user11246,strings
user11246,binary search
user11246,data structures
user11246,dfs and similar
user11246,graphs
user11249,binary search
user11249,data structures
user11249,two pointers
user11249,math
user11249,constructive algorithms
user11249,dsu
user11249,implementation
user11249,strings
user11249,greedy
user11249,sortings
user11249,dp
user11249,brute force
user11249,dfs and similar
user11249,interactive
user11249,number theory
user11249,trees
user11249,bitmasks
user11249,graphs
user11249,combinatorics
user1125,implementation
user1125,math
user1125,greedy
user1125,binary search
user1125,dp
user11250,constructive algorithms
user11250,dsu
user11250,implementation
user11250,data structures
user11250,greedy
user11250,math
user11250,sortings
user11250,dp
user11250,brute force
user11250,binary search
user11250,trees
user11250,dfs and similar
user11250,two pointers
user11250,strings
user11250,number theory
user11250,combinatorics
user11250,bitmasks
user11250,graphs
user11253,implementation
user11253,strings
user11253,binary search
user11253,combinatorics
user11253,data structures
user11253,dp
user11253,sortings
user11253,brute force
user11253,greedy
user11253,constructive algorithms
user11253,math
user11253,two pointers
user11253,number theory
user11253,dfs and similar
user11253,trees
user11253,bitmasks
user11253,graphs
user11253,unk
user11253,dsu
user11253,interactive
user11258,constructive algorithms
user11258,greedy
user11258,binary search
user11258,dp
user11258,math
user11258,number theory
user11258,implementation
user11258,strings
user11258,brute force
user11258,graphs
user11258,unk
user11258,data structures
user11258,sortings
user11258,two pointers
user11258,dsu
user11258,bitmasks
user11258,combinatorics
user11258,trees
user11258,dfs and similar
user11260,binary search
user11260,brute force
user11260,greedy
user11260,math
user11260,implementation
user11260,number theory
user11260,dp
user11260,strings
user11260,constructive algorithms
user11260,unk
user11260,data structures
user11260,sortings
user11260,bitmasks
user11260,trees
user11260,combinatorics
user11260,two pointers
user11260,dfs and similar
user11260,graphs
user11260,dsu
user11260,interactive
user11261,brute force
user11261,implementation
user11261,greedy
user11261,sortings
user11261,strings
user11261,math
user11261,constructive algorithms
user11261,dsu
user11261,dp
user11261,binary search
user11261,two pointers
user11261,number theory
user11261,data structures
user11261,dfs and similar
user11261,combinatorics
user11261,trees
user11261,graphs
user11261,bitmasks
user11261,interactive
user11265,constructive algorithms
user11265,math
user11265,greedy
user11265,strings
user11265,brute force
user11265,combinatorics
user11265,sortings
user11265,number theory
user11265,data structures
user11265,implementation
user11265,dp
user11265,unk
user11265,binary search
user11265,two pointers
user11265,bitmasks
user11265,dfs and similar
user11265,graphs
user11265,trees
user11265,dsu
user11265,interactive
user11267,implementation
user11267,strings
user11267,constructive algorithms
user11267,data structures
user11267,dp
user11267,greedy
user11267,sortings
user11267,math
user11267,brute force
user11267,number theory
user11267,graphs
user11267,bitmasks
user11267,binary search
user11267,combinatorics
user11267,dfs and similar
user11267,dsu
user11267,trees
user11267,two pointers
user11267,interactive
user11268,bitmasks
user11268,data structures
user11268,math
user11268,sortings
user11268,strings
user11268,trees
user11268,greedy
user11268,implementation
user11268,constructive algorithms
user11268,brute force
user11268,dfs and similar
user11268,dp
user11268,graphs
user11268,two pointers
user11268,combinatorics
user11268,number theory
user11268,binary search
user11268,dsu
user11268,interactive
user11272,binary search
user11272,brute force
user11272,greedy
user11272,implementation
user11272,data structures
user11272,strings
user11272,constructive algorithms
user11272,math
user11272,combinatorics
user11272,number theory
user11272,bitmasks
user11272,sortings
user11272,dp
user11272,two pointers
user11272,dfs and similar
user11272,dsu
user11272,graphs
user11272,trees
user11272,interactive
user11275,dp
user11275,implementation
user11275,constructive algorithms
user11275,greedy
user11275,binary search
user11275,math
user11275,brute force
user11275,sortings
user11275,number theory
user11275,data structures
user11275,two pointers
user11275,graphs
user11275,strings
user11275,bitmasks
user11276,brute force
user11276,constructive algorithms
user11276,implementation
user11276,sortings
user11276,strings
user11276,math
user11276,greedy
user11276,number theory
user11276,data structures
user11276,dp
user11276,two pointers
user11276,dfs and similar
user11276,trees
user11276,bitmasks
user11276,graphs
user11276,binary search
user11276,combinatorics
user11276,unk
user11276,dsu
user11276,interactive
user11277,binary search
user11277,implementation
user11277,two pointers
user11277,math
user11277,greedy
user11277,dp
user11277,sortings
user11277,strings
user11277,data structures
user11277,dsu
user11277,graphs
user11277,dfs and similar
user11277,trees
user11277,bitmasks
user11277,constructive algorithms
user11277,brute force
user11277,number theory
user11277,unk
user11277,combinatorics
user11277,interactive
user1128,data structures
user1128,dsu
user1128,greedy
user1128,sortings
user1128,graphs
user1128,dfs and similar
user1128,math
user1128,number theory
user1128,brute force
user1128,dp
user1128,implementation
user1128,constructive algorithms
user1128,strings
user1128,two pointers
user1128,combinatorics
user1128,binary search
user1128,trees
user1128,interactive
user1128,bitmasks
user11287,math
user11287,dp
user11287,greedy
user11287,binary search
user11287,number theory
user11287,brute force
user11287,data structures
user11287,implementation
user11287,constructive algorithms
user11287,dsu
user11287,two pointers
user11287,sortings
user11289,implementation
user11289,math
user11289,greedy
user11289,sortings
user11289,brute force
user11289,number theory
user11289,constructive algorithms
user11289,graphs
user11289,strings
user11289,dp
user11289,data structures
user11289,binary search
user11289,bitmasks
user11289,combinatorics
user11289,two pointers
user1129,constructive algorithms
user1129,implementation
user1129,math
user1129,binary search
user1129,data structures
user1129,greedy
user1129,brute force
user1129,bitmasks
user1129,strings
user1129,dfs and similar
user1129,dp
user1129,number theory
user1129,graphs
user1129,trees
user1129,dsu
user11294,greedy
user11294,binary search
user11294,constructive algorithms
user11294,math
user11294,number theory
user11294,brute force
user11294,dp
user11294,strings
user11294,unk
user11294,implementation
user11294,sortings
user11294,bitmasks
user11294,data structures
user11294,graphs
user11294,combinatorics
user11294,two pointers
user11294,dfs and similar
user11294,trees
user11294,dsu
user11294,interactive
user11297,constructive algorithms
user11297,greedy
user11297,bitmasks
user11297,implementation
user11297,brute force
user11297,number theory
user11297,strings
user11297,math
user11297,data structures
user11297,sortings
user11297,two pointers
user11297,dp
user11297,binary search
user11297,combinatorics
user11297,dfs and similar
user11297,graphs
user11297,interactive
user11297,dsu
user11297,trees
user11297,unk
user11298,constructive algorithms
user11298,greedy
user11298,math
user11298,implementation
user11298,data structures
user11298,brute force
user11298,strings
user11298,sortings
user11298,number theory
user11298,dp
user11298,bitmasks
user11298,dfs and similar
user11298,graphs
user11298,two pointers
user11298,dsu
user11298,binary search
user11298,combinatorics
user11298,trees
user11298,interactive
user11299,unk
user11299,data structures
user11299,greedy
user11299,implementation
user11299,math
user11299,brute force
user11299,number theory
user11299,interactive
user11299,trees
user11299,dp
user11299,constructive algorithms
user11299,strings
user11299,sortings
user11299,bitmasks
user11299,dfs and similar
user11299,binary search
user11299,two pointers
user11299,combinatorics
user11299,graphs
user11299,dsu
user11304,implementation
user11304,greedy
user11304,math
user11304,brute force
user11304,constructive algorithms
user11304,number theory
user11304,bitmasks
user11304,dp
user11304,sortings
user11304,data structures
user11304,binary search
user11304,dfs and similar
user11304,two pointers
user11304,trees
user11304,graphs
user11304,interactive
user11305,brute force
user11305,implementation
user11305,math
user11305,bitmasks
user11305,dfs and similar
user11305,dp
user11305,greedy
user11305,sortings
user11305,two pointers
user11305,constructive algorithms
user11305,number theory
user11305,data structures
user11305,graphs
user11305,binary search
user11305,combinatorics
user11305,strings
user11305,trees
user11305,dsu
user11305,interactive
user11307,implementation
user11307,strings
user11307,two pointers
user11307,bitmasks
user11307,combinatorics
user11307,math
user11307,binary search
user11307,greedy
user11307,sortings
user11307,data structures
user11307,brute force
user11307,dfs and similar
user11307,dp
user11307,graphs
user11307,constructive algorithms
user11307,unk
user11307,trees
user11307,number theory
user11307,dsu
user11307,interactive
user11312,dp
user11312,brute force
user11312,math
user11312,number theory
user11312,greedy
user11312,binary search
user11312,constructive algorithms
user11312,sortings
user11312,combinatorics
user11312,strings
user11312,dfs and similar
user11312,graphs
user11312,data structures
user11312,two pointers
user11314,implementation
user11314,math
user11314,binary search
user11314,sortings
user11314,dp
user11314,greedy
user11314,constructive algorithms
user11314,dsu
user11314,data structures
user11314,dfs and similar
user11314,number theory
user11314,trees
user11314,brute force
user11314,strings
user11314,combinatorics
user11314,bitmasks
user11314,two pointers
user11314,graphs
user11315,implementation
user11315,math
user11315,brute force
user11315,greedy
user11315,sortings
user11315,constructive algorithms
user11315,strings
user11315,two pointers
user11315,bitmasks
user11315,combinatorics
user11315,data structures
user11315,binary search
user11315,dp
user11315,trees
user11315,dfs and similar
user11315,graphs
user11315,number theory
user11315,dsu
user11315,interactive
user11316,greedy
user11316,math
user11316,number theory
user11316,constructive algorithms
user11316,implementation
user11316,sortings
user11316,brute force
user11316,strings
user11316,data structures
user11316,dfs and similar
user11316,graphs
user11316,bitmasks
user11316,dp
user11316,binary search
user11316,dsu
user11316,combinatorics
user11319,implementation
user11319,data structures
user11319,math
user11319,brute force
user11319,dsu
user11319,number theory
user11319,dfs and similar
user11319,graphs
user11319,trees
user11319,constructive algorithms
user11319,two pointers
user11319,greedy
user11319,dp
user11319,binary search
user11319,interactive
user11319,bitmasks
user11319,sortings
user11319,combinatorics
user11319,strings
user11319,unk
user11323,data structures
user11323,greedy
user11323,implementation
user11323,math
user11323,number theory
user11323,sortings
user11323,two pointers
user11323,binary search
user11323,strings
user11323,constructive algorithms
user11323,dp
user11323,brute force
user11323,unk
user11323,graphs
user11323,combinatorics
user11323,bitmasks
user11323,dfs and similar
user11323,dsu
user11323,interactive
user11323,trees
user11324,greedy
user11324,brute force
user11324,math
user11324,data structures
user11324,dp
user11327,constructive algorithms
user11327,math
user11327,sortings
user11327,binary search
user11327,greedy
user11327,brute force
user11327,implementation
user11327,unk
user11327,combinatorics
user11327,strings
user11327,data structures
user11327,two pointers
user11327,dp
user11327,number theory
user11327,bitmasks
user11327,dfs and similar
user11327,trees
user11327,interactive
user11327,graphs
user11327,dsu
user11331,brute force
user11331,data structures
user11331,constructive algorithms
user11331,dp
user11331,math
user11331,implementation
user11331,sortings
user11331,unk
user11331,greedy
user11331,binary search
user11331,bitmasks
user11331,strings
user11331,number theory
user11331,dfs and similar
user11331,graphs
user11331,two pointers
user11331,interactive
user11331,combinatorics
user11331,dsu
user11331,trees
user11332,brute force
user11332,greedy
user11332,math
user11332,number theory
user11332,constructive algorithms
user11332,graphs
user11332,implementation
user11332,binary search
user11332,two pointers
user11332,strings
user11332,dp
user11332,data structures
user11332,dfs and similar
user11332,dsu
user11332,trees
user11332,sortings
user11332,bitmasks
user11332,combinatorics
user11333,brute force
user11333,math
user11333,constructive algorithms
user11333,greedy
user11333,combinatorics
user11333,dp
user11333,data structures
user11333,bitmasks
user11333,strings
user11333,binary search
user11333,sortings
user11333,implementation
user11333,dfs and similar
user11333,graphs
user11333,unk
user11333,trees
user11333,number theory
user11333,two pointers
user11333,dsu
user11333,interactive
user11334,greedy
user11334,sortings
user11334,two pointers
user11334,constructive algorithms
user11334,strings
user11334,number theory
user11334,binary search
user11334,implementation
user11334,dp
user11334,data structures
user11334,brute force
user11334,math
user11334,dfs and similar
user11334,graphs
user11334,trees
user11334,bitmasks
user11334,combinatorics
user11334,dsu
user11336,dp
user11336,implementation
user11336,sortings
user11336,brute force
user11336,math
user11336,number theory
user11336,greedy
user11336,binary search
user11336,constructive algorithms
user11338,greedy
user11338,implementation
user11338,brute force
user11338,constructive algorithms
user11338,math
user11338,number theory
user1134,implementation
user1134,math
user1134,greedy
user1134,binary search
user1134,brute force
user1134,number theory
user1134,constructive algorithms
user1134,strings
user1134,dp
user1134,sortings
user1134,dfs and similar
user1134,data structures
user1134,combinatorics
user1134,bitmasks
user1134,graphs
user1134,two pointers
user1134,dsu
user1134,interactive
user1134,trees
user11340,binary search
user11340,greedy
user11340,implementation
user11340,strings
user11340,math
user11340,sortings
user11340,constructive algorithms
user11340,brute force
user11340,number theory
user11340,data structures
user11340,dfs and similar
user11340,dsu
user11340,graphs
user11340,combinatorics
user11340,interactive
user11340,dp
user11340,two pointers
user11340,trees
user11340,bitmasks
user11343,implementation
user11343,math
user11343,greedy
user11343,sortings
user11343,strings
user11343,brute force
user11343,constructive algorithms
user11343,dp
user11343,graphs
user11343,two pointers
user11343,number theory
user11343,data structures
user11343,unk
user11343,binary search
user11343,combinatorics
user11343,dfs and similar
user11343,bitmasks
user11343,trees
user11343,interactive
user11343,dsu
user11347,greedy
user11347,math
user11347,brute force
user11347,dp
user11347,implementation
user11347,sortings
user11347,number theory
user11347,constructive algorithms
user11347,data structures
user11347,binary search
user11347,bitmasks
user11347,combinatorics
user11347,strings
user11347,two pointers
user11347,trees
user11347,dfs and similar
user11347,graphs
user11347,dsu
user11347,interactive
user11347,unk
user1135,constructive algorithms
user1135,implementation
user1135,math
user1135,brute force
user1135,greedy
user1135,binary search
user1135,sortings
user1135,strings
user1135,two pointers
user1135,number theory
user1135,dp
user1135,data structures
user1135,graphs
user1135,interactive
user1135,combinatorics
user11351,math
user11351,implementation
user11351,greedy
user11351,strings
user11351,constructive algorithms
user11351,brute force
user11351,data structures
user11351,dfs and similar
user11351,graphs
user11351,number theory
user11351,bitmasks
user11351,dp
user11351,binary search
user11351,sortings
user11351,dsu
user11351,combinatorics
user11351,two pointers
user11351,trees
user11351,interactive
user11356,math
user11356,data structures
user11358,implementation
user11358,greedy
user11358,math
user11358,sortings
user11358,brute force
user11358,dp
user11358,strings
user11358,bitmasks
user11358,constructive algorithms
user11358,combinatorics
user11358,data structures
user11358,binary search
user11358,dfs and similar
user11358,two pointers
user11358,number theory
user11358,trees
user11358,dsu
user11358,graphs
user11358,unk
user11358,interactive
user11363,implementation
user11363,math
user11363,greedy
user11363,sortings
user11363,brute force
user11363,dp
user11363,strings
user11363,bitmasks
user11363,constructive algorithms
user11363,binary search
user11363,number theory
user11363,two pointers
user11363,combinatorics
user11363,data structures
user11363,graphs
user11363,dsu
user11363,dfs and similar
user11363,trees
user11363,interactive
user11367,constructive algorithms
user11367,sortings
user11367,data structures
user11367,greedy
user11367,math
user11367,binary search
user11367,implementation
user11367,brute force
user11367,number theory
user11367,two pointers
user11367,strings
user11367,dfs and similar
user11367,graphs
user11367,trees
user11367,dp
user11367,bitmasks
user11367,combinatorics
user11367,dsu
user11367,interactive
user11372,constructive algorithms
user11372,sortings
user11372,greedy
user11372,math
user11372,implementation
user11372,strings
user11372,data structures
user11372,brute force
user11372,number theory
user11372,combinatorics
user11372,binary search
user11372,two pointers
user11372,dp
user11372,dfs and similar
user11372,graphs
user11372,trees
user11372,dsu
user11372,bitmasks
user11373,constructive algorithms
user11373,implementation
user11373,sortings
user11373,greedy
user11373,math
user11373,data structures
user11373,strings
user11373,binary search
user11373,two pointers
user11373,brute force
user11373,dp
user11373,bitmasks
user11373,graphs
user11373,dsu
user11374,brute force
user11374,math
user11374,dp
user11374,greedy
user11374,strings
user11374,constructive algorithms
user11374,implementation
user11374,graphs
user11374,unk
user11374,dfs and similar
user11374,number theory
user11374,bitmasks
user11374,two pointers
user11374,binary search
user11374,sortings
user11374,dsu
user11374,trees
user11374,data structures
user11374,combinatorics
user11374,interactive
user11376,brute force
user11376,implementation
user11376,number theory
user11376,strings
user11376,math
user11376,dp
user11376,greedy
user11376,constructive algorithms
user11376,data structures
user11376,sortings
user11376,two pointers
user11376,combinatorics
user11376,binary search
user11376,bitmasks
user11376,trees
user11376,dfs and similar
user11376,unk
user11376,graphs
user11376,dsu
user11376,interactive
user11381,brute force
user11381,greedy
user11381,constructive algorithms
user11381,math
user11381,strings
user11381,number theory
user11381,sortings
user11381,implementation
user11381,bitmasks
user11381,two pointers
user11381,data structures
user11381,binary search
user11381,interactive
user11381,dp
user11381,graphs
user11381,combinatorics
user11381,dfs and similar
user11381,dsu
user11381,trees
user11382,dp
user11382,math
user11382,number theory
user11382,brute force
user11382,greedy
user11382,implementation
user11382,dfs and similar
user11382,dsu
user11382,graphs
user11382,trees
user11382,strings
user11382,constructive algorithms
user11382,data structures
user11382,combinatorics
user11382,binary search
user11382,bitmasks
user11384,combinatorics
user11384,strings
user11384,dfs and similar
user11384,dp
user11384,greedy
user11384,implementation
user11384,math
user11384,constructive algorithms
user11384,graphs
user11384,trees
user11384,two pointers
user11384,binary search
user11384,data structures
user11384,number theory
user11384,brute force
user11384,interactive
user11384,bitmasks
user11384,unk
user11384,sortings
user11384,dsu
user11385,greedy
user11385,implementation
user11385,strings
user11385,constructive algorithms
user11385,brute force
user11385,data structures
user11385,dp
user11385,bitmasks
user11385,sortings
user11385,math
user11385,binary search
user11385,two pointers
user11385,number theory
user11385,combinatorics
user11385,dsu
user11385,graphs
user11385,dfs and similar
user11385,trees
user11385,interactive
user11389,greedy
user11389,implementation
user11389,bitmasks
user11389,math
user11389,brute force
user11389,dp
user11389,strings
user11389,constructive algorithms
user11389,data structures
user11389,two pointers
user11389,combinatorics
user11389,graphs
user11389,dfs and similar
user11389,sortings
user11389,unk
user11389,binary search
user11389,number theory
user11389,trees
user11389,dsu
user1139,brute force
user1139,math
user1139,implementation
user1139,dp
user1139,two pointers
user1139,constructive algorithms
user1139,greedy
user1139,binary search
user1139,data structures
user1139,sortings
user1139,dfs and similar
user1139,graphs
user1139,bitmasks
user1139,number theory
user1139,trees
user11394,constructive algorithms
user11394,implementation
user11394,binary search
user11394,math
user11394,sortings
user11394,data structures
user11394,two pointers
user11394,strings
user11394,greedy
user11394,brute force
user11394,bitmasks
user11394,dp
user11394,number theory
user11394,graphs
user11397,greedy
user11397,math
user11397,brute force
user11397,constructive algorithms
user11397,implementation
user11397,number theory
user11397,data structures
user11397,dp
user11397,binary search
user11397,graphs
user11397,trees
user11406,brute force
user11406,implementation
user11406,math
user11406,constructive algorithms
user11406,greedy
user11406,strings
user11406,two pointers
user11406,number theory
user11406,sortings
user11406,data structures
user11406,bitmasks
user11406,dfs and similar
user11406,dp
user11406,combinatorics
user11406,binary search
user11406,unk
user11406,trees
user11406,graphs
user11406,dsu
user11406,interactive
user11407,greedy
user11407,math
user11407,sortings
user11407,two pointers
user11407,brute force
user11407,constructive algorithms
user11407,binary search
user11407,implementation
user11407,strings
user11407,data structures
user11407,dp
user11407,combinatorics
user11407,number theory
user11407,bitmasks
user11407,dfs and similar
user11407,graphs
user11407,interactive
user11411,math
user11411,number theory
user11411,brute force
user11411,data structures
user11411,greedy
user11411,sortings
user11411,implementation
user11411,bitmasks
user11411,dp
user11411,strings
user11411,trees
user11411,two pointers
user11411,dfs and similar
user11411,binary search
user11411,constructive algorithms
user11411,graphs
user11411,dsu
user11411,interactive
user11411,combinatorics
user11411,unk
user11418,implementation
user11418,strings
user11418,constructive algorithms
user11418,math
user11418,brute force
user11418,dfs and similar
user11418,dp
user11418,greedy
user11418,sortings
user11418,two pointers
user11418,data structures
user11418,number theory
user11418,binary search
user11418,combinatorics
user11418,dsu
user11418,graphs
user11418,trees
user11418,unk
user11418,bitmasks
user11418,interactive
user1142,binary search
user1142,implementation
user1142,math
user1142,brute force
user1142,number theory
user1142,dfs and similar
user1142,graphs
user1142,sortings
user1142,trees
user1142,constructive algorithms
user1142,dp
user1142,greedy
user1142,bitmasks
user1142,data structures
user1142,unk
user1142,combinatorics
user1142,two pointers
user1142,dsu
user1142,strings
user1142,interactive
user11423,greedy
user11423,sortings
user11423,brute force
user11423,implementation
user11423,math
user11423,dfs and similar
user11423,graphs
user11423,trees
user11423,number theory
user11423,binary search
user11423,dp
user11423,two pointers
user11423,constructive algorithms
user11423,data structures
user11423,dsu
user11427,math
user11427,binary search
user11427,data structures
user11427,greedy
user11427,implementation
user11427,sortings
user11427,strings
user11427,constructive algorithms
user11427,combinatorics
user11427,bitmasks
user11427,brute force
user11427,two pointers
user11427,number theory
user11427,trees
user11427,dp
user11427,dfs and similar
user11427,dsu
user11427,graphs
user11427,interactive
user1143,implementation
user1143,constructive algorithms
user1143,math
user1143,brute force
user1143,strings
user1143,greedy
user1143,data structures
user1143,dfs and similar
user1143,binary search
user1143,sortings
user1143,graphs
user1143,bitmasks
user1143,dp
user1143,number theory
user1143,two pointers
user1143,trees
user1143,unk
user11433,implementation
user11433,greedy
user11433,sortings
user11433,brute force
user11433,constructive algorithms
user11433,math
user11433,number theory
user11433,binary search
user11433,dfs and similar
user11433,dp
user11433,strings
user11433,data structures
user11433,two pointers
user11433,dsu
user11433,graphs
user11433,interactive
user11434,strings
user11434,dp
user11434,math
user11434,data structures
user11434,greedy
user11434,unk
user11434,constructive algorithms
user11434,implementation
user11434,sortings
user11434,brute force
user11434,binary search
user11434,two pointers
user11434,dfs and similar
user11434,trees
user11434,bitmasks
user11434,number theory
user11434,combinatorics
user11434,dsu
user11434,graphs
user11434,interactive
user11437,implementation
user11437,math
user11437,binary search
user11437,strings
user11437,brute force
user11437,greedy
user11437,sortings
user11437,two pointers
user11437,constructive algorithms
user11437,dp
user11437,data structures
user11437,dfs and similar
user11437,graphs
user11437,combinatorics
user11437,number theory
user11437,bitmasks
user11437,trees
user11437,dsu
user11439,brute force
user11439,implementation
user11439,data structures
user11439,greedy
user11439,math
user11439,number theory
user11439,sortings
user11439,binary search
user11443,bitmasks
user11443,binary search
user11443,implementation
user11443,brute force
user11443,dp
user11443,strings
user11443,constructive algorithms
user11443,greedy
user11443,math
user11443,data structures
user11443,sortings
user11443,two pointers
user11443,number theory
user11443,dfs and similar
user11443,unk
user11443,graphs
user11443,combinatorics
user11443,dsu
user11443,trees
user11443,interactive
user11444,math
user11444,implementation
user11444,constructive algorithms
user11444,number theory
user11444,bitmasks
user11444,brute force
user11444,greedy
user11444,dp
user11444,sortings
user11444,binary search
user11444,strings
user11444,two pointers
user11444,combinatorics
user11444,dfs and similar
user11444,dsu
user11444,graphs
user11444,data structures
user11444,unk
user11444,trees
user11444,interactive
user11448,greedy
user11448,implementation
user11448,two pointers
user11448,binary search
user11448,math
user11448,number theory
user11448,brute force
user11448,constructive algorithms
user11448,sortings
user11448,strings
user11448,combinatorics
user11448,dp
user11448,data structures
user11448,bitmasks
user11448,dfs and similar
user11448,graphs
user11448,trees
user11448,dsu
user11448,unk
user11448,interactive
user1145,greedy
user1145,sortings
user1145,math
user1145,implementation
user1145,brute force
user1145,strings
user1145,constructive algorithms
user1145,data structures
user1145,number theory
user1145,combinatorics
user1145,dsu
user1145,bitmasks
user1145,dp
user1145,binary search
user1145,dfs and similar
user1145,two pointers
user1145,graphs
user1145,trees
user11451,binary search
user11451,greedy
user11451,sortings
user11451,math
user11451,number theory
user11451,strings
user11451,implementation
user11451,data structures
user11451,two pointers
user11451,bitmasks
user11451,constructive algorithms
user11451,brute force
user11451,dfs and similar
user11451,graphs
user11451,dp
user11451,trees
user11451,combinatorics
user11451,unk
user11451,dsu
user11451,interactive
user11454,brute force
user11454,math
user11454,number theory
user11454,implementation
user11454,strings
user11454,two pointers
user11454,greedy
user11454,data structures
user11454,constructive algorithms
user11454,dfs and similar
user11454,graphs
user11454,sortings
user11454,binary search
user11454,bitmasks
user11454,dp
user11454,combinatorics
user1146,greedy
user1146,math
user1146,brute force
user1146,implementation
user1146,number theory
user1146,constructive algorithms
user1146,sortings
user1146,strings
user1146,dp
user1146,data structures
user1146,binary search
user1146,combinatorics
user1146,two pointers
user1146,trees
user1146,bitmasks
user1146,dsu
user1146,dfs and similar
user1146,graphs
user1146,interactive
user11462,math
user11462,greedy
user11462,implementation
user11462,strings
user11462,sortings
user11462,brute force
user11462,constructive algorithms
user11462,number theory
user11462,dp
user11462,binary search
user11462,data structures
user11462,two pointers
user11462,combinatorics
user11462,bitmasks
user11462,dfs and similar
user11462,graphs
user11462,trees
user11462,interactive
user11463,brute force
user11463,math
user11463,bitmasks
user11463,dp
user11463,greedy
user11463,sortings
user11463,data structures
user11463,implementation
user11463,constructive algorithms
user11463,strings
user11463,number theory
user11463,binary search
user11463,combinatorics
user11463,graphs
user11463,two pointers
user11463,dfs and similar
user11463,trees
user11463,dsu
user11466,brute force
user11466,math
user11466,strings
user11466,greedy
user11466,implementation
user11466,data structures
user11466,number theory
user11466,sortings
user11466,constructive algorithms
user11466,dp
user11466,binary search
user11466,trees
user11466,two pointers
user11466,dfs and similar
user11466,graphs
user11466,dsu
user11468,brute force
user11468,math
user11468,strings
user11468,greedy
user11468,implementation
user11468,constructive algorithms
user11468,sortings
user11468,binary search
user11468,data structures
user11468,two pointers
user11468,number theory
user11468,bitmasks
user11468,dp
user11468,dsu
user11468,graphs
user11468,interactive
user11468,dfs and similar
user11468,trees
user11468,combinatorics
user11469,constructive algorithms
user11469,math
user11469,greedy
user11469,combinatorics
user11469,dp
user11469,strings
user11469,data structures
user11469,dsu
user11469,sortings
user11469,brute force
user11469,implementation
user11469,two pointers
user11469,bitmasks
user11469,number theory
user11469,graphs
user11469,binary search
user11469,dfs and similar
user11469,trees
user11469,interactive
user11471,implementation
user11471,math
user11471,greedy
user11471,sortings
user11471,strings
user11471,binary search
user11471,two pointers
user11471,brute force
user11471,number theory
user11471,dp
user11471,constructive algorithms
user11471,data structures
user11471,bitmasks
user11471,dfs and similar
user11471,interactive
user11472,brute force
user11472,dfs and similar
user11472,dp
user11472,implementation
user11472,greedy
user11472,constructive algorithms
user11472,math
user11472,graphs
user11472,sortings
user11472,strings
user11472,two pointers
user11472,combinatorics
user11472,bitmasks
user11472,number theory
user11472,binary search
user11472,data structures
user11472,unk
user11472,interactive
user11474,combinatorics
user11474,math
user11474,implementation
user11474,strings
user11474,brute force
user11474,data structures
user11474,dfs and similar
user11474,dp
user11474,greedy
user11474,sortings
user11474,two pointers
user11474,constructive algorithms
user11474,bitmasks
user11474,binary search
user11474,graphs
user11474,interactive
user11474,dsu
user11474,number theory
user11474,trees
user11474,unk
user11475,dp
user11475,graphs
user11475,implementation
user11475,number theory
user11475,sortings
user11475,constructive algorithms
user11475,greedy
user11475,brute force
user11475,binary search
user11475,math
user11475,combinatorics
user11475,strings
user11475,unk
user11475,dfs and similar
user11475,data structures
user11475,bitmasks
user11475,two pointers
user11475,interactive
user11475,trees
user11475,dsu
user11476,math
user11476,strings
user11476,greedy
user11476,brute force
user11476,two pointers
user11476,implementation
user11476,constructive algorithms
user11476,dp
user11476,number theory
user11476,graphs
user11476,sortings
user11476,trees
user11476,binary search
user11476,dfs and similar
user11476,bitmasks
user11476,dsu
user11477,constructive algorithms
user11477,math
user11477,number theory
user11477,greedy
user11477,dp
user11477,implementation
user11477,strings
user11477,binary search
user11477,data structures
user11477,sortings
user11477,combinatorics
user11477,brute force
user11477,two pointers
user11477,dsu
user11477,dfs and similar
user11477,graphs
user11477,trees
user11477,bitmasks
user11477,interactive
user1148,constructive algorithms
user1148,math
user1148,number theory
user1148,implementation
user1148,data structures
user1148,strings
user1148,greedy
user1148,brute force
user1148,combinatorics
user1148,dp
user1148,sortings
user1148,two pointers
user1148,bitmasks
user1148,binary search
user1148,unk
user1148,dfs and similar
user1148,graphs
user1148,dsu
user1148,trees
user1148,interactive
user11480,brute force
user11480,data structures
user11480,implementation
user11480,number theory
user11480,dp
user11480,binary search
user11480,sortings
user11480,two pointers
user11480,greedy
user11480,math
user11480,graphs
user11480,constructive algorithms
user11480,strings
user11480,combinatorics
user11480,dsu
user11480,dfs and similar
user11480,unk
user11480,bitmasks
user11480,interactive
user11480,trees
user11482,implementation
user11482,greedy
user11482,math
user11482,strings
user11482,brute force
user11482,constructive algorithms
user11482,binary search
user11482,sortings
user11482,data structures
user11482,dp
user11482,number theory
user11482,bitmasks
user11482,combinatorics
user11482,dfs and similar
user11482,graphs
user11482,two pointers
user11482,dsu
user11482,interactive
user11482,trees
user11485,implementation
user11485,constructive algorithms
user11485,greedy
user11485,sortings
user11485,bitmasks
user11485,brute force
user11485,dp
user11485,data structures
user11485,dfs and similar
user11485,trees
user11485,math
user11485,graphs
user11485,two pointers
user11485,number theory
user11485,binary search
user11485,strings
user11485,combinatorics
user11485,dsu
user11488,constructive algorithms
user11488,greedy
user11488,brute force
user11488,math
user11488,number theory
user11488,binary search
user11488,bitmasks
user11488,interactive
user11488,sortings
user11488,two pointers
user11488,data structures
user11488,combinatorics
user11488,dp
user11488,implementation
user11488,strings
user11488,dfs and similar
user11488,graphs
user11488,trees
user11488,dsu
user11488,unk
user11489,constructive algorithms
user11489,math
user11489,dp
user11489,greedy
user11489,data structures
user11489,dfs and similar
user11489,implementation
user11489,strings
user11489,trees
user11489,graphs
user11489,sortings
user11489,two pointers
user11489,brute force
user11489,bitmasks
user11489,combinatorics
user11489,number theory
user11489,binary search
user11489,dsu
user11489,unk
user11489,interactive
user1149,implementation
user1149,math
user1149,dp
user1149,number theory
user1149,data structures
user1149,greedy
user1149,binary search
user1149,constructive algorithms
user1149,strings
user1149,graphs
user1149,brute force
user1149,combinatorics
user1149,dfs and similar
user11491,data structures
user11491,math
user11491,sortings
user11491,implementation
user11491,strings
user11491,brute force
user11491,greedy
user11491,bitmasks
user11491,binary search
user11491,combinatorics
user11491,constructive algorithms
user11491,number theory
user11491,dp
user11491,two pointers
user11491,dfs and similar
user11491,dsu
user11491,graphs
user11491,trees
user11491,interactive
user11491,unk
user11494,brute force
user11494,greedy
user11494,math
user11494,dp
user11494,implementation
user11494,sortings
user11494,number theory
user11494,constructive algorithms
user11494,unk
user11494,strings
user11494,binary search
user11494,data structures
user11494,two pointers
user11494,bitmasks
user11494,dfs and similar
user11494,graphs
user11494,trees
user11494,combinatorics
user11494,dsu
user11494,interactive
user11496,constructive algorithms
user11496,binary search
user11496,brute force
user11496,greedy
user11496,math
user11496,number theory
user11496,data structures
user11496,dp
user11496,implementation
user11496,strings
user11496,trees
user11496,sortings
user11496,dfs and similar
user11496,graphs
user11496,combinatorics
user11496,two pointers
user11496,dsu
user11496,bitmasks
user11497,brute force
user11497,greedy
user11497,math
user11497,strings
user11497,implementation
user11497,sortings
user11497,constructive algorithms
user11497,dp
user11497,two pointers
user11497,binary search
user11497,data structures
user11497,number theory
user11497,combinatorics
user11497,bitmasks
user11497,dfs and similar
user11497,dsu
user11497,graphs
user11497,unk
user11497,trees
user11497,interactive
user115,constructive algorithms
user115,greedy
user115,math
user115,number theory
user115,brute force
user115,sortings
user115,implementation
user115,strings
user115,data structures
user115,two pointers
user115,dp
user115,graphs
user115,combinatorics
user115,unk
user115,binary search
user115,bitmasks
user115,dfs and similar
user115,dsu
user115,trees
user115,interactive
user11504,brute force
user11504,math
user11504,implementation
user11504,binary search
user11504,greedy
user11504,sortings
user11504,constructive algorithms
user11504,data structures
user11504,number theory
user11504,two pointers
user11504,dp
user11504,strings
user11504,combinatorics
user11504,dfs and similar
user11504,graphs
user11504,dsu
user11504,trees
user11518,brute force
user11518,dp
user11518,implementation
user11518,binary search
user11518,constructive algorithms
user11518,math
user11518,greedy
user11518,sortings
user11518,data structures
user11518,strings
user11518,number theory
user11518,dfs and similar
user11518,graphs
user11518,two pointers
user11518,dsu
user11518,trees
user11523,dp
user11523,greedy
user11523,math
user11523,implementation
user11523,strings
user11523,brute force
user11523,sortings
user11523,number theory
user11523,data structures
user11523,constructive algorithms
user11523,two pointers
user11523,bitmasks
user11523,combinatorics
user11523,trees
user11523,binary search
user11523,unk
user11523,dfs and similar
user11523,graphs
user11523,dsu
user11523,interactive
user11524,implementation
user11524,greedy
user11524,sortings
user11524,binary search
user11524,math
user11524,number theory
user11524,brute force
user11524,dp
user11524,strings
user11524,two pointers
user11524,bitmasks
user11524,dfs and similar
user11524,constructive algorithms
user11524,combinatorics
user11524,graphs
user11524,data structures
user11524,unk
user11524,trees
user11524,dsu
user11524,interactive
user11528,math
user11528,implementation
user11528,brute force
user11528,dp
user11528,greedy
user11528,two pointers
user11528,sortings
user11528,constructive algorithms
user11528,strings
user11528,binary search
user11528,number theory
user11528,data structures
user11528,combinatorics
user11528,dfs and similar
user11528,graphs
user11528,trees
user11529,brute force
user11529,greedy
user11529,math
user11529,combinatorics
user11529,data structures
user11529,dp
user11529,strings
user11529,constructive algorithms
user11529,number theory
user11529,implementation
user11529,sortings
user11529,unk
user11529,binary search
user11529,bitmasks
user11529,dfs and similar
user11529,dsu
user11529,graphs
user11529,two pointers
user11529,interactive
user11529,trees
user11530,math
user11530,greedy
user11530,strings
user11530,constructive algorithms
user11530,implementation
user11530,sortings
user11530,binary search
user11530,two pointers
user11530,data structures
user11530,brute force
user11530,bitmasks
user11530,number theory
user11530,dp
user11530,dsu
user11530,unk
user11530,combinatorics
user11530,dfs and similar
user11530,trees
user11530,graphs
user11530,interactive
user11531,brute force
user11531,dp
user11531,greedy
user11531,math
user11531,binary search
user11531,data structures
user11531,two pointers
user11531,number theory
user11531,implementation
user11531,graphs
user11531,bitmasks
user11531,sortings
user11531,combinatorics
user11531,strings
user11531,constructive algorithms
user11531,dfs and similar
user11531,trees
user11533,constructive algorithms
user11533,math
user11533,brute force
user11533,combinatorics
user11533,data structures
user11533,dp
user11533,strings
user11533,implementation
user11533,greedy
user11533,sortings
user11533,number theory
user11533,binary search
user11533,dfs and similar
user11533,graphs
user11533,two pointers
user11533,bitmasks
user11533,dsu
user11533,trees
user11533,interactive
user11536,dp
user11536,graphs
user11536,greedy
user11536,strings
user11536,constructive algorithms
user11536,implementation
user11536,math
user11536,bitmasks
user11536,sortings
user11536,dfs and similar
user11536,interactive
user11536,trees
user11536,brute force
user11536,binary search
user11536,data structures
user11536,two pointers
user11536,number theory
user11536,combinatorics
user11539,math
user11539,binary search
user11539,brute force
user11539,dp
user11539,greedy
user11539,strings
user11539,implementation
user11539,constructive algorithms
user11539,sortings
user11539,data structures
user11539,graphs
user11539,number theory
user11539,two pointers
user11539,dfs and similar
user11539,trees
user11539,unk
user11539,combinatorics
user11539,dsu
user11539,bitmasks
user11540,greedy
user11540,brute force
user11540,strings
user11540,implementation
user11540,math
user11540,number theory
user11540,binary search
user11540,dp
user11540,two pointers
user11540,sortings
user11540,constructive algorithms
user11540,data structures
user11540,graphs
user11540,dfs and similar
user11540,trees
user11540,bitmasks
user11540,combinatorics
user11540,interactive
user11540,dsu
user11544,implementation
user11544,sortings
user11544,greedy
user11544,strings
user11544,brute force
user11544,math
user11544,bitmasks
user11544,constructive algorithms
user11544,data structures
user11544,number theory
user11544,dp
user11544,two pointers
user11544,combinatorics
user11544,binary search
user11544,dfs and similar
user11544,graphs
user11544,dsu
user11544,unk
user11544,trees
user11544,interactive
user11552,implementation
user11552,bitmasks
user11552,greedy
user11552,brute force
user11552,constructive algorithms
user11552,sortings
user11552,math
user11552,strings
user11552,dp
user11552,data structures
user11552,two pointers
user11552,number theory
user11552,binary search
user11552,dfs and similar
user11552,combinatorics
user11552,graphs
user11552,trees
user11552,dsu
user11553,math
user11553,binary search
user11553,greedy
user11553,implementation
user11553,brute force
user11553,constructive algorithms
user11553,data structures
user11553,sortings
user11553,combinatorics
user11553,number theory
user11553,unk
user11553,two pointers
user11553,strings
user11553,dp
user11553,bitmasks
user11553,graphs
user11553,trees
user11553,dsu
user11553,dfs and similar
user11553,interactive
user11558,math
user11558,dp
user11558,bitmasks
user11558,greedy
user11558,binary search
user11558,two pointers
user11558,dfs and similar
user11558,graphs
user11558,trees
user11558,strings
user11558,data structures
user11558,constructive algorithms
user11558,implementation
user11558,unk
user11558,combinatorics
user11558,number theory
user11558,sortings
user11558,brute force
user11558,interactive
user11558,dsu
user1156,constructive algorithms
user1156,greedy
user1156,brute force
user1156,implementation
user1156,binary search
user1156,strings
user1156,dp
user1156,sortings
user1156,unk
user1156,data structures
user1156,math
user1156,bitmasks
user1156,number theory
user1156,dfs and similar
user1156,graphs
user1156,two pointers
user1156,trees
user1156,dsu
user11560,math
user11560,constructive algorithms
user11560,binary search
user11560,greedy
user11560,implementation
user11560,sortings
user11560,brute force
user11560,dp
user11560,two pointers
user11560,data structures
user11560,number theory
user11560,strings
user11560,trees
user11560,interactive
user11560,bitmasks
user11560,combinatorics
user11560,graphs
user11560,dfs and similar
user11560,dsu
user11564,greedy
user11564,unk
user11564,brute force
user11564,constructive algorithms
user11564,sortings
user11564,two pointers
user11564,dp
user11564,implementation
user11564,math
user11564,data structures
user11564,trees
user11564,graphs
user11564,binary search
user11564,number theory
user11564,bitmasks
user11564,dfs and similar
user11564,dsu
user11568,greedy
user11568,implementation
user11568,math
user11568,binary search
user11568,data structures
user11568,dp
user11568,sortings
user11568,brute force
user11568,number theory
user11568,constructive algorithms
user11568,strings
user11568,interactive
user11568,bitmasks
user11568,dfs and similar
user11568,graphs
user11568,trees
user11568,combinatorics
user11568,dsu
user11568,two pointers
user1157,brute force
user1157,constructive algorithms
user1157,math
user1157,number theory
user1157,dp
user1157,sortings
user1157,greedy
user1157,implementation
user1157,strings
user1157,bitmasks
user1157,binary search
user1157,data structures
user1157,graphs
user1157,two pointers
user1157,combinatorics
user1157,dfs and similar
user11570,brute force
user11570,dp
user11570,greedy
user11570,number theory
user11570,two pointers
user11570,constructive algorithms
user11570,implementation
user11570,math
user11570,strings
user11570,binary search
user11570,data structures
user11570,sortings
user11570,dfs and similar
user11570,graphs
user11570,trees
user11570,bitmasks
user11570,combinatorics
user11570,dsu
user11570,interactive
user11576,implementation
user11576,brute force
user11576,greedy
user11576,math
user11576,strings
user11576,number theory
user11576,dp
user11576,constructive algorithms
user11576,bitmasks
user11576,sortings
user11576,binary search
user11576,data structures
user11576,two pointers
user11576,dfs and similar
user11576,graphs
user11576,combinatorics
user11576,unk
user11576,dsu
user11576,trees
user11576,interactive
user11577,bitmasks
user11577,greedy
user11577,math
user11577,brute force
user11577,sortings
user11577,dp
user11577,constructive algorithms
user11577,implementation
user11577,dfs and similar
user11577,number theory
user11577,strings
user11577,binary search
user11577,data structures
user11577,two pointers
user11577,graphs
user11577,combinatorics
user1158,data structures
user1158,greedy
user1158,math
user1158,implementation
user1158,sortings
user1158,brute force
user1158,strings
user1158,binary search
user1158,two pointers
user1158,number theory
user1158,combinatorics
user1158,constructive algorithms
user1158,bitmasks
user1158,trees
user1158,unk
user1158,dfs and similar
user1158,graphs
user1158,dsu
user1158,dp
user1158,interactive
user11580,math
user11580,greedy
user11580,implementation
user11580,constructive algorithms
user11580,binary search
user11581,brute force
user11581,implementation
user11581,strings
user11581,constructive algorithms
user11581,data structures
user11581,greedy
user11581,math
user11581,number theory
user11581,two pointers
user11581,dp
user11581,sortings
user11581,binary search
user11581,dfs and similar
user11583,brute force
user11583,math
user11583,implementation
user11583,greedy
user11583,number theory
user11583,dp
user11583,strings
user11583,constructive algorithms
user11583,binary search
user11583,sortings
user11583,data structures
user11583,graphs
user11583,two pointers
user11583,combinatorics
user11583,dfs and similar
user11583,trees
user11586,math
user11586,greedy
user11586,implementation
user11586,strings
user11586,sortings
user11586,brute force
user11586,bitmasks
user11586,constructive algorithms
user11586,number theory
user11586,data structures
user11586,binary search
user11586,graphs
user11586,two pointers
user11586,dp
user11586,combinatorics
user11586,dfs and similar
user11586,dsu
user11586,interactive
user11586,trees
user11587,math
user11587,number theory
user11587,brute force
user11587,data structures
user11587,greedy
user11587,sortings
user11587,constructive algorithms
user11587,binary search
user11587,implementation
user11587,two pointers
user11587,combinatorics
user11587,dp
user11587,strings
user11587,bitmasks
user11587,dfs and similar
user11587,graphs
user11587,trees
user11587,unk
user11587,interactive
user11587,dsu
user11590,greedy
user11590,strings
user11590,implementation
user11590,sortings
user11590,number theory
user11590,math
user11590,brute force
user11590,constructive algorithms
user11590,dp
user11590,bitmasks
user11590,binary search
user11590,two pointers
user11590,data structures
user11590,dfs and similar
user11590,graphs
user11590,combinatorics
user11590,dsu
user11590,trees
user11591,greedy
user11591,implementation
user11591,two pointers
user11591,dfs and similar
user11591,dp
user11591,sortings
user11591,math
user11591,binary search
user11591,graphs
user11591,trees
user11591,strings
user11591,brute force
user11591,number theory
user11591,constructive algorithms
user11591,data structures
user11591,bitmasks
user11591,combinatorics
user11591,dsu
user11593,math
user11593,dp
user11593,brute force
user11593,data structures
user11593,greedy
user11593,number theory
user11593,sortings
user11593,implementation
user11593,two pointers
user11593,constructive algorithms
user11593,dfs and similar
user11593,dsu
user11593,graphs
user11593,bitmasks
user11593,strings
user11593,binary search
user11593,combinatorics
user11593,trees
user11593,interactive
user11595,math
user11595,brute force
user11595,greedy
user11595,implementation
user11595,binary search
user11595,constructive algorithms
user11595,strings
user11595,number theory
user11595,dp
user11595,sortings
user11595,combinatorics
user11595,data structures
user11595,bitmasks
user11595,dfs and similar
user11595,graphs
user11595,two pointers
user11595,dsu
user11595,trees
user11596,implementation
user11596,math
user11596,number theory
user11596,strings
user11596,sortings
user11596,binary search
user11596,bitmasks
user11596,brute force
user11596,dp
user11596,greedy
user11596,two pointers
user11596,constructive algorithms
user11596,graphs
user11596,data structures
user11596,dfs and similar
user11596,dsu
user11596,trees
user11597,constructive algorithms
user11597,math
user11597,greedy
user11597,brute force
user11597,number theory
user11597,strings
user11597,data structures
user11597,implementation
user11597,sortings
user11597,combinatorics
user11597,dp
user11597,binary search
user11597,two pointers
user11597,bitmasks
user11597,dfs and similar
user11597,graphs
user11597,trees
user11597,dsu
user11600,constructive algorithms
user11600,bitmasks
user11600,math
user11600,brute force
user11600,greedy
user11600,implementation
user11600,sortings
user11600,data structures
user11600,dfs and similar
user11600,number theory
user11600,trees
user11600,binary search
user11600,two pointers
user11600,interactive
user11600,dp
user11600,combinatorics
user11600,graphs
user11600,dsu
user11601,constructive algorithms
user11601,data structures
user11601,dfs and similar
user11601,graphs
user11601,implementation
user11601,math
user11601,dp
user11601,greedy
user11601,sortings
user11601,two pointers
user11601,strings
user11601,binary search
user11601,bitmasks
user11601,brute force
user11601,trees
user11601,dsu
user11601,combinatorics
user11601,number theory
user11601,interactive
user11605,binary search
user11605,greedy
user11605,math
user11605,brute force
user11605,constructive algorithms
user11605,strings
user11605,implementation
user11605,data structures
user11605,number theory
user11605,dp
user11605,sortings
user11605,bitmasks
user11605,combinatorics
user11605,dfs and similar
user11605,graphs
user11605,two pointers
user11605,trees
user11605,dsu
user11606,implementation
user11606,strings
user11606,constructive algorithms
user11606,bitmasks
user11606,greedy
user11606,brute force
user11606,dfs and similar
user11606,dp
user11606,dsu
user11606,graphs
user11606,number theory
user11606,sortings
user11606,math
user11606,two pointers
user11606,data structures
user11606,binary search
user11606,combinatorics
user11606,unk
user11606,interactive
user11609,greedy
user11609,sortings
user11609,implementation
user11609,brute force
user11609,number theory
user11609,math
user11609,constructive algorithms
user11609,dp
user11609,strings
user11609,graphs
user11609,binary search
user11609,combinatorics
user11609,data structures
user11609,two pointers
user11609,bitmasks
user11609,dsu
user11609,dfs and similar
user11609,trees
user11609,unk
user11609,interactive
user11610,dp
user11610,greedy
user11610,brute force
user11610,math
user11610,implementation
user11610,two pointers
user11610,constructive algorithms
user11610,combinatorics
user11610,strings
user11610,data structures
user11610,sortings
user11610,binary search
user11610,number theory
user11610,bitmasks
user11619,constructive algorithms
user11619,implementation
user11619,brute force
user11619,strings
user11619,math
user11619,greedy
user11619,sortings
user11619,binary search
user11619,number theory
user11619,bitmasks
user11619,data structures
user11619,two pointers
user11619,dp
user11619,combinatorics
user11619,dsu
user11619,dfs and similar
user11619,trees
user11619,unk
user11619,graphs
user11619,interactive
user11625,greedy
user11625,math
user11625,dp
user11625,binary search
user11625,combinatorics
user11625,constructive algorithms
user11625,number theory
user11625,brute force
user11625,sortings
user11625,two pointers
user11625,data structures
user11625,implementation
user11625,bitmasks
user11625,strings
user11625,dfs and similar
user11625,trees
user11625,graphs
user11625,dsu
user11625,interactive
user11625,unk
user11628,math
user11628,implementation
user11628,brute force
user11628,number theory
user11628,greedy
user11628,dp
user11628,data structures
user11629,brute force
user11629,implementation
user11629,strings
user11629,data structures
user11629,constructive algorithms
user11629,dfs and similar
user11629,dp
user11629,dsu
user11629,graphs
user11629,math
user11629,greedy
user11629,sortings
user11629,combinatorics
user11629,number theory
user11629,bitmasks
user11629,binary search
user11629,trees
user11629,two pointers
user1163,binary search
user1163,implementation
user1163,brute force
user1163,greedy
user1163,math
user1163,constructive algorithms
user1163,strings
user1163,sortings
user1163,two pointers
user1163,data structures
user1163,dp
user1163,number theory
user1163,combinatorics
user1163,unk
user1163,trees
user1163,bitmasks
user1163,dfs and similar
user1163,dsu
user1163,graphs
user1163,interactive
user11630,implementation
user11630,strings
user11630,greedy
user11630,data structures
user11630,constructive algorithms
user11630,math
user11630,binary search
user11630,brute force
user11630,number theory
user11630,bitmasks
user11630,dp
user11630,two pointers
user11630,unk
user11630,combinatorics
user11630,dsu
user11630,graphs
user11630,sortings
user11630,dfs and similar
user11630,trees
user11630,interactive
user11633,math
user11633,greedy
user11633,dp
user11633,brute force
user11633,constructive algorithms
user11634,data structures
user11634,math
user11634,sortings
user11634,graphs
user11634,implementation
user11634,strings
user11634,brute force
user11634,greedy
user11634,constructive algorithms
user11634,two pointers
user11634,number theory
user11634,binary search
user11634,dp
user11634,dfs and similar
user11634,dsu
user11634,interactive
user11634,trees
user11634,bitmasks
user11636,data structures
user11636,sortings
user11636,implementation
user11636,greedy
user11636,math
user11636,brute force
user11636,constructive algorithms
user11636,binary search
user11636,number theory
user11636,dp
user11636,two pointers
user11636,bitmasks
user11636,combinatorics
user11636,graphs
user11636,dfs and similar
user11636,trees
user11636,dsu
user11637,greedy
user11637,unk
user11637,constructive algorithms
user11637,math
user11637,number theory
user11637,implementation
user11637,sortings
user11637,brute force
user11637,strings
user11637,data structures
user11637,dp
user11637,binary search
user11637,bitmasks
user11637,dsu
user11637,combinatorics
user11637,two pointers
user11637,dfs and similar
user11637,trees
user11637,graphs
user11637,interactive
user1164,implementation
user1164,greedy
user1164,sortings
user1164,brute force
user1164,math
user1164,number theory
user1164,constructive algorithms
user1164,graphs
user1164,two pointers
user1164,binary search
user1164,data structures
user1164,dp
user1164,dsu
user11645,dfs and similar
user11645,dp
user11645,greedy
user11645,implementation
user11645,two pointers
user11645,math
user11645,data structures
user11645,strings
user11645,constructive algorithms
user11645,sortings
user11645,brute force
user11645,binary search
user11645,number theory
user11645,graphs
user11645,bitmasks
user11645,combinatorics
user11645,unk
user11645,dsu
user11645,trees
user11645,interactive
user11646,constructive algorithms
user11646,greedy
user11646,brute force
user11646,implementation
user11646,bitmasks
user11646,math
user11646,dp
user11646,binary search
user11646,sortings
user11646,number theory
user11646,combinatorics
user11646,data structures
user11646,dfs and similar
user11646,dsu
user11646,trees
user11646,graphs
user11646,two pointers
user11646,strings
user11646,interactive
user11647,constructive algorithms
user11647,greedy
user11647,math
user11647,brute force
user11647,implementation
user11647,sortings
user11647,number theory
user11647,binary search
user11647,data structures
user11647,strings
user11647,dp
user11647,graphs
user11647,trees
user11647,two pointers
user11647,combinatorics
user11647,dfs and similar
user11647,bitmasks
user11647,dsu
user11647,interactive
user11648,graphs
user11648,sortings
user11648,binary search
user11648,bitmasks
user11648,brute force
user11648,dp
user11648,math
user11648,greedy
user11648,strings
user11648,constructive algorithms
user11648,data structures
user11648,dsu
user11648,two pointers
user11648,implementation
user11648,dfs and similar
user11648,trees
user11648,number theory
user11648,combinatorics
user11648,unk
user11648,interactive
user1165,implementation
user1165,greedy
user1165,number theory
user1165,data structures
user1165,math
user1165,strings
user1165,brute force
user1165,dfs and similar
user1165,graphs
user1165,trees
user1165,dp
user1165,two pointers
user1165,binary search
user1165,combinatorics
user1165,constructive algorithms
user1165,sortings
user1165,bitmasks
user1165,dsu
user1165,interactive
user11650,math
user11650,data structures
user11650,dp
user11650,number theory
user11650,sortings
user11650,two pointers
user11650,brute force
user11650,constructive algorithms
user11650,greedy
user11650,implementation
user11650,binary search
user11650,strings
user11650,graphs
user11650,bitmasks
user11650,combinatorics
user11650,interactive
user11661,greedy
user11661,binary search
user11661,brute force
user11661,implementation
user11661,two pointers
user11661,strings
user11661,constructive algorithms
user11661,data structures
user11661,sortings
user11661,math
user11661,dp
user11661,graphs
user11661,dfs and similar
user11661,trees
user11661,dsu
user11661,bitmasks
user11661,combinatorics
user11661,number theory
user11661,interactive
user11662,implementation
user11662,math
user11662,sortings
user11662,data structures
user11662,brute force
user11662,dp
user11662,greedy
user11662,constructive algorithms
user11662,two pointers
user11662,binary search
user11666,math
user11666,number theory
user11666,brute force
user11666,data structures
user11666,greedy
user11666,sortings
user11666,constructive algorithms
user11666,implementation
user11666,binary search
user11666,combinatorics
user11666,dp
user11666,strings
user11666,trees
user11666,graphs
user11666,two pointers
user11666,bitmasks
user11666,unk
user11666,dsu
user11666,dfs and similar
user11666,interactive
user11668,math
user11668,implementation
user11668,strings
user11668,brute force
user11668,greedy
user11668,dp
user11668,sortings
user11668,constructive algorithms
user11668,dfs and similar
user11668,graphs
user11668,binary search
user11668,bitmasks
user11668,two pointers
user11668,data structures
user11668,number theory
user11668,combinatorics
user11668,trees
user11668,dsu
user11668,interactive
user11672,greedy
user11672,math
user11672,strings
user11672,implementation
user11672,combinatorics
user11672,brute force
user11672,constructive algorithms
user11672,unk
user11672,sortings
user11672,two pointers
user11672,bitmasks
user11672,trees
user11672,dfs and similar
user11672,dp
user11672,number theory
user11672,binary search
user11672,data structures
user11672,interactive
user11672,dsu
user11672,graphs
user11673,dfs and similar
user11673,dp
user11677,brute force
user11677,implementation
user11677,strings
user11677,data structures
user11677,constructive algorithms
user11677,greedy
user11677,math
user11677,sortings
user11677,unk
user11677,dp
user11677,dsu
user11677,graphs
user11677,two pointers
user11677,number theory
user11677,binary search
user11677,bitmasks
user11677,combinatorics
user11677,dfs and similar
user11677,interactive
user11677,trees
user11687,data structures
user11687,dp
user11687,strings
user11687,constructive algorithms
user11687,greedy
user11687,math
user11687,dfs and similar
user11687,implementation
user11687,brute force
user11687,sortings
user11687,binary search
user11687,number theory
user11687,trees
user11693,implementation
user11693,math
user11693,constructive algorithms
user11693,greedy
user11693,brute force
user11693,graphs
user11693,sortings
user11693,dp
user11693,strings
user11693,number theory
user11693,combinatorics
user11693,binary search
user11693,data structures
user11693,unk
user11693,two pointers
user11693,dfs and similar
user11693,trees
user11693,bitmasks
user11693,interactive
user11693,dsu
user11694,brute force
user11694,implementation
user11694,constructive algorithms
user11694,graphs
user11694,strings
user11694,binary search
user11694,dp
user11694,greedy
user11694,combinatorics
user11694,sortings
user11694,two pointers
user11694,math
user11694,number theory
user11694,dfs and similar
user11694,trees
user11694,data structures
user11694,bitmasks
user11694,dsu
user11695,greedy
user11695,math
user11695,constructive algorithms
user11695,number theory
user11695,implementation
user11695,data structures
user11695,sortings
user11695,brute force
user11695,strings
user11695,unk
user11695,combinatorics
user11695,two pointers
user11695,bitmasks
user11695,trees
user11695,dp
user11695,binary search
user11695,graphs
user11695,dfs and similar
user11695,dsu
user11695,interactive
user11697,greedy
user11697,constructive algorithms
user11697,combinatorics
user11697,dp
user11697,math
user11697,bitmasks
user11697,brute force
user11697,unk
user11697,binary search
user11697,sortings
user11697,number theory
user11697,implementation
user11697,strings
user11697,data structures
user11697,two pointers
user11697,dfs and similar
user11697,graphs
user11697,trees
user11697,dsu
user11697,interactive
user1170,brute force
user1170,math
user1170,binary search
user1170,dp
user1170,implementation
user1170,constructive algorithms
user1170,sortings
user1170,data structures
user1170,number theory
user1170,greedy
user1170,strings
user1170,two pointers
user1170,bitmasks
user1170,dfs and similar
user1170,graphs
user1170,combinatorics
user1170,dsu
user1170,trees
user1170,interactive
user11704,implementation
user11704,dp
user11704,greedy
user11704,dfs and similar
user11704,graphs
user11704,bitmasks
user11704,binary search
user11704,strings
user11704,math
user11704,brute force
user11704,sortings
user11704,two pointers
user11704,data structures
user11704,constructive algorithms
user11704,number theory
user11704,dsu
user11704,combinatorics
user11704,trees
user11704,interactive
user11705,graphs
user11705,greedy
user11705,implementation
user11705,brute force
user11705,constructive algorithms
user11705,math
user11705,binary search
user11705,sortings
user11705,two pointers
user11705,dp
user11705,combinatorics
user11705,data structures
user11705,dfs and similar
user11705,strings
user11705,number theory
user11705,trees
user11705,interactive
user11706,brute force
user11706,sortings
user11706,greedy
user11706,implementation
user11706,dp
user11706,data structures
user11706,constructive algorithms
user11706,strings
user11706,math
user11706,combinatorics
user11706,number theory
user11706,dsu
user11706,bitmasks
user11706,binary search
user11706,interactive
user11706,unk
user11706,dfs and similar
user11706,trees
user11706,graphs
user11706,two pointers
user11708,greedy
user11708,implementation
user11708,sortings
user11708,constructive algorithms
user11708,strings
user11708,math
user11708,two pointers
user11708,brute force
user11708,number theory
user11708,graphs
user11708,dfs and similar
user11708,dsu
user11708,binary search
user11708,interactive
user11708,combinatorics
user11708,dp
user11708,bitmasks
user11708,data structures
user11708,trees
user11710,implementation
user11710,math
user11710,brute force
user11710,greedy
user11710,strings
user11710,sortings
user11710,number theory
user11710,constructive algorithms
user11710,binary search
user11710,combinatorics
user11710,dp
user11710,data structures
user11710,two pointers
user11710,dsu
user11710,graphs
user11710,unk
user11710,trees
user11710,dfs and similar
user11710,bitmasks
user11710,interactive
user11714,greedy
user11714,math
user11714,number theory
user11714,implementation
user11714,brute force
user11714,constructive algorithms
user11714,combinatorics
user11714,sortings
user11714,strings
user11714,two pointers
user11714,data structures
user11714,graphs
user11714,bitmasks
user11714,binary search
user11714,dp
user11714,trees
user11714,dfs and similar
user11714,dsu
user11714,unk
user11714,interactive
user11716,math
user11716,implementation
user11716,greedy
user11716,binary search
user11716,sortings
user11716,brute force
user11716,dp
user11716,data structures
user11716,two pointers
user11716,dfs and similar
user11717,implementation
user11717,math
user11717,data structures
user11717,greedy
user11717,brute force
user11717,number theory
user11717,binary search
user11717,two pointers
user11717,strings
user11717,constructive algorithms
user11717,sortings
user11717,dp
user11717,combinatorics
user11717,bitmasks
user11717,dsu
user11717,graphs
user11717,dfs and similar
user11717,trees
user11717,interactive
user11718,brute force
user11718,greedy
user11718,math
user11718,binary search
user11718,constructive algorithms
user11718,sortings
user11718,two pointers
user11718,combinatorics
user11718,number theory
user11718,unk
user11718,implementation
user11718,dp
user11718,data structures
user11718,dsu
user11718,strings
user11718,dfs and similar
user11718,trees
user11718,graphs
user11718,bitmasks
user11718,interactive
user11719,implementation
user11719,strings
user11719,greedy
user11719,sortings
user11719,math
user11719,binary search
user11719,dp
user11719,brute force
user11719,dfs and similar
user11719,two pointers
user11719,data structures
user11719,constructive algorithms
user11719,number theory
user11719,graphs
user11719,trees
user11719,bitmasks
user11719,interactive
user11719,combinatorics
user11719,dsu
user11721,constructive algorithms
user11721,greedy
user11721,math
user11721,combinatorics
user11721,data structures
user11721,implementation
user11721,bitmasks
user11721,graphs
user11721,dp
user11721,number theory
user11721,binary search
user11721,two pointers
user11721,dfs and similar
user11721,sortings
user11721,brute force
user11721,strings
user11721,trees
user11721,interactive
user11721,dsu
user11721,unk
user1173,implementation
user1173,greedy
user1173,constructive algorithms
user1173,sortings
user1173,dp
user11731,dp
user11731,greedy
user11731,math
user11731,brute force
user11731,number theory
user11731,constructive algorithms
user11731,sortings
user11731,bitmasks
user11731,data structures
user11731,implementation
user11731,dfs and similar
user11731,dsu
user11731,trees
user11731,combinatorics
user11731,strings
user11731,two pointers
user11731,graphs
user11731,binary search
user11731,interactive
user11732,brute force
user11732,math
user11732,number theory
user11732,constructive algorithms
user11732,greedy
user11732,dp
user11732,graphs
user11732,dfs and similar
user11732,binary search
user11732,trees
user11735,greedy
user11735,math
user11735,number theory
user11735,strings
user11735,unk
user11735,constructive algorithms
user11735,combinatorics
user11735,sortings
user11735,two pointers
user11735,brute force
user11735,implementation
user11735,bitmasks
user11735,dfs and similar
user11735,dp
user11735,dsu
user11735,graphs
user11735,data structures
user11735,binary search
user11735,trees
user11735,interactive
user11736,implementation
user11736,greedy
user11736,sortings
user11736,math
user11736,brute force
user11736,constructive algorithms
user11736,strings
user11736,number theory
user11736,dp
user11736,data structures
user11736,binary search
user11739,math
user11739,data structures
user11739,dp
user11739,greedy
user11739,sortings
user11739,implementation
user11739,constructive algorithms
user11739,strings
user11739,binary search
user11739,graphs
user11739,dfs and similar
user11739,combinatorics
user11739,brute force
user11739,number theory
user11739,two pointers
user11739,bitmasks
user11739,interactive
user11739,trees
user11739,dsu
user1174,brute force
user1174,greedy
user1174,implementation
user1174,sortings
user1174,strings
user1174,binary search
user1174,math
user1174,number theory
user1174,combinatorics
user1174,constructive algorithms
user1174,two pointers
user1174,data structures
user1174,dp
user1174,trees
user1174,bitmasks
user1174,dfs and similar
user1174,graphs
user1174,dsu
user1174,interactive
user11743,brute force
user11743,implementation
user11743,constructive algorithms
user11743,data structures
user11743,greedy
user11743,dp
user11743,math
user11743,sortings
user11743,strings
user11745,brute force
user11745,math
user11745,constructive algorithms
user11745,bitmasks
user11745,dp
user11745,greedy
user11745,sortings
user11745,data structures
user11745,implementation
user11745,binary search
user11745,combinatorics
user11745,strings
user11745,dfs and similar
user11745,two pointers
user11745,number theory
user11745,dsu
user11745,graphs
user11745,trees
user1175,implementation
user1175,brute force
user1175,greedy
user1175,sortings
user1175,constructive algorithms
user1175,math
user1175,strings
user1175,data structures
user1175,number theory
user1175,dp
user1175,binary search
user1175,two pointers
user11753,greedy
user11753,sortings
user11753,implementation
user11753,data structures
user11753,math
user11753,strings
user11753,constructive algorithms
user11753,brute force
user11753,two pointers
user11753,dp
user11753,binary search
user11753,dfs and similar
user11753,graphs
user11753,trees
user11753,number theory
user11753,bitmasks
user11753,dsu
user11753,interactive
user11758,constructive algorithms
user11758,greedy
user11758,sortings
user11758,strings
user11758,brute force
user11758,math
user11758,number theory
user11758,implementation
user11758,dfs and similar
user11758,two pointers
user11758,dp
user11758,data structures
user11758,bitmasks
user11758,binary search
user11758,dsu
user11758,combinatorics
user11758,graphs
user11758,trees
user11758,interactive
user11761,sortings
user11761,strings
user11761,combinatorics
user11761,graphs
user11761,greedy
user11761,bitmasks
user11761,brute force
user11761,math
user11761,binary search
user11761,implementation
user11761,constructive algorithms
user11761,dp
user11761,data structures
user11761,trees
user11761,two pointers
user11761,number theory
user11761,dfs and similar
user11761,interactive
user11761,dsu
user11765,constructive algorithms
user11765,implementation
user11765,dp
user11765,math
user11765,number theory
user11765,bitmasks
user11765,combinatorics
user11765,strings
user11765,greedy
user11765,brute force
user11765,sortings
user11765,dfs and similar
user11765,graphs
user11765,binary search
user11765,data structures
user11765,two pointers
user11765,interactive
user11765,dsu
user11765,trees
user11765,unk
user11766,brute force
user11766,constructive algorithms
user11766,strings
user11766,data structures
user11766,dp
user11766,number theory
user11766,greedy
user11766,math
user11766,implementation
user11766,binary search
user11766,two pointers
user11766,dfs and similar
user11766,dsu
user11766,graphs
user11766,combinatorics
user11766,sortings
user11766,bitmasks
user11766,trees
user11766,interactive
user11771,constructive algorithms
user11771,greedy
user11771,data structures
user11771,implementation
user11771,math
user11771,two pointers
user11771,brute force
user11771,dp
user11771,sortings
user11771,binary search
user11771,dfs and similar
user11771,trees
user11772,implementation
user11772,math
user11772,sortings
user11772,brute force
user11772,constructive algorithms
user11772,strings
user11772,greedy
user11772,binary search
user11772,two pointers
user11772,dp
user11772,data structures
user11775,implementation
user11775,greedy
user11775,sortings
user11775,brute force
user11775,number theory
user11775,binary search
user11775,math
user11775,constructive algorithms
user11775,two pointers
user11775,data structures
user11775,dfs and similar
user11775,dsu
user11775,graphs
user11775,dp
user11775,combinatorics
user11775,interactive
user11775,bitmasks
user11775,strings
user11775,trees
user11778,math
user11778,brute force
user11778,number theory
user11778,greedy
user11778,strings
user11778,constructive algorithms
user11778,implementation
user11778,sortings
user11778,binary search
user11778,dp
user11778,two pointers
user11778,dfs and similar
user11778,graphs
user11778,data structures
user11778,bitmasks
user11778,combinatorics
user11778,unk
user11778,dsu
user11778,interactive
user11778,trees
user11779,implementation
user11779,strings
user11779,two pointers
user11779,bitmasks
user11779,combinatorics
user11779,math
user11779,constructive algorithms
user11779,greedy
user11779,dp
user11779,binary search
user11779,data structures
user11779,number theory
user11779,unk
user11779,brute force
user11779,trees
user11779,sortings
user11779,graphs
user11779,dsu
user11779,dfs and similar
user11779,interactive
user11780,implementation
user11780,strings
user11780,brute force
user11780,greedy
user11780,math
user11780,sortings
user11780,constructive algorithms
user11780,binary search
user11780,combinatorics
user11780,graphs
user11780,dp
user11780,two pointers
user11780,data structures
user11780,bitmasks
user11780,number theory
user11780,dsu
user11780,dfs and similar
user11780,trees
user11783,combinatorics
user11783,dp
user11783,math
user11783,number theory
user11783,dfs and similar
user11783,graphs
user11783,trees
user11783,implementation
user11783,bitmasks
user11783,greedy
user11783,sortings
user11783,binary search
user11783,strings
user11783,data structures
user11783,brute force
user11783,two pointers
user11783,interactive
user11783,constructive algorithms
user11784,constructive algorithms
user11784,strings
user11784,implementation
user11784,sortings
user11784,brute force
user11784,greedy
user11784,math
user11784,two pointers
user11784,dp
user11784,bitmasks
user11784,binary search
user11784,combinatorics
user11784,number theory
user11784,unk
user11784,dfs and similar
user11784,trees
user11784,data structures
user11784,dsu
user11784,graphs
user11788,brute force
user11788,implementation
user11788,strings
user11788,data structures
user11788,math
user11788,number theory
user11788,greedy
user11788,sortings
user11788,constructive algorithms
user11788,binary search
user11788,two pointers
user11788,bitmasks
user11788,dp
user11788,combinatorics
user11788,dfs and similar
user11788,dsu
user11788,graphs
user11788,interactive
user11788,trees
user11789,math
user11789,constructive algorithms
user11789,implementation
user11789,number theory
user11789,brute force
user11789,strings
user11789,data structures
user11789,dp
user11789,greedy
user11789,sortings
user11789,binary search
user11789,two pointers
user11789,trees
user11789,bitmasks
user11789,unk
user11789,graphs
user11789,dfs and similar
user11789,combinatorics
user11789,dsu
user11789,interactive
user11792,strings
user11792,constructive algorithms
user11792,greedy
user11792,math
user11792,implementation
user11792,brute force
user11792,sortings
user11792,binary search
user11792,data structures
user11792,number theory
user11792,two pointers
user11792,dfs and similar
user11792,dp
user11792,graphs
user11792,trees
user11792,bitmasks
user11792,dsu
user11792,combinatorics
user11792,interactive
user11793,greedy
user11793,math
user11793,constructive algorithms
user11793,brute force
user11793,implementation
user11793,two pointers
user11793,bitmasks
user11793,strings
user11793,sortings
user11793,unk
user11793,binary search
user11793,data structures
user11793,trees
user11793,number theory
user11793,dp
user11793,dsu
user11793,combinatorics
user11793,graphs
user11793,dfs and similar
user11793,interactive
user11798,implementation
user11798,greedy
user11798,bitmasks
user11798,strings
user11798,constructive algorithms
user11798,math
user11798,brute force
user11798,sortings
user11798,two pointers
user11798,combinatorics
user11798,number theory
user11798,dfs and similar
user11798,dp
user11798,graphs
user11798,data structures
user11798,binary search
user11798,dsu
user11798,unk
user11798,trees
user11799,greedy
user11799,math
user11799,constructive algorithms
user11799,number theory
user11799,implementation
user11799,strings
user11799,binary search
user11799,bitmasks
user11799,brute force
user11799,sortings
user11799,combinatorics
user11799,two pointers
user11799,dp
user11799,trees
user11799,unk
user11799,data structures
user11799,graphs
user11799,dsu
user11799,dfs and similar
user11799,interactive
user1180,math
user1180,greedy
user1180,implementation
user1180,strings
user1180,number theory
user1180,brute force
user1180,binary search
user1180,dp
user1180,sortings
user1180,two pointers
user1180,constructive algorithms
user1180,data structures
user1180,unk
user1180,combinatorics
user1180,bitmasks
user1180,dsu
user1180,dfs and similar
user1180,graphs
user1180,trees
user1180,interactive
user11800,brute force
user11800,implementation
user11800,binary search
user11800,math
user11800,sortings
user11800,greedy
user11800,number theory
user11800,dfs and similar
user11800,graphs
user11800,strings
user11800,bitmasks
user11800,dp
user11800,constructive algorithms
user11800,dsu
user11800,two pointers
user11800,combinatorics
user11800,data structures
user11800,trees
user11800,interactive
user11804,greedy
user11804,sortings
user11804,math
user11804,constructive algorithms
user11804,data structures
user11804,implementation
user11804,two pointers
user11804,brute force
user11804,bitmasks
user11804,number theory
user11804,binary search
user11804,dp
user11804,combinatorics
user11804,strings
user11804,dfs and similar
user11804,trees
user11804,graphs
user11804,dsu
user11804,interactive
user11806,brute force
user11806,implementation
user11806,strings
user11806,greedy
user11806,math
user11806,constructive algorithms
user11806,sortings
user11806,dp
user11806,binary search
user11806,number theory
user11806,data structures
user11806,two pointers
user11806,combinatorics
user11809,greedy
user11809,implementation
user11809,math
user11809,brute force
user11809,constructive algorithms
user11809,strings
user11809,data structures
user11809,sortings
user11809,dp
user11809,binary search
user11809,number theory
user11809,bitmasks
user11809,graphs
user11809,two pointers
user11809,unk
user11809,combinatorics
user11809,dfs and similar
user11809,dsu
user11809,trees
user11809,interactive
user1181,constructive algorithms
user1181,greedy
user1181,math
user1181,brute force
user1181,number theory
user1181,dp
user1181,combinatorics
user1181,implementation
user1181,bitmasks
user1181,graphs
user1181,sortings
user1181,data structures
user1181,binary search
user1181,strings
user1181,two pointers
user1181,dfs and similar
user1181,trees
user1181,dsu
user11812,binary search
user11812,constructive algorithms
user11812,math
user11812,brute force
user11812,implementation
user11812,greedy
user11812,two pointers
user11812,sortings
user11812,bitmasks
user11812,number theory
user11812,interactive
user11812,dp
user11812,strings
user11812,data structures
user11812,combinatorics
user11812,dsu
user11812,graphs
user11812,dfs and similar
user11813,math
user11813,number theory
user11813,constructive algorithms
user11813,greedy
user11813,dp
user11813,binary search
user11813,data structures
user11813,sortings
user11813,brute force
user11813,strings
user11813,implementation
user11813,two pointers
user11813,dfs and similar
user11813,trees
user11818,greedy
user11818,math
user11818,implementation
user11818,brute force
user11818,constructive algorithms
user11818,sortings
user11818,combinatorics
user11818,dp
user11818,number theory
user11818,two pointers
user11818,dfs and similar
user11818,graphs
user11818,data structures
user11818,trees
user11818,binary search
user11818,bitmasks
user11819,implementation
user11819,math
user11819,brute force
user11819,dfs and similar
user11819,graphs
user11819,greedy
user11819,binary search
user11819,data structures
user11819,trees
user11819,combinatorics
user11819,dsu
user11819,sortings
user11819,constructive algorithms
user11819,dp
user11819,strings
user11819,number theory
user11819,two pointers
user11819,bitmasks
user11819,unk
user11819,interactive
user1182,greedy
user1182,constructive algorithms
user1182,math
user1182,number theory
user1182,brute force
user1182,data structures
user1182,implementation
user1182,strings
user1182,dp
user1182,sortings
user1182,two pointers
user1182,binary search
user11824,implementation
user11824,data structures
user11824,math
user11824,strings
user11824,sortings
user11824,greedy
user11824,brute force
user11824,binary search
user11824,dfs and similar
user11824,dp
user11824,combinatorics
user11824,unk
user11824,constructive algorithms
user11824,bitmasks
user11824,two pointers
user11824,number theory
user11824,dsu
user11824,graphs
user11824,trees
user11824,interactive
user11828,binary search
user11828,brute force
user11828,data structures
user11828,dp
user11828,two pointers
user11828,implementation
user11828,math
user11828,greedy
user11828,sortings
user11828,dfs and similar
user11828,graphs
user11828,trees
user11828,strings
user11828,number theory
user11828,dsu
user11828,combinatorics
user11828,constructive algorithms
user11828,interactive
user11829,brute force
user11829,implementation
user11829,greedy
user11829,math
user11829,two pointers
user11829,binary search
user11829,sortings
user11829,constructive algorithms
user11829,dfs and similar
user11829,dsu
user11829,graphs
user11829,trees
user11829,data structures
user11829,bitmasks
user11829,number theory
user11829,strings
user11829,dp
user11829,interactive
user11829,combinatorics
user11830,implementation
user11830,math
user11830,brute force
user11830,strings
user11830,greedy
user11830,sortings
user11830,two pointers
user11830,constructive algorithms
user11830,data structures
user11830,dp
user11830,binary search
user11830,bitmasks
user11830,combinatorics
user11830,trees
user11830,dfs and similar
user11830,graphs
user11830,number theory
user11830,dsu
user11830,unk
user11830,interactive
user11836,greedy
user11836,strings
user11836,constructive algorithms
user11836,math
user11836,combinatorics
user11836,implementation
user11836,sortings
user11836,brute force
user11836,bitmasks
user11836,data structures
user11836,number theory
user11836,binary search
user11836,unk
user11836,dfs and similar
user11836,dp
user11836,two pointers
user11836,dsu
user11836,graphs
user11836,trees
user11836,interactive
user11837,implementation
user11837,bitmasks
user11837,brute force
user11837,binary search
user11837,greedy
user11837,strings
user11837,sortings
user11837,constructive algorithms
user11837,number theory
user11837,two pointers
user11837,math
user11837,graphs
user11837,unk
user11837,dp
user11837,data structures
user11837,dfs and similar
user11837,trees
user11837,dsu
user11837,combinatorics
user11837,interactive
user11842,constructive algorithms
user11842,implementation
user11842,math
user11842,strings
user11842,binary search
user11842,brute force
user11842,bitmasks
user11842,data structures
user11842,greedy
user11842,sortings
user11842,number theory
user11842,combinatorics
user11842,dp
user11842,two pointers
user11842,unk
user11842,dfs and similar
user11842,graphs
user11842,interactive
user11842,trees
user11842,dsu
user11844,constructive algorithms
user11844,dfs and similar
user11844,greedy
user11844,trees
user11844,number theory
user11844,implementation
user11844,math
user11844,combinatorics
user11844,brute force
user11844,graphs
user11844,dp
user11844,unk
user11844,binary search
user11844,sortings
user11844,strings
user11844,two pointers
user11844,data structures
user11844,dsu
user11844,bitmasks
user11844,interactive
user11845,math
user11845,implementation
user11845,strings
user11845,greedy
user11845,brute force
user11845,binary search
user11845,constructive algorithms
user11845,sortings
user11845,data structures
user11845,dp
user11845,two pointers
user11845,dfs and similar
user11845,graphs
user11845,number theory
user11845,combinatorics
user11845,bitmasks
user11845,unk
user11848,brute force
user11848,greedy
user11848,implementation
user11848,math
user11848,constructive algorithms
user11848,dp
user11848,binary search
user11848,data structures
user11848,two pointers
user11848,number theory
user11848,combinatorics
user11848,strings
user11848,sortings
user11848,bitmasks
user11848,graphs
user11848,dfs and similar
user11848,trees
user11848,dsu
user11848,interactive
user11852,constructive algorithms
user11852,greedy
user11852,sortings
user11852,math
user11852,dfs and similar
user11852,dp
user11852,two pointers
user11852,number theory
user11852,brute force
user11852,implementation
user11852,strings
user11852,binary search
user11852,bitmasks
user11852,combinatorics
user11852,data structures
user11852,unk
user11852,graphs
user11852,dsu
user11852,interactive
user11852,trees
user11854,constructive algorithms
user11854,implementation
user11854,greedy
user11854,math
user11854,brute force
user11854,dp
user11854,strings
user11854,binary search
user11854,number theory
user11854,sortings
user11854,unk
user11854,combinatorics
user11854,two pointers
user11854,data structures
user11854,dfs and similar
user11854,trees
user11854,bitmasks
user11854,dsu
user11854,interactive
user11854,graphs
user11855,math
user11855,constructive algorithms
user11855,implementation
user11855,brute force
user11855,greedy
user11855,graphs
user11855,trees
user11855,data structures
user11855,strings
user11855,dp
user11855,number theory
user11855,sortings
user11855,dfs and similar
user11855,binary search
user11855,two pointers
user11855,dsu
user11855,bitmasks
user11855,combinatorics
user11855,interactive
user11859,brute force
user11859,dp
user11859,implementation
user11859,math
user11859,greedy
user11859,sortings
user11859,strings
user11859,combinatorics
user11859,data structures
user11859,constructive algorithms
user11859,dfs and similar
user11859,graphs
user11859,number theory
user11859,bitmasks
user11859,trees
user11859,binary search
user11859,two pointers
user11859,dsu
user11859,unk
user11859,interactive
user11869,graphs
user11869,implementation
user11869,greedy
user11869,strings
user11869,sortings
user11869,number theory
user11869,binary search
user11869,brute force
user11869,math
user11869,dp
user11869,constructive algorithms
user11869,bitmasks
user11869,combinatorics
user11869,data structures
user11869,two pointers
user11869,dsu
user11869,dfs and similar
user11869,trees
user11869,interactive
user11877,greedy
user11877,math
user11877,constructive algorithms
user11877,brute force
user11877,implementation
user11877,sortings
user11877,data structures
user11877,strings
user11877,two pointers
user11877,binary search
user11877,dfs and similar
user11877,graphs
user11877,trees
user11877,dsu
user11877,number theory
user11877,combinatorics
user11877,dp
user11877,bitmasks
user11877,interactive
user1188,constructive algorithms
user1188,greedy
user1188,sortings
user1188,brute force
user1188,math
user1188,implementation
user1188,data structures
user1188,two pointers
user1188,dp
user1188,strings
user1188,number theory
user1188,graphs
user1188,binary search
user1188,combinatorics
user11881,dp
user11881,implementation
user11881,graphs
user11881,greedy
user11881,two pointers
user11881,binary search
user11881,math
user11881,number theory
user11881,data structures
user11881,constructive algorithms
user11881,brute force
user11881,combinatorics
user11881,dfs and similar
user11881,sortings
user11881,trees
user11883,brute force
user11883,greedy
user11883,implementation
user11883,sortings
user11883,math
user11883,binary search
user11883,dfs and similar
user11883,dp
user11883,trees
user11883,constructive algorithms
user11883,strings
user11883,two pointers
user11883,bitmasks
user11883,unk
user11883,number theory
user11883,combinatorics
user11883,data structures
user11883,interactive
user11883,graphs
user11883,dsu
user11884,greedy
user11884,strings
user11884,math
user11884,implementation
user11884,sortings
user11884,binary search
user11884,brute force
user11884,dp
user11884,number theory
user11884,bitmasks
user11884,two pointers
user11884,constructive algorithms
user11884,dfs and similar
user11884,data structures
user11884,graphs
user11887,dfs and similar
user11887,dp
user11887,graphs
user11887,trees
user11887,implementation
user11887,brute force
user11887,greedy
user11887,math
user11887,number theory
user11887,strings
user11887,constructive algorithms
user11887,sortings
user11887,data structures
user11887,combinatorics
user11887,two pointers
user11887,bitmasks
user11887,binary search
user11887,interactive
user11890,greedy
user11890,math
user11890,constructive algorithms
user11890,sortings
user11890,implementation
user11890,brute force
user11890,dp
user11890,number theory
user11890,two pointers
user11890,strings
user11890,binary search
user11890,dfs and similar
user11890,graphs
user11890,data structures
user11890,bitmasks
user11890,combinatorics
user11890,unk
user11890,trees
user11890,dsu
user11890,interactive
user11891,dp
user11891,math
user11891,dfs and similar
user11891,implementation
user11891,number theory
user11891,brute force
user11891,greedy
user11891,constructive algorithms
user11891,graphs
user11891,binary search
user11891,trees
user11891,dsu
user11892,binary search
user11892,constructive algorithms
user11892,math
user11892,number theory
user11892,implementation
user11892,greedy
user11892,sortings
user11892,brute force
user11892,data structures
user11892,dp
user11892,dfs and similar
user11892,strings
user11892,bitmasks
user11892,graphs
user11898,interactive
user11898,binary search
user11898,brute force
user11898,data structures
user11898,dp
user11898,greedy
user11898,math
user11898,sortings
user11898,implementation
user11898,dfs and similar
user11898,trees
user11898,bitmasks
user11898,unk
user11898,number theory
user11898,constructive algorithms
user11898,strings
user11898,combinatorics
user11898,graphs
user11898,two pointers
user11898,dsu
user1190,unk
user1190,strings
user1190,brute force
user1190,sortings
user1190,two pointers
user1190,greedy
user1190,implementation
user1190,binary search
user1190,data structures
user1190,dfs and similar
user1190,graphs
user1190,trees
user1190,constructive algorithms
user1190,math
user1190,number theory
user1190,dsu
user1190,combinatorics
user1190,dp
user1190,bitmasks
user11901,constructive algorithms
user11901,math
user11901,combinatorics
user11901,implementation
user11901,strings
user11901,sortings
user11901,greedy
user11901,data structures
user11901,two pointers
user11901,brute force
user11901,dp
user11901,graphs
user11901,bitmasks
user11901,binary search
user11901,dfs and similar
user11901,dsu
user11901,unk
user11901,number theory
user11901,trees
user11901,interactive
user11907,implementation
user11907,math
user11907,binary search
user11907,brute force
user11907,data structures
user11907,strings
user11907,combinatorics
user11907,dp
user11907,sortings
user11907,greedy
user11907,number theory
user11907,constructive algorithms
user11907,bitmasks
user11907,dfs and similar
user11907,graphs
user11907,two pointers
user11907,interactive
user11907,dsu
user11913,implementation
user11913,data structures
user11913,strings
user11913,brute force
user11913,greedy
user11913,constructive algorithms
user11913,math
user11913,number theory
user11913,binary search
user11913,dp
user11913,sortings
user11913,combinatorics
user11913,two pointers
user11913,dsu
user11913,bitmasks
user11913,graphs
user11913,dfs and similar
user11914,constructive algorithms
user11914,implementation
user11914,strings
user11914,combinatorics
user11914,math
user11914,sortings
user11914,greedy
user11914,brute force
user11914,number theory
user11914,dp
user11914,binary search
user11914,two pointers
user11914,dfs and similar
user11914,graphs
user11914,bitmasks
user11914,data structures
user11914,unk
user11914,dsu
user11914,interactive
user11916,brute force
user11916,greedy
user11916,math
user11916,number theory
user11916,constructive algorithms
user11916,implementation
user11916,bitmasks
user11916,data structures
user11916,strings
user11916,sortings
user11916,dp
user11916,two pointers
user11916,combinatorics
user11916,graphs
user11916,binary search
user11916,unk
user11916,dfs and similar
user11916,dsu
user11916,interactive
user11916,trees
user11917,implementation
user11917,strings
user11917,math
user11917,greedy
user11917,constructive algorithms
user11917,number theory
user11917,combinatorics
user11917,sortings
user11917,binary search
user11917,dp
user11917,two pointers
user11917,brute force
user11917,data structures
user11917,bitmasks
user11917,unk
user11917,trees
user11917,dfs and similar
user11917,graphs
user11917,dsu
user11917,interactive
user11918,brute force
user11918,math
user11918,constructive algorithms
user11918,greedy
user11918,data structures
user11918,implementation
user11918,dp
user11918,sortings
user11918,strings
user11918,two pointers
user11918,binary search
user11918,dsu
user11918,trees
user11918,number theory
user11918,graphs
user11918,bitmasks
user11918,combinatorics
user11918,dfs and similar
user11919,greedy
user11919,binary search
user11919,constructive algorithms
user11919,math
user11919,number theory
user11919,brute force
user11919,implementation
user11919,strings
user11919,dp
user11919,sortings
user11919,combinatorics
user11919,bitmasks
user11919,data structures
user11919,two pointers
user11920,constructive algorithms
user11920,brute force
user11920,implementation
user11920,data structures
user11920,math
user11920,number theory
user11920,binary search
user11920,greedy
user11920,strings
user11920,two pointers
user11920,sortings
user11920,dp
user11920,combinatorics
user11920,dfs and similar
user11920,dsu
user11920,graphs
user11920,trees
user11920,bitmasks
user11926,brute force
user11926,greedy
user11926,implementation
user11926,sortings
user11926,two pointers
user11926,constructive algorithms
user11926,math
user11926,bitmasks
user11926,data structures
user11926,number theory
user11926,strings
user11926,dp
user11926,binary search
user11926,combinatorics
user11926,dfs and similar
user11926,graphs
user11926,unk
user11926,interactive
user11926,dsu
user11926,trees
user11928,data structures
user11928,sortings
user11928,greedy
user11928,math
user11928,dp
user11928,binary search
user11928,constructive algorithms
user11928,number theory
user11928,strings
user11928,implementation
user11928,brute force
user11928,combinatorics
user11928,two pointers
user11928,bitmasks
user11928,dfs and similar
user11928,unk
user11928,graphs
user11928,trees
user11928,interactive
user11928,dsu
user11929,greedy
user11929,math
user11929,constructive algorithms
user11929,data structures
user11929,dfs and similar
user11929,dp
user11929,graphs
user11929,trees
user11929,brute force
user11929,implementation
user11929,interactive
user11929,number theory
user11929,bitmasks
user11929,binary search
user11929,strings
user11929,combinatorics
user11929,sortings
user11929,two pointers
user11929,dsu
user11929,unk
user1193,strings
user1193,brute force
user1193,greedy
user1193,implementation
user1193,constructive algorithms
user1193,math
user1193,binary search
user1193,bitmasks
user1193,data structures
user1193,combinatorics
user1193,dp
user1193,unk
user1193,sortings
user1193,number theory
user1193,two pointers
user1193,trees
user1193,dfs and similar
user1193,graphs
user1193,dsu
user1193,interactive
user11931,greedy
user11931,sortings
user11931,math
user11931,constructive algorithms
user11931,implementation
user11931,strings
user11931,brute force
user11931,two pointers
user11931,data structures
user11931,number theory
user11931,graphs
user11931,bitmasks
user11931,combinatorics
user11931,trees
user11931,dp
user11931,binary search
user11931,dfs and similar
user11931,unk
user11931,dsu
user11931,interactive
user11932,brute force
user11932,greedy
user11932,strings
user11932,sortings
user11932,two pointers
user11932,implementation
user11932,math
user11932,number theory
user11932,dp
user11932,binary search
user11932,data structures
user11932,dfs and similar
user11932,graphs
user11932,trees
user11932,constructive algorithms
user11932,bitmasks
user11932,combinatorics
user11932,dsu
user11932,interactive
user11933,constructive algorithms
user11933,greedy
user11933,number theory
user11933,implementation
user11933,strings
user11933,math
user11933,binary search
user11933,dp
user11933,brute force
user11933,data structures
user11933,bitmasks
user11933,sortings
user11933,two pointers
user11933,interactive
user11934,brute force
user11934,greedy
user11934,implementation
user11934,number theory
user11934,strings
user11934,constructive algorithms
user11934,sortings
user11934,math
user11934,combinatorics
user11934,dp
user11934,data structures
user11934,binary search
user11934,bitmasks
user11936,data structures
user11936,greedy
user11936,brute force
user11936,implementation
user11936,strings
user11936,binary search
user11936,constructive algorithms
user11936,sortings
user11936,math
user11936,two pointers
user11936,combinatorics
user11936,dp
user11936,number theory
user11936,dfs and similar
user11936,graphs
user11936,bitmasks
user11936,dsu
user11936,trees
user11938,implementation
user11938,strings
user11938,greedy
user11938,sortings
user11938,brute force
user11938,math
user11938,number theory
user11938,constructive algorithms
user11938,bitmasks
user11938,dp
user11938,binary search
user11938,two pointers
user11938,data structures
user11939,brute force
user11939,constructive algorithms
user11939,math
user11939,implementation
user11939,greedy
user11939,combinatorics
user11939,dp
user11939,sortings
user11939,number theory
user11939,binary search
user11939,data structures
user11939,dfs and similar
user11939,two pointers
user11939,strings
user11939,graphs
user11939,dsu
user11939,bitmasks
user11939,trees
user1194,implementation
user1194,greedy
user1194,math
user1194,sortings
user1194,constructive algorithms
user1194,brute force
user1194,data structures
user1194,strings
user1194,number theory
user1194,dp
user1194,binary search
user1194,two pointers
user11941,data structures
user11941,greedy
user11941,math
user11941,implementation
user11941,sortings
user11941,strings
user11941,brute force
user11941,constructive algorithms
user11941,graphs
user11941,dfs and similar
user11941,trees
user11941,number theory
user11941,two pointers
user11941,dp
user11941,combinatorics
user11941,binary search
user11941,bitmasks
user11941,unk
user11941,dsu
user11941,interactive
user11943,math
user11943,greedy
user11943,data structures
user11944,binary search
user11944,implementation
user11944,dp
user11944,greedy
user11944,two pointers
user11944,brute force
user11944,math
user11944,data structures
user11944,number theory
user11944,sortings
user11944,combinatorics
user11944,constructive algorithms
user11944,dfs and similar
user11944,graphs
user11944,strings
user11944,trees
user11944,bitmasks
user11944,dsu
user11944,unk
user11944,interactive
user11950,brute force
user11950,math
user11950,implementation
user11950,greedy
user11950,number theory
user11950,strings
user11950,sortings
user11950,constructive algorithms
user11950,combinatorics
user11950,unk
user11950,binary search
user11950,data structures
user11950,dp
user11950,dsu
user11950,two pointers
user11950,dfs and similar
user11950,bitmasks
user11950,trees
user11950,graphs
user11950,interactive
user11954,implementation
user11954,greedy
user11954,math
user11954,number theory
user11954,strings
user11954,two pointers
user11954,brute force
user11954,dp
user11954,sortings
user11954,binary search
user11954,data structures
user11954,dfs and similar
user11954,dsu
user11954,graphs
user11954,bitmasks
user11954,constructive algorithms
user11954,trees
user11954,combinatorics
user11954,unk
user11955,number theory
user11955,implementation
user11955,greedy
user11955,sortings
user11955,brute force
user11955,math
user11955,combinatorics
user11955,constructive algorithms
user11955,strings
user11955,dp
user11955,binary search
user11955,data structures
user11955,two pointers
user11955,bitmasks
user11955,graphs
user11955,dfs and similar
user11955,trees
user11955,unk
user11955,dsu
user1196,math
user1196,number theory
user1196,binary search
user1196,bitmasks
user1196,data structures
user1196,dp
user1196,constructive algorithms
user1196,sortings
user1196,strings
user1196,greedy
user1196,implementation
user1196,two pointers
user1196,brute force
user1196,dfs and similar
user1196,trees
user1196,dsu
user11967,greedy
user11967,math
user11967,brute force
user11967,implementation
user11967,strings
user11967,sortings
user11967,data structures
user11967,two pointers
user11967,constructive algorithms
user11967,dp
user11967,binary search
user11967,dfs and similar
user11967,graphs
user11967,number theory
user11967,bitmasks
user11967,unk
user11967,combinatorics
user11967,dsu
user11972,implementation
user11972,strings
user11972,math
user11972,brute force
user11972,number theory
user11972,greedy
user11972,combinatorics
user11972,binary search
user11972,data structures
user11972,two pointers
user11972,constructive algorithms
user11972,sortings
user11972,dp
user11972,bitmasks
user11972,interactive
user11972,dfs and similar
user11972,graphs
user11972,unk
user11972,trees
user11972,dsu
user11975,dfs and similar
user11975,graphs
user11975,greedy
user11975,brute force
user11975,math
user11975,number theory
user11975,dp
user11975,trees
user11975,implementation
user11975,constructive algorithms
user11975,sortings
user11975,binary search
user11975,bitmasks
user11975,data structures
user11975,interactive
user11975,strings
user11975,two pointers
user11975,combinatorics
user1198,math
user1198,greedy
user1198,constructive algorithms
user1198,brute force
user1198,number theory
user11980,implementation
user11980,greedy
user11980,strings
user11980,data structures
user11980,bitmasks
user11980,dp
user11980,sortings
user11980,brute force
user11980,math
user11980,binary search
user11980,dfs and similar
user11980,graphs
user11980,trees
user11980,constructive algorithms
user11980,number theory
user11980,combinatorics
user11980,dsu
user11980,unk
user11980,two pointers
user11980,interactive
user11981,implementation
user11981,strings
user11981,dfs and similar
user11981,graphs
user11981,trees
user11981,binary search
user11981,math
user11981,data structures
user11981,greedy
user11981,dp
user11981,brute force
user11981,combinatorics
user11981,number theory
user11981,two pointers
user11981,constructive algorithms
user11981,interactive
user11981,sortings
user11981,bitmasks
user11981,dsu
user11983,binary search
user11983,data structures
user11983,greedy
user11983,math
user11983,sortings
user11983,implementation
user11983,interactive
user11983,dp
user11983,constructive algorithms
user11983,brute force
user11983,two pointers
user11983,dfs and similar
user11983,strings
user11983,number theory
user11983,graphs
user11983,trees
user11983,bitmasks
user11983,combinatorics
user11984,greedy
user11984,implementation
user11984,math
user11984,brute force
user11984,number theory
user11984,constructive algorithms
user11984,binary search
user11984,graphs
user11988,dp
user11988,math
user11988,number theory
user11988,brute force
user11988,greedy
user11988,implementation
user11988,strings
user11988,constructive algorithms
user11988,data structures
user11988,bitmasks
user11988,binary search
user11988,two pointers
user11988,sortings
user11988,interactive
user11988,combinatorics
user11988,trees
user11988,dfs and similar
user11988,graphs
user11988,dsu
user11990,constructive algorithms
user11990,bitmasks
user11990,combinatorics
user11990,dp
user11990,math
user11990,brute force
user11990,greedy
user11990,sortings
user11990,data structures
user11990,trees
user11990,implementation
user11990,strings
user11990,number theory
user11990,two pointers
user11990,binary search
user11990,dfs and similar
user11990,dsu
user11990,graphs
user11990,interactive
user11990,unk
user11993,greedy
user11993,math
user11993,strings
user11993,implementation
user11993,two pointers
user11993,constructive algorithms
user11993,brute force
user11993,sortings
user11993,data structures
user11993,bitmasks
user11993,dfs and similar
user11993,dp
user11993,dsu
user11993,graphs
user11993,number theory
user11993,combinatorics
user11993,binary search
user11993,interactive
user11993,trees
user12002,greedy
user12002,implementation
user12002,math
user12002,number theory
user12002,sortings
user12002,constructive algorithms
user12002,strings
user12002,brute force
user12002,dfs and similar
user12002,dp
user12002,two pointers
user12002,data structures
user12002,graphs
user12002,trees
user12002,combinatorics
user12002,binary search
user12002,bitmasks
user12002,dsu
user12002,interactive
user12003,constructive algorithms
user12003,greedy
user12003,math
user12003,combinatorics
user12003,data structures
user12003,implementation
user12003,sortings
user12003,brute force
user12003,dp
user12003,number theory
user12003,strings
user12003,two pointers
user12003,binary search
user12003,bitmasks
user12003,dfs and similar
user12003,graphs
user12003,trees
user12003,dsu
user12003,interactive
user12013,binary search
user12013,greedy
user12013,implementation
user12013,sortings
user12013,constructive algorithms
user12013,math
user12013,brute force
user12013,dp
user12013,two pointers
user12013,data structures
user12013,number theory
user12013,graphs
user12013,bitmasks
user12013,dfs and similar
user12013,unk
user12013,interactive
user12014,constructive algorithms
user12014,sortings
user12014,dfs and similar
user12014,brute force
user12014,dp
user12014,implementation
user12014,data structures
user12014,dsu
user12014,graphs
user12014,trees
user12014,greedy
user12014,math
user12014,number theory
user12014,binary search
user12014,two pointers
user12014,combinatorics
user12014,bitmasks
user12014,interactive
user12016,constructive algorithms
user12016,implementation
user12016,math
user12016,sortings
user12016,brute force
user12016,greedy
user12016,strings
user12016,binary search
user12016,bitmasks
user12016,number theory
user12016,two pointers
user12016,combinatorics
user12016,dp
user12016,data structures
user12016,unk
user12016,dfs and similar
user12016,graphs
user12016,trees
user12016,interactive
user12016,dsu
user12018,data structures
user12018,math
user12018,greedy
user12018,dp
user12018,dfs and similar
user12018,trees
user12018,binary search
user12018,brute force
user12018,implementation
user12018,sortings
user12030,implementation
user12030,strings
user12030,constructive algorithms
user12030,greedy
user12030,math
user12030,number theory
user12030,brute force
user12030,sortings
user12030,data structures
user12030,combinatorics
user12030,two pointers
user12030,bitmasks
user12030,binary search
user12030,dp
user12030,trees
user12030,graphs
user12030,dfs and similar
user12030,dsu
user12030,unk
user12030,interactive
user12031,math
user12031,greedy
user12031,brute force
user12031,implementation
user12031,constructive algorithms
user12031,dp
user12031,binary search
user12031,number theory
user12031,two pointers
user12031,data structures
user12032,brute force
user12032,constructive algorithms
user12032,greedy
user12032,sortings
user12032,two pointers
user12032,math
user12032,implementation
user12032,strings
user12032,binary search
user12032,data structures
user12032,bitmasks
user12032,interactive
user12032,number theory
user12032,dfs and similar
user12032,dp
user12032,graphs
user12032,combinatorics
user12032,trees
user12032,dsu
user12033,greedy
user12033,brute force
user12033,implementation
user12033,data structures
user12033,sortings
user12033,constructive algorithms
user12033,math
user12033,graphs
user12033,number theory
user12033,dp
user12033,binary search
user12033,bitmasks
user12033,combinatorics
user12033,two pointers
user12033,dfs and similar
user12033,trees
user12036,implementation
user12036,math
user12036,brute force
user12036,dp
user12036,greedy
user12036,constructive algorithms
user12036,bitmasks
user12036,number theory
user12036,sortings
user12036,combinatorics
user12036,strings
user12036,binary search
user12036,data structures
user12036,dfs and similar
user12036,two pointers
user12036,graphs
user12036,dsu
user12037,implementation
user12037,brute force
user12037,strings
user12037,sortings
user12037,binary search
user12037,data structures
user12037,two pointers
user12037,math
user12037,constructive algorithms
user12037,greedy
user12037,number theory
user12037,dp
user12037,unk
user12037,graphs
user12037,combinatorics
user12037,dfs and similar
user12037,bitmasks
user12037,trees
user12037,dsu
user12038,constructive algorithms
user12038,sortings
user12038,greedy
user12038,math
user12038,data structures
user12038,binary search
user12038,implementation
user12038,strings
user12038,two pointers
user12038,brute force
user12038,dfs and similar
user12038,dsu
user12038,graphs
user12038,dp
user12038,number theory
user12038,unk
user12038,bitmasks
user12038,combinatorics
user12038,trees
user12038,interactive
user12043,binary search
user12043,data structures
user12043,greedy
user12043,math
user12043,implementation
user12043,sortings
user12043,constructive algorithms
user12043,dp
user12043,brute force
user1205,brute force
user1205,greedy
user1205,implementation
user1205,sortings
user1205,math
user1205,number theory
user1205,strings
user1205,bitmasks
user1205,dfs and similar
user1205,dp
user1205,dsu
user1205,graphs
user1205,data structures
user1205,constructive algorithms
user1205,interactive
user1205,two pointers
user1205,unk
user1205,binary search
user1205,combinatorics
user1205,trees
user12050,implementation
user12050,strings
user12050,brute force
user12050,greedy
user12050,dp
user12050,sortings
user12050,two pointers
user12050,math
user12050,number theory
user12050,data structures
user12050,combinatorics
user12050,binary search
user12050,constructive algorithms
user12050,bitmasks
user12050,dfs and similar
user12050,graphs
user12050,dsu
user12050,trees
user12054,data structures
user12054,dp
user12054,math
user12054,constructive algorithms
user12054,greedy
user12054,implementation
user12054,brute force
user12054,unk
user12054,strings
user12054,binary search
user12054,two pointers
user12054,number theory
user12054,sortings
user12054,bitmasks
user12054,combinatorics
user12054,graphs
user12054,dfs and similar
user12054,trees
user12054,interactive
user12054,dsu
user12056,implementation
user12056,strings
user12056,math
user12056,greedy
user12056,brute force
user12056,constructive algorithms
user12056,sortings
user12056,number theory
user12056,binary search
user12056,dp
user12056,graphs
user12056,two pointers
user12056,data structures
user12056,bitmasks
user12056,dfs and similar
user12061,greedy
user12061,math
user12061,brute force
user12061,implementation
user12061,strings
user12061,two pointers
user12061,number theory
user12061,data structures
user12061,constructive algorithms
user12061,binary search
user12061,sortings
user12061,dp
user12061,combinatorics
user12061,unk
user12061,bitmasks
user12061,dfs and similar
user12061,graphs
user12061,dsu
user12061,trees
user12061,interactive
user12062,greedy
user12062,math
user12062,number theory
user12062,constructive algorithms
user12062,sortings
user12062,implementation
user12062,data structures
user12062,brute force
user12062,binary search
user12062,two pointers
user12062,bitmasks
user12062,strings
user12062,graphs
user12062,interactive
user12062,combinatorics
user12062,dp
user12062,dfs and similar
user12062,trees
user12062,dsu
user12063,brute force
user12063,data structures
user12063,greedy
user12063,two pointers
user12063,math
user12063,implementation
user12063,constructive algorithms
user12063,strings
user12063,number theory
user12063,dp
user12063,binary search
user12070,brute force
user12070,implementation
user12070,dp
user12070,greedy
user12070,number theory
user12070,math
user12070,constructive algorithms
user12070,binary search
user12075,constructive algorithms
user12075,math
user12075,implementation
user12075,greedy
user12075,binary search
user12075,sortings
user12075,strings
user12075,dfs and similar
user12075,number theory
user12075,trees
user12075,data structures
user12075,dp
user12075,two pointers
user12075,brute force
user12075,unk
user12075,bitmasks
user12075,graphs
user12075,dsu
user12075,interactive
user12075,combinatorics
user12076,dfs and similar
user12076,dsu
user12076,graphs
user12076,dp
user12076,math
user12076,binary search
user12076,constructive algorithms
user12076,implementation
user12076,greedy
user12076,sortings
user12076,brute force
user12076,number theory
user12076,data structures
user12076,two pointers
user12076,bitmasks
user12076,trees
user12076,strings
user12076,unk
user12076,interactive
user12077,greedy
user12077,implementation
user12077,sortings
user12077,strings
user12077,math
user12077,two pointers
user12077,constructive algorithms
user12077,number theory
user12077,brute force
user12077,dp
user12077,data structures
user12077,graphs
user12077,binary search
user12077,bitmasks
user12077,dfs and similar
user12077,combinatorics
user12077,dsu
user12077,trees
user12079,brute force
user12079,math
user12079,number theory
user12079,greedy
user12079,implementation
user12079,sortings
user12079,strings
user12079,constructive algorithms
user12079,dp
user12079,two pointers
user12079,bitmasks
user12079,data structures
user12079,interactive
user12079,binary search
user12079,combinatorics
user12079,graphs
user12079,dsu
user12079,dfs and similar
user12079,trees
user12086,math
user12086,strings
user12086,number theory
user12086,implementation
user12086,combinatorics
user12086,dp
user12086,dsu
user12086,dfs and similar
user12086,constructive algorithms
user12086,greedy
user12086,sortings
user12086,two pointers
user12086,binary search
user12086,brute force
user12086,data structures
user12086,trees
user12086,graphs
user12086,bitmasks
user12086,interactive
user12087,brute force
user12087,greedy
user12087,implementation
user12087,math
user12087,strings
user12087,sortings
user12087,dp
user12087,number theory
user12087,constructive algorithms
user12087,bitmasks
user12087,dfs and similar
user12087,two pointers
user12087,binary search
user12087,combinatorics
user12087,data structures
user12087,graphs
user12087,trees
user12087,dsu
user12087,interactive
user1209,implementation
user1209,math
user1209,dp
user1209,brute force
user1209,number theory
user1209,sortings
user1209,greedy
user1209,dfs and similar
user1209,graphs
user1209,strings
user1209,combinatorics
user1209,constructive algorithms
user1209,data structures
user1209,bitmasks
user1209,binary search
user1209,two pointers
user1209,trees
user1209,dsu
user1209,interactive
user12099,brute force
user12099,strings
user12099,two pointers
user12099,math
user12099,number theory
user12099,constructive algorithms
user12099,dp
user12099,greedy
user12099,bitmasks
user12099,combinatorics
user12099,sortings
user12099,implementation
user12099,data structures
user12099,binary search
user12099,dfs and similar
user12099,graphs
user12099,interactive
user12100,brute force
user12100,dp
user12100,implementation
user12100,strings
user12100,greedy
user12100,number theory
user12100,math
user12100,constructive algorithms
user12100,sortings
user12100,two pointers
user12100,bitmasks
user12100,combinatorics
user12100,trees
user12100,data structures
user12100,dfs and similar
user12100,binary search
user12100,graphs
user12100,interactive
user12106,constructive algorithms
user12106,greedy
user12106,sortings
user12106,brute force
user12106,implementation
user12106,math
user12106,number theory
user12106,data structures
user12106,strings
user12106,two pointers
user12106,binary search
user12106,dfs and similar
user12106,dp
user12106,graphs
user12106,trees
user12106,bitmasks
user12110,greedy
user12110,math
user12110,strings
user12110,binary search
user12110,constructive algorithms
user12110,data structures
user12110,brute force
user12110,implementation
user12110,number theory
user12110,sortings
user12110,dfs and similar
user12110,dp
user12110,trees
user12110,graphs
user12110,combinatorics
user12110,bitmasks
user12110,interactive
user12110,two pointers
user12110,dsu
user12119,constructive algorithms
user12119,greedy
user12119,dp
user12119,math
user12119,implementation
user12119,sortings
user12119,brute force
user12119,binary search
user12119,graphs
user12119,strings
user12119,bitmasks
user12119,two pointers
user12119,number theory
user12119,dfs and similar
user12119,data structures
user12119,combinatorics
user12119,interactive
user12119,trees
user12119,dsu
user1212,implementation
user1212,greedy
user1212,sortings
user1212,math
user1212,dp
user1212,strings
user1212,brute force
user1212,constructive algorithms
user1212,binary search
user1212,number theory
user1212,combinatorics
user1212,dsu
user1212,two pointers
user1212,data structures
user1212,bitmasks
user1212,dfs and similar
user1212,graphs
user12128,binary search
user12128,brute force
user12128,greedy
user12128,sortings
user12128,math
user12128,number theory
user12128,bitmasks
user12128,dp
user12128,implementation
user12128,strings
user12128,two pointers
user12128,constructive algorithms
user12128,combinatorics
user12128,graphs
user12128,data structures
user12128,dfs and similar
user12128,dsu
user12128,trees
user12128,interactive
user12129,constructive algorithms
user12129,math
user12129,implementation
user12129,greedy
user12129,brute force
user12129,sortings
user12129,two pointers
user12129,strings
user12129,data structures
user12129,dp
user12129,combinatorics
user12129,number theory
user12129,bitmasks
user12129,dfs and similar
user12129,graphs
user12129,binary search
user12129,dsu
user12129,trees
user12129,interactive
user12130,greedy
user12130,math
user12130,strings
user12130,binary search
user12130,data structures
user12130,implementation
user12130,number theory
user12130,constructive algorithms
user12130,dp
user12130,sortings
user12130,brute force
user12130,two pointers
user12130,combinatorics
user12130,dfs and similar
user12130,trees
user12130,bitmasks
user12130,interactive
user12130,dsu
user12130,graphs
user12131,greedy
user12131,math
user12131,implementation
user12131,sortings
user12131,trees
user12131,brute force
user12131,constructive algorithms
user12131,number theory
user12131,strings
user12131,data structures
user12131,two pointers
user12131,dp
user12131,bitmasks
user12131,dfs and similar
user12131,binary search
user12131,graphs
user12131,dsu
user12131,unk
user12131,combinatorics
user12131,interactive
user12133,implementation
user12133,strings
user12133,bitmasks
user12133,greedy
user12133,constructive algorithms
user12133,data structures
user12133,sortings
user12133,math
user12133,brute force
user12133,two pointers
user12133,number theory
user12133,combinatorics
user12133,dfs and similar
user12133,dp
user12133,binary search
user12133,trees
user12133,dsu
user12133,graphs
user12133,unk
user12133,interactive
user12137,brute force
user12137,greedy
user12137,math
user12137,number theory
user12137,implementation
user12137,sortings
user12137,constructive algorithms
user12137,strings
user12137,data structures
user12137,dp
user12137,two pointers
user12137,binary search
user12137,dfs and similar
user12137,graphs
user12137,trees
user12138,greedy
user12138,brute force
user12138,sortings
user12138,implementation
user12138,constructive algorithms
user12138,strings
user12138,math
user12138,combinatorics
user12138,data structures
user12138,two pointers
user12138,bitmasks
user12138,binary search
user12138,dp
user12138,graphs
user12138,number theory
user12138,dfs and similar
user12138,trees
user12138,dsu
user12138,unk
user12138,interactive
user12139,constructive algorithms
user12139,implementation
user12139,dp
user12139,greedy
user12139,strings
user12139,two pointers
user12139,math
user12139,number theory
user12139,brute force
user12139,sortings
user12139,data structures
user12139,binary search
user12139,bitmasks
user12139,combinatorics
user12139,trees
user12139,dfs and similar
user12139,graphs
user12139,unk
user12139,dsu
user12139,interactive
user12141,implementation
user12141,strings
user12141,math
user12141,greedy
user12141,constructive algorithms
user12141,binary search
user12141,brute force
user12141,data structures
user12141,dp
user12141,dsu
user12141,two pointers
user12141,sortings
user12141,number theory
user12141,bitmasks
user12141,combinatorics
user12141,unk
user12141,dfs and similar
user12141,trees
user12141,graphs
user12141,interactive
user12142,implementation
user12142,math
user12142,greedy
user12142,bitmasks
user12142,brute force
user12142,dfs and similar
user12142,dp
user12142,graphs
user12142,binary search
user12142,data structures
user12142,two pointers
user12142,strings
user12142,sortings
user12142,constructive algorithms
user12142,number theory
user12142,trees
user12142,combinatorics
user12145,implementation
user12145,strings
user12145,greedy
user12145,brute force
user12145,math
user12145,dp
user12145,sortings
user12145,trees
user12145,constructive algorithms
user12145,data structures
user12145,bitmasks
user12145,two pointers
user12145,number theory
user12145,dfs and similar
user12145,binary search
user12145,combinatorics
user12145,graphs
user12145,dsu
user12145,interactive
user12145,unk
user12146,greedy
user12146,implementation
user12146,sortings
user12146,strings
user12146,brute force
user12146,math
user12146,constructive algorithms
user12146,number theory
user12146,bitmasks
user12146,dp
user12146,dfs and similar
user12146,graphs
user12146,binary search
user12146,unk
user12146,data structures
user12146,two pointers
user12146,trees
user12146,interactive
user12147,dp
user12147,greedy
user12147,strings
user12147,brute force
user12147,constructive algorithms
user12147,implementation
user12147,math
user12147,sortings
user12147,number theory
user12147,data structures
user12147,two pointers
user12147,combinatorics
user12147,bitmasks
user12147,binary search
user12147,dfs and similar
user12147,trees
user12147,dsu
user12147,graphs
user12147,unk
user12147,interactive
user12148,brute force
user12148,interactive
user12148,math
user12148,dfs and similar
user12148,dsu
user12148,graphs
user12148,greedy
user12148,data structures
user12148,implementation
user12148,strings
user12148,sortings
user12148,dp
user12148,number theory
user12148,binary search
user12148,constructive algorithms
user12148,combinatorics
user12148,bitmasks
user12148,trees
user12156,math
user12156,number theory
user12156,dp
user12156,binary search
user12156,implementation
user12156,sortings
user12156,dfs and similar
user12156,graphs
user12156,constructive algorithms
user12156,greedy
user12156,brute force
user12156,data structures
user12156,two pointers
user12156,trees
user12156,dsu
user12157,implementation
user12157,strings
user12157,brute force
user12157,math
user12157,constructive algorithms
user12157,greedy
user12157,sortings
user12157,two pointers
user12157,bitmasks
user12157,combinatorics
user12157,trees
user12157,number theory
user12157,dp
user12157,binary search
user12157,data structures
user12157,dsu
user12157,interactive
user12157,dfs and similar
user12157,graphs
user12157,unk
user12159,greedy
user12159,implementation
user12159,brute force
user12159,data structures
user12159,sortings
user12159,math
user12159,binary search
user12159,bitmasks
user12159,constructive algorithms
user12159,strings
user12159,number theory
user12159,dp
user12159,two pointers
user1216,implementation
user1216,number theory
user1216,math
user1216,greedy
user1216,sortings
user1216,constructive algorithms
user1216,data structures
user1216,brute force
user1216,strings
user1216,binary search
user1216,dp
user1216,combinatorics
user1216,two pointers
user1216,dfs and similar
user1216,graphs
user1216,bitmasks
user1216,dsu
user1216,trees
user12163,math
user12163,number theory
user12163,constructive algorithms
user12163,implementation
user12163,greedy
user12163,dfs and similar
user12163,dp
user12163,strings
user12163,trees
user12163,data structures
user12163,sortings
user12163,combinatorics
user12163,two pointers
user12163,bitmasks
user12163,graphs
user12163,interactive
user12163,binary search
user12163,brute force
user12163,dsu
user12164,constructive algorithms
user12164,strings
user12164,math
user12164,sortings
user12164,brute force
user12164,implementation
user12164,greedy
user12164,two pointers
user12164,dp
user12164,number theory
user12164,binary search
user12164,data structures
user12164,graphs
user12164,combinatorics
user12164,bitmasks
user12164,dfs and similar
user12164,dsu
user12164,trees
user12164,interactive
user12166,greedy
user12166,math
user12166,implementation
user12166,sortings
user12166,trees
user12166,strings
user12166,bitmasks
user12166,brute force
user12166,dfs and similar
user12166,dp
user12166,data structures
user12166,graphs
user12166,binary search
user12166,combinatorics
user12166,number theory
user12166,unk
user12166,interactive
user12166,two pointers
user12166,constructive algorithms
user12166,dsu
user1217,constructive algorithms
user1217,implementation
user1217,data structures
user1217,strings
user1217,greedy
user1217,math
user1217,binary search
user1217,brute force
user1217,dp
user1217,sortings
user1217,two pointers
user1217,trees
user1217,bitmasks
user1217,number theory
user1217,combinatorics
user1217,unk
user1217,dsu
user1217,dfs and similar
user1217,graphs
user1217,interactive
user12177,implementation
user12177,dp
user12177,greedy
user12177,constructive algorithms
user12177,math
user12177,sortings
user12177,strings
user12177,brute force
user12177,combinatorics
user12177,graphs
user12177,bitmasks
user12177,number theory
user12177,data structures
user12177,two pointers
user12177,binary search
user12177,dfs and similar
user12177,dsu
user12178,implementation
user12178,math
user12178,data structures
user12178,brute force
user12178,strings
user12178,constructive algorithms
user12178,dp
user12178,greedy
user12178,binary search
user12178,sortings
user12178,number theory
user12178,dfs and similar
user12178,graphs
user12178,trees
user12178,dsu
user12178,two pointers
user12178,combinatorics
user12178,interactive
user12178,bitmasks
user12180,dp
user12180,math
user12180,number theory
user12180,greedy
user12180,implementation
user12180,brute force
user12180,constructive algorithms
user12180,data structures
user12180,trees
user12180,graphs
user12180,two pointers
user12180,dfs and similar
user12180,dsu
user12180,binary search
user12181,math
user12181,sortings
user12181,two pointers
user12181,greedy
user12181,strings
user12181,data structures
user12181,brute force
user12181,constructive algorithms
user12181,implementation
user12181,number theory
user12181,binary search
user12181,dp
user12181,dfs and similar
user12181,bitmasks
user12181,combinatorics
user12181,interactive
user12181,graphs
user12181,trees
user12186,implementation
user12186,strings
user12186,constructive algorithms
user12186,math
user12186,brute force
user12186,greedy
user12186,dp
user12186,sortings
user12186,dfs and similar
user12186,number theory
user12186,data structures
user12186,graphs
user12186,binary search
user12186,two pointers
user12186,trees
user12186,dsu
user12189,greedy
user12189,math
user12189,sortings
user12189,implementation
user12189,strings
user12189,brute force
user12189,number theory
user12189,data structures
user12189,constructive algorithms
user12189,binary search
user12189,dfs and similar
user12189,two pointers
user12189,dsu
user12189,unk
user12189,graphs
user12189,interactive
user12189,dp
user12189,combinatorics
user12189,bitmasks
user12189,trees
user12192,constructive algorithms
user12192,implementation
user12192,dp
user12192,greedy
user12192,brute force
user12192,math
user12192,strings
user12192,sortings
user12192,number theory
user12192,binary search
user12192,two pointers
user12192,dfs and similar
user12192,graphs
user12192,trees
user12192,bitmasks
user12192,combinatorics
user12192,data structures
user12192,unk
user12192,dsu
user12192,interactive
user12193,dp
user12193,greedy
user12193,implementation
user12193,strings
user12193,math
user12193,unk
user12193,number theory
user12193,brute force
user12193,binary search
user12193,two pointers
user12193,constructive algorithms
user12193,sortings
user12193,bitmasks
user12193,data structures
user12193,trees
user12193,dfs and similar
user12193,combinatorics
user12193,dsu
user12193,graphs
user12193,interactive
user12194,implementation
user12194,strings
user12194,brute force
user12194,data structures
user12194,math
user12194,binary search
user12194,greedy
user12194,dp
user12194,dfs and similar
user12194,graphs
user12194,constructive algorithms
user12194,sortings
user12194,number theory
user12194,trees
user12194,two pointers
user12194,bitmasks
user12194,combinatorics
user12194,dsu
user12198,implementation
user12198,math
user12198,number theory
user12198,data structures
user12198,brute force
user12198,constructive algorithms
user12198,strings
user12198,dp
user12198,sortings
user12198,greedy
user12198,two pointers
user12198,binary search
user12198,bitmasks
user12198,dfs and similar
user12198,combinatorics
user12198,graphs
user12198,dsu
user12198,trees
user12200,implementation
user12200,greedy
user12200,math
user12200,sortings
user12200,brute force
user12200,constructive algorithms
user12200,strings
user12200,bitmasks
user12200,dp
user12200,dfs and similar
user12200,combinatorics
user12200,number theory
user12200,two pointers
user12200,unk
user12200,data structures
user12200,binary search
user12200,graphs
user12200,dsu
user12200,interactive
user12201,greedy
user12201,implementation
user12201,constructive algorithms
user12201,sortings
user12201,brute force
user12201,math
user12201,number theory
user12201,data structures
user12201,dp
user12201,graphs
user12201,binary search
user12201,bitmasks
user12201,strings
user12201,dfs and similar
user12201,two pointers
user12201,dsu
user12201,trees
user12201,combinatorics
user12201,unk
user12201,interactive
user12203,brute force
user12203,greedy
user12203,sortings
user12203,implementation
user12203,dp
user12203,dfs and similar
user12203,graphs
user12203,bitmasks
user12203,constructive algorithms
user12203,data structures
user12203,two pointers
user12203,math
user12203,trees
user12203,number theory
user12203,strings
user12203,dsu
user12203,binary search
user12203,combinatorics
user12203,interactive
user12204,brute force
user12204,strings
user12204,dp
user12204,implementation
user12204,greedy
user12204,math
user12204,bitmasks
user12204,data structures
user12204,sortings
user12204,number theory
user12204,constructive algorithms
user12204,binary search
user12204,two pointers
user12204,dfs and similar
user12204,graphs
user12204,dsu
user12204,trees
user12204,combinatorics
user12204,interactive
user12204,unk
user12205,unk
user12205,brute force
user12205,greedy
user12205,math
user12205,sortings
user12205,binary search
user12205,implementation
user12205,data structures
user12205,dp
user12205,constructive algorithms
user12205,dfs and similar
user12205,graphs
user12205,two pointers
user12205,number theory
user12205,combinatorics
user12205,dsu
user12205,trees
user12205,strings
user12205,bitmasks
user12206,greedy
user12206,sortings
user12206,math
user12206,constructive algorithms
user12206,bitmasks
user12206,binary search
user12206,data structures
user12206,brute force
user12206,dp
user12206,implementation
user12206,strings
user12206,two pointers
user12206,number theory
user12206,combinatorics
user12206,dfs and similar
user12206,trees
user12206,graphs
user12206,dsu
user12206,interactive
user12208,implementation
user12208,math
user12208,brute force
user12208,greedy
user12208,binary search
user12208,data structures
user12208,two pointers
user12208,sortings
user12208,constructive algorithms
user12208,dp
user12208,strings
user12208,combinatorics
user12208,number theory
user12208,bitmasks
user12208,dsu
user12208,dfs and similar
user12208,trees
user12208,interactive
user12208,unk
user12208,graphs
user12209,brute force
user12209,math
user12209,greedy
user12209,implementation
user12209,strings
user12209,number theory
user12209,two pointers
user12209,constructive algorithms
user12209,sortings
user12209,data structures
user12209,dp
user12209,dfs and similar
user12209,bitmasks
user12209,combinatorics
user12209,binary search
user12209,trees
user12209,graphs
user12209,dsu
user12209,unk
user12209,interactive
user1221,implementation
user1221,math
user1221,binary search
user1221,brute force
user1221,data structures
user1221,strings
user1221,greedy
user1221,sortings
user1221,constructive algorithms
user1221,number theory
user1221,dp
user1221,combinatorics
user1221,bitmasks
user1221,dfs and similar
user1221,trees
user1221,two pointers
user1221,unk
user1221,graphs
user1221,interactive
user1221,dsu
user12215,greedy
user12215,strings
user12215,brute force
user12215,implementation
user12215,constructive algorithms
user12215,graphs
user12215,math
user12215,sortings
user12215,number theory
user12215,dp
user12215,binary search
user12215,data structures
user12215,two pointers
user12215,bitmasks
user12215,combinatorics
user12218,constructive algorithms
user12218,graphs
user12218,greedy
user12218,implementation
user12218,math
user12218,brute force
user12218,bitmasks
user12218,dp
user12218,sortings
user12218,data structures
user12218,number theory
user12218,two pointers
user12218,strings
user12218,combinatorics
user12218,binary search
user12218,dfs and similar
user12218,trees
user12218,interactive
user12218,dsu
user1222,data structures
user1222,implementation
user1222,brute force
user1222,math
user1222,greedy
user1222,sortings
user1222,strings
user1222,constructive algorithms
user1222,dp
user1222,two pointers
user1222,binary search
user1222,number theory
user1222,combinatorics
user1222,interactive
user1222,trees
user1222,graphs
user1222,bitmasks
user1222,unk
user1222,dfs and similar
user1222,dsu
user12221,greedy
user12221,math
user12221,implementation
user12221,constructive algorithms
user12221,two pointers
user12221,brute force
user12221,dp
user12221,binary search
user12223,constructive algorithms
user12223,sortings
user12223,implementation
user12223,math
user12223,greedy
user12223,binary search
user12223,number theory
user12223,brute force
user12223,dp
user12223,data structures
user12223,bitmasks
user12223,two pointers
user12223,combinatorics
user12223,strings
user12223,dsu
user12223,graphs
user12223,dfs and similar
user12223,unk
user12223,trees
user12223,interactive
user12225,data structures
user12225,greedy
user12225,math
user12225,sortings
user12225,binary search
user12225,brute force
user12225,implementation
user12225,dfs and similar
user12225,constructive algorithms
user12225,strings
user12225,dp
user12225,number theory
user12225,two pointers
user12225,dsu
user12225,graphs
user12225,combinatorics
user12225,trees
user12225,interactive
user12227,strings
user12227,brute force
user12227,greedy
user12227,unk
user12227,constructive algorithms
user12227,math
user12227,implementation
user12227,sortings
user12227,dp
user12227,binary search
user12227,number theory
user12227,two pointers
user12227,data structures
user12227,bitmasks
user12227,trees
user12227,combinatorics
user12227,dfs and similar
user12227,graphs
user12227,dsu
user12227,interactive
user12228,binary search
user12228,data structures
user12228,sortings
user12228,dfs and similar
user12228,graphs
user12228,greedy
user12228,brute force
user12228,implementation
user12228,math
user12228,number theory
user12228,two pointers
user12228,dp
user12228,constructive algorithms
user12228,trees
user12228,interactive
user12229,implementation
user12229,math
user12229,greedy
user12229,two pointers
user12229,constructive algorithms
user12229,binary search
user12229,data structures
user12229,dfs and similar
user12229,dp
user12229,trees
user12229,brute force
user12229,strings
user12229,combinatorics
user12229,sortings
user12229,number theory
user12229,bitmasks
user12229,graphs
user12229,dsu
user12229,unk
user12231,math
user12231,number theory
user12231,constructive algorithms
user12231,bitmasks
user12231,implementation
user12231,brute force
user12231,binary search
user12231,greedy
user12231,strings
user12231,data structures
user12231,sortings
user12231,graphs
user12231,dsu
user12231,combinatorics
user12231,dp
user12231,unk
user12231,two pointers
user12231,dfs and similar
user12231,trees
user12231,interactive
user12235,greedy
user12235,math
user12235,implementation
user12235,constructive algorithms
user12235,sortings
user12235,combinatorics
user12235,bitmasks
user12235,brute force
user12235,number theory
user12235,strings
user12235,binary search
user12235,two pointers
user12235,dfs and similar
user12235,dp
user12235,trees
user12235,data structures
user12235,interactive
user12235,graphs
user12235,dsu
user12237,binary search
user12237,data structures
user12237,dfs and similar
user12237,graphs
user12237,constructive algorithms
user12237,implementation
user12237,math
user12237,combinatorics
user12237,greedy
user12237,dp
user12237,brute force
user12237,number theory
user12237,interactive
user12237,sortings
user12237,two pointers
user12237,bitmasks
user12238,implementation
user12238,math
user12238,trees
user12238,data structures
user12238,greedy
user12238,binary search
user12238,dp
user12238,two pointers
user12238,constructive algorithms
user12238,brute force
user12238,dfs and similar
user12238,sortings
user12238,strings
user12238,number theory
user12239,constructive algorithms
user12239,greedy
user12239,sortings
user12239,implementation
user12239,math
user12239,data structures
user12239,binary search
user12239,brute force
user12239,dp
user12239,strings
user12239,two pointers
user12239,dfs and similar
user12239,dsu
user12239,number theory
user12239,combinatorics
user12239,graphs
user12239,trees
user12239,bitmasks
user12239,interactive
user12240,brute force
user12240,implementation
user12240,greedy
user12240,math
user12240,number theory
user12240,constructive algorithms
user12240,two pointers
user12247,bitmasks
user12247,math
user12247,constructive algorithms
user12247,binary search
user12247,data structures
user12247,implementation
user12247,two pointers
user12247,unk
user12247,number theory
user12247,brute force
user12247,greedy
user12247,sortings
user12247,dp
user12247,combinatorics
user12247,dsu
user12247,graphs
user12247,strings
user12247,dfs and similar
user12247,trees
user12247,interactive
user1225,greedy
user1225,implementation
user1225,constructive algorithms
user1225,number theory
user1225,sortings
user1225,strings
user1225,brute force
user1225,math
user1225,dp
user1225,data structures
user1225,binary search
user1225,unk
user1225,bitmasks
user1225,combinatorics
user1225,two pointers
user1225,interactive
user1225,dfs and similar
user1225,dsu
user1225,graphs
user1225,trees
user12250,implementation
user12250,math
user12250,greedy
user12250,constructive algorithms
user12250,sortings
user12250,brute force
user12250,binary search
user12250,number theory
user12250,combinatorics
user12250,strings
user12250,dp
user12250,two pointers
user12250,data structures
user12250,bitmasks
user12250,dfs and similar
user12250,graphs
user12250,trees
user12250,dsu
user12250,interactive
user12252,implementation
user12252,strings
user12252,sortings
user12252,dfs and similar
user12252,math
user12252,dsu
user12252,graphs
user12252,dp
user12252,bitmasks
user12252,greedy
user12252,binary search
user12252,two pointers
user12252,brute force
user12252,combinatorics
user12252,number theory
user12252,data structures
user12252,trees
user12252,constructive algorithms
user12252,unk
user12252,interactive
user12254,greedy
user12254,math
user12254,data structures
user12254,strings
user12255,bitmasks
user12255,data structures
user12255,math
user12255,binary search
user12255,greedy
user12255,number theory
user12255,dp
user12255,implementation
user12255,strings
user12255,constructive algorithms
user12255,brute force
user12255,graphs
user12255,sortings
user12255,two pointers
user12255,dfs and similar
user12255,interactive
user12255,trees
user12255,combinatorics
user12255,dsu
user12255,unk
user12257,combinatorics
user12257,greedy
user12257,math
user12257,implementation
user12257,constructive algorithms
user12257,number theory
user12257,brute force
user12257,binary search
user12257,bitmasks
user12257,data structures
user12257,dp
user12257,strings
user12257,sortings
user12257,two pointers
user12257,dfs and similar
user12257,graphs
user12257,unk
user12257,trees
user12257,interactive
user12257,dsu
user12258,constructive algorithms
user12258,greedy
user12258,graphs
user12258,implementation
user12258,strings
user12258,brute force
user12258,math
user12258,sortings
user12258,two pointers
user12258,bitmasks
user12258,combinatorics
user12258,trees
user12258,dfs and similar
user12258,dp
user12258,binary search
user12258,data structures
user12258,number theory
user12258,dsu
user12258,unk
user12258,interactive
user12262,constructive algorithms
user12262,number theory
user12262,greedy
user12262,math
user12262,combinatorics
user12262,binary search
user12262,sortings
user12262,bitmasks
user12262,dfs and similar
user12262,brute force
user12262,dp
user12262,implementation
user12262,data structures
user12262,two pointers
user12262,graphs
user12262,trees
user12262,strings
user12262,interactive
user12262,dsu
user12263,binary search
user12263,bitmasks
user12263,data structures
user12263,greedy
user12263,math
user12263,sortings
user12263,brute force
user12263,two pointers
user12263,dp
user12263,graphs
user12263,implementation
user12263,dfs and similar
user12263,trees
user12263,strings
user12263,constructive algorithms
user12263,number theory
user12263,combinatorics
user12264,dp
user12264,implementation
user12264,bitmasks
user12264,brute force
user12264,strings
user12264,binary search
user12264,math
user12264,greedy
user12264,data structures
user12264,dfs and similar
user12264,constructive algorithms
user12264,number theory
user12264,combinatorics
user12264,sortings
user12264,two pointers
user12264,dsu
user12264,graphs
user12264,trees
user12264,interactive
user12266,brute force
user12266,greedy
user12266,sortings
user12266,constructive algorithms
user12266,implementation
user12266,unk
user12266,math
user12266,combinatorics
user12266,number theory
user12266,strings
user12266,bitmasks
user12266,dfs and similar
user12266,dp
user12266,two pointers
user12266,data structures
user12266,binary search
user12266,interactive
user12266,dsu
user12266,graphs
user12266,trees
user12267,implementation
user12267,strings
user12267,brute force
user12267,sortings
user12267,data structures
user12267,math
user12267,number theory
user12267,greedy
user12267,dsu
user12267,unk
user12267,dp
user12267,constructive algorithms
user12267,binary search
user12267,dfs and similar
user12267,two pointers
user12267,trees
user12267,bitmasks
user12267,graphs
user12267,combinatorics
user12269,implementation
user12269,two pointers
user12269,brute force
user12269,greedy
user12269,strings
user12269,dp
user12269,sortings
user12269,binary search
user12269,data structures
user12269,dfs and similar
user12269,bitmasks
user12269,constructive algorithms
user12269,math
user12269,trees
user12269,number theory
user12269,combinatorics
user12269,unk
user12269,graphs
user12269,dsu
user12269,interactive
user12270,math
user12270,brute force
user12270,constructive algorithms
user12270,greedy
user12270,sortings
user12270,two pointers
user12270,data structures
user12270,implementation
user12270,strings
user12270,number theory
user12270,binary search
user12270,dp
user12270,graphs
user12270,dfs and similar
user12270,dsu
user12270,interactive
user12272,greedy
user12272,brute force
user12272,sortings
user12272,implementation
user12272,data structures
user12272,two pointers
user12272,math
user12278,constructive algorithms
user12278,implementation
user12278,math
user12278,combinatorics
user12278,number theory
user12278,sortings
user12278,data structures
user12278,greedy
user12278,two pointers
user12278,binary search
user12278,brute force
user12278,strings
user12278,dp
user12278,graphs
user12278,unk
user12278,bitmasks
user12278,dfs and similar
user12278,trees
user12279,implementation
user12279,greedy
user12279,math
user12279,binary search
user12279,brute force
user12279,dp
user12279,number theory
user12279,constructive algorithms
user12279,strings
user12279,two pointers
user12279,sortings
user12279,data structures
user12279,dsu
user12280,constructive algorithms
user12280,number theory
user12280,implementation
user12280,math
user12280,combinatorics
user12280,greedy
user12280,binary search
user12280,strings
user12280,dp
user12280,unk
user12280,sortings
user12280,brute force
user12280,bitmasks
user12280,data structures
user12280,two pointers
user12280,dfs and similar
user12280,dsu
user12280,trees
user12280,graphs
user12280,interactive
user12282,binary search
user12282,constructive algorithms
user12282,math
user12282,brute force
user12282,greedy
user12282,dp
user12282,implementation
user12282,strings
user12282,number theory
user12282,data structures
user12282,sortings
user12282,bitmasks
user12282,two pointers
user12282,dsu
user12282,dfs and similar
user12282,graphs
user12282,trees
user12282,interactive
user12282,combinatorics
user12282,unk
user12286,implementation
user12286,math
user12286,brute force
user12286,binary search
user12286,number theory
user12286,constructive algorithms
user12286,greedy
user12286,data structures
user12286,sortings
user12286,two pointers
user12286,dp
user12286,dfs and similar
user12286,graphs
user12286,trees
user12286,dsu
user12286,bitmasks
user12286,combinatorics
user12289,brute force
user12289,constructive algorithms
user12289,math
user12289,binary search
user12289,strings
user12289,implementation
user12289,number theory
user12289,dp
user12289,greedy
user12289,data structures
user12289,sortings
user12289,combinatorics
user12289,unk
user12289,two pointers
user12289,trees
user12289,bitmasks
user12289,dsu
user12289,dfs and similar
user12289,graphs
user12289,interactive
user1229,math
user1229,greedy
user1229,implementation
user1229,binary search
user1229,number theory
user1229,constructive algorithms
user1229,brute force
user1229,dp
user1229,combinatorics
user1229,strings
user1229,sortings
user1229,data structures
user1229,dfs and similar
user1229,graphs
user1229,two pointers
user1229,bitmasks
user1229,interactive
user1229,trees
user1229,dsu
user12291,greedy
user12291,math
user12291,constructive algorithms
user12291,bitmasks
user12291,two pointers
user12291,dp
user12291,implementation
user12291,strings
user12291,brute force
user12291,number theory
user12291,combinatorics
user12291,dfs and similar
user12291,graphs
user12291,binary search
user12291,data structures
user12291,sortings
user12291,trees
user12291,dsu
user12291,interactive
user12292,brute force
user12292,greedy
user12292,sortings
user12292,bitmasks
user12292,constructive algorithms
user12292,binary search
user12292,dp
user12292,implementation
user12292,math
user12292,strings
user12292,unk
user12292,data structures
user12292,trees
user12292,two pointers
user12292,number theory
user12292,combinatorics
user12292,dfs and similar
user12292,dsu
user12292,graphs
user12292,interactive
user12295,implementation
user12295,data structures
user12295,greedy
user12295,sortings
user12295,dfs and similar
user12295,math
user12295,number theory
user12295,constructive algorithms
user12295,bitmasks
user12295,brute force
user12295,binary search
user12295,strings
user12295,dp
user12295,combinatorics
user12295,two pointers
user12295,graphs
user12295,trees
user12295,interactive
user1230,implementation
user1230,greedy
user1230,math
user1230,strings
user1230,constructive algorithms
user1230,number theory
user1230,brute force
user1230,two pointers
user1230,dp
user1230,data structures
user1230,sortings
user1230,unk
user1230,binary search
user1230,dfs and similar
user1230,graphs
user1230,trees
user1230,combinatorics
user1230,bitmasks
user1230,dsu
user1230,interactive
user12306,greedy
user12306,implementation
user12306,sortings
user12306,strings
user12306,math
user12306,brute force
user12306,number theory
user12306,constructive algorithms
user12306,data structures
user12306,two pointers
user12306,combinatorics
user12306,dp
user12306,bitmasks
user12306,binary search
user12306,dfs and similar
user12306,graphs
user12306,dsu
user12306,interactive
user12307,greedy
user12307,implementation
user12307,math
user12307,brute force
user12307,combinatorics
user12307,sortings
user12307,strings
user12307,data structures
user12307,constructive algorithms
user12307,two pointers
user12307,dp
user12307,bitmasks
user12307,dfs and similar
user12307,number theory
user12307,binary search
user12307,graphs
user12307,unk
user12307,dsu
user12307,trees
user12307,interactive
user12308,greedy
user12308,implementation
user12308,strings
user12308,brute force
user12308,sortings
user12308,math
user12308,number theory
user12308,constructive algorithms
user12308,data structures
user12308,two pointers
user12308,dp
user12308,dfs and similar
user12308,combinatorics
user12308,binary search
user12308,bitmasks
user12308,graphs
user12308,dsu
user12308,trees
user12308,interactive
user12313,implementation
user12313,dp
user12313,greedy
user12313,strings
user12313,brute force
user12313,math
user12313,sortings
user12313,number theory
user12313,constructive algorithms
user12313,two pointers
user12313,data structures
user12313,dfs and similar
user12313,binary search
user12313,combinatorics
user12313,graphs
user12313,dsu
user12313,bitmasks
user12313,trees
user12316,implementation
user12316,greedy
user12316,sortings
user12316,dp
user12316,math
user12316,brute force
user12316,number theory
user12316,constructive algorithms
user12316,strings
user12316,bitmasks
user12316,unk
user12316,combinatorics
user12316,two pointers
user12316,binary search
user12316,data structures
user12316,dfs and similar
user12316,graphs
user12316,trees
user12316,dsu
user12316,interactive
user12325,unk
user12325,math
user12325,sortings
user12325,implementation
user12325,dp
user12325,greedy
user12325,constructive algorithms
user12325,strings
user12325,brute force
user12325,number theory
user12325,binary search
user12325,dsu
user12325,bitmasks
user12325,data structures
user12325,dfs and similar
user12325,two pointers
user12325,combinatorics
user12325,trees
user12325,graphs
user12325,interactive
user12327,brute force
user12327,dp
user12327,greedy
user12327,math
user12327,number theory
user12327,constructive algorithms
user12327,strings
user12327,binary search
user12327,data structures
user12327,two pointers
user12327,sortings
user12327,dsu
user12327,implementation
user12327,trees
user12327,combinatorics
user12327,graphs
user12327,dfs and similar
user12327,bitmasks
user12327,unk
user12328,implementation
user12328,brute force
user12328,greedy
user12328,sortings
user12328,strings
user12328,number theory
user12328,math
user12328,constructive algorithms
user12328,dp
user12328,graphs
user12328,data structures
user12328,two pointers
user12328,bitmasks
user12328,binary search
user12328,combinatorics
user12328,dfs and similar
user12328,trees
user12328,dsu
user12333,greedy
user12333,math
user12333,dp
user12333,implementation
user12333,strings
user12333,dfs and similar
user12333,graphs
user12333,trees
user12333,brute force
user12333,number theory
user12333,sortings
user12333,data structures
user12333,binary search
user12333,constructive algorithms
user12333,bitmasks
user12333,combinatorics
user12333,dsu
user12333,unk
user12333,two pointers
user12336,implementation
user12336,strings
user12336,greedy
user12336,sortings
user12336,unk
user12336,math
user12336,number theory
user12336,brute force
user12336,dp
user12336,bitmasks
user12336,constructive algorithms
user12336,graphs
user12336,combinatorics
user12336,binary search
user12336,two pointers
user12336,dfs and similar
user12336,dsu
user12336,trees
user12336,data structures
user12336,interactive
user12337,combinatorics
user12337,greedy
user12337,math
user12337,brute force
user12337,implementation
user12337,strings
user12337,sortings
user12337,constructive algorithms
user12337,unk
user12337,dp
user12337,number theory
user12337,binary search
user12337,dfs and similar
user12337,two pointers
user12337,data structures
user12337,dsu
user12338,greedy
user12338,math
user12338,brute force
user12338,data structures
user12338,implementation
user12338,combinatorics
user12338,constructive algorithms
user12338,strings
user12338,dp
user12338,binary search
user12338,dfs and similar
user12338,dsu
user12338,graphs
user12338,bitmasks
user12338,two pointers
user12338,sortings
user12338,number theory
user12338,trees
user12338,interactive
user12346,math
user12346,constructive algorithms
user12346,greedy
user12346,sortings
user12346,data structures
user12346,number theory
user12346,dp
user12346,graphs
user12346,implementation
user12346,bitmasks
user12346,brute force
user12346,strings
user12346,binary search
user12346,two pointers
user12346,dfs and similar
user12346,dsu
user12346,trees
user12346,combinatorics
user12346,interactive
user12352,implementation
user12352,math
user12352,dp
user12352,greedy
user12352,strings
user12352,two pointers
user12352,unk
user12352,brute force
user12352,constructive algorithms
user12352,number theory
user12352,sortings
user12352,dfs and similar
user12352,trees
user12352,dsu
user12352,graphs
user12352,binary search
user12352,data structures
user12352,combinatorics
user12352,bitmasks
user12352,interactive
user12356,implementation
user12356,math
user12356,greedy
user12356,two pointers
user12356,dp
user12356,brute force
user12356,data structures
user12356,dfs and similar
user12356,constructive algorithms
user12356,dsu
user1236,dp
user1236,greedy
user1236,implementation
user1236,constructive algorithms
user1236,math
user1236,unk
user1236,strings
user1236,binary search
user1236,brute force
user1236,number theory
user1236,sortings
user1236,combinatorics
user1236,two pointers
user1236,bitmasks
user1236,data structures
user1236,dfs and similar
user1236,trees
user1236,graphs
user1236,interactive
user1236,dsu
user12364,math
user12364,number theory
user12364,brute force
user12364,dfs and similar
user12364,dp
user12364,implementation
user12364,greedy
user12364,constructive algorithms
user12364,strings
user12364,sortings
user12364,data structures
user12364,binary search
user12364,combinatorics
user12364,graphs
user12364,trees
user12364,interactive
user12364,two pointers
user12364,dsu
user12378,implementation
user12378,greedy
user12378,strings
user12378,data structures
user12378,brute force
user12378,dfs and similar
user12378,dp
user12378,sortings
user12378,bitmasks
user12378,binary search
user12378,interactive
user12378,two pointers
user12378,math
user12378,constructive algorithms
user12378,number theory
user12378,combinatorics
user12378,graphs
user12378,trees
user12378,dsu
user12378,unk
user12382,brute force
user12382,greedy
user12382,math
user12382,number theory
user12382,sortings
user12382,two pointers
user12382,constructive algorithms
user12382,data structures
user12382,implementation
user12382,dfs and similar
user12382,trees
user12382,combinatorics
user12382,dp
user12382,graphs
user12382,dsu
user12382,binary search
user12382,bitmasks
user12382,interactive
user12384,implementation
user12384,math
user12384,greedy
user12384,strings
user12384,two pointers
user12384,brute force
user12384,constructive algorithms
user12384,sortings
user12384,combinatorics
user12384,graphs
user12384,bitmasks
user12384,dfs and similar
user12384,dp
user12384,number theory
user12384,binary search
user12384,data structures
user12384,dsu
user12384,trees
user12384,interactive
user12386,brute force
user12386,implementation
user12386,dp
user12386,math
user12386,strings
user12386,constructive algorithms
user12386,bitmasks
user12386,binary search
user12386,greedy
user12386,sortings
user12386,number theory
user12386,data structures
user12386,dfs and similar
user12386,combinatorics
user12386,graphs
user12386,two pointers
user12386,unk
user12386,dsu
user12386,trees
user12386,interactive
user12391,data structures
user12391,implementation
user12391,strings
user12391,math
user12391,brute force
user12391,constructive algorithms
user12391,greedy
user12391,dp
user12391,dfs and similar
user12391,graphs
user12391,binary search
user12391,two pointers
user12391,sortings
user12391,number theory
user12391,unk
user12391,dsu
user12391,bitmasks
user12391,combinatorics
user12391,trees
user12391,interactive
user12393,data structures
user12393,implementation
user12393,greedy
user12393,sortings
user12393,binary search
user12393,math
user12393,brute force
user12393,strings
user12393,constructive algorithms
user12393,number theory
user12393,unk
user12393,two pointers
user12393,dsu
user12393,graphs
user12393,dp
user12393,bitmasks
user12393,dfs and similar
user12393,combinatorics
user12393,trees
user12393,interactive
user12398,binary search
user12398,constructive algorithms
user12398,math
user12398,brute force
user12398,greedy
user12398,sortings
user12398,dsu
user12398,implementation
user12398,data structures
user12398,strings
user12398,bitmasks
user12398,two pointers
user12398,dp
user12398,interactive
user12398,number theory
user12398,graphs
user12398,dfs and similar
user12398,trees
user12398,combinatorics
user12399,greedy
user12399,math
user12399,number theory
user12399,implementation
user12399,sortings
user12399,binary search
user12399,constructive algorithms
user12399,data structures
user12399,bitmasks
user12399,brute force
user12399,dp
user12399,dfs and similar
user12399,two pointers
user12399,graphs
user12399,trees
user12400,implementation
user12400,strings
user12400,greedy
user12400,sortings
user12400,math
user12400,number theory
user12400,brute force
user12400,binary search
user12400,dp
user12400,two pointers
user12400,constructive algorithms
user12400,data structures
user12400,combinatorics
user12400,dsu
user12400,graphs
user12400,bitmasks
user12400,dfs and similar
user12400,trees
user12400,interactive
user12402,math
user12402,greedy
user12402,number theory
user12402,constructive algorithms
user12402,implementation
user12402,sortings
user12402,brute force
user12402,combinatorics
user12402,dfs and similar
user12402,dp
user12402,data structures
user12402,two pointers
user12402,graphs
user12402,strings
user12402,unk
user12402,binary search
user12402,bitmasks
user12402,interactive
user12402,trees
user12402,dsu
user12406,implementation
user12406,math
user12406,constructive algorithms
user12406,brute force
user12406,strings
user12406,sortings
user12406,dfs and similar
user12406,binary search
user12406,greedy
user12406,number theory
user12406,dp
user12406,two pointers
user12406,graphs
user12406,data structures
user12406,bitmasks
user12406,trees
user12406,combinatorics
user12416,math
user12416,number theory
user12416,brute force
user12416,greedy
user12416,strings
user12416,implementation
user12416,sortings
user12416,constructive algorithms
user12416,bitmasks
user12416,combinatorics
user12416,dp
user12416,two pointers
user12416,data structures
user12416,dfs and similar
user12416,trees
user12416,binary search
user12416,graphs
user12416,dsu
user12416,interactive
user12418,implementation
user12418,brute force
user12418,constructive algorithms
user12418,greedy
user12418,math
user12418,binary search
user12418,dp
user12418,data structures
user1242,constructive algorithms
user1242,greedy
user1242,math
user1242,brute force
user1242,implementation
user1242,sortings
user1242,number theory
user1242,strings
user1242,data structures
user1242,dp
user1242,binary search
user1242,combinatorics
user1242,graphs
user1242,dfs and similar
user1242,dsu
user1242,interactive
user1242,bitmasks
user1242,trees
user1242,two pointers
user12420,brute force
user12420,math
user12420,strings
user12420,implementation
user12420,greedy
user12420,constructive algorithms
user12420,dp
user12420,sortings
user12420,binary search
user12420,number theory
user12420,graphs
user12420,bitmasks
user12420,data structures
user12420,two pointers
user12420,dfs and similar
user12420,combinatorics
user12420,unk
user12420,interactive
user12420,dsu
user12420,trees
user12422,dfs and similar
user12422,dp
user12422,greedy
user12422,implementation
user12422,math
user12422,data structures
user12422,brute force
user12422,sortings
user12423,constructive algorithms
user12423,data structures
user12423,dp
user12423,greedy
user12423,sortings
user12423,strings
user12423,graphs
user12423,implementation
user12423,bitmasks
user12423,number theory
user12423,math
user12423,combinatorics
user12423,binary search
user12423,dfs and similar
user12423,dsu
user12423,brute force
user12423,trees
user12423,two pointers
user12423,interactive
user12424,binary search
user12424,data structures
user12424,implementation
user12424,brute force
user12424,greedy
user12424,dp
user12424,constructive algorithms
user12424,math
user12424,trees
user12424,dfs and similar
user12424,dsu
user12424,sortings
user12424,strings
user12424,number theory
user12424,graphs
user12424,two pointers
user12428,constructive algorithms
user12428,number theory
user12428,implementation
user12428,math
user12428,brute force
user12428,greedy
user12428,dp
user12428,data structures
user12428,binary search
user12428,two pointers
user12428,sortings
user12428,strings
user12428,interactive
user12428,dfs and similar
user12428,bitmasks
user12428,trees
user12428,graphs
user12428,combinatorics
user12428,dsu
user12429,implementation
user12429,number theory
user12429,math
user12429,greedy
user12429,sortings
user12429,brute force
user12429,dp
user12429,strings
user12429,constructive algorithms
user12429,binary search
user12429,two pointers
user12429,bitmasks
user12429,data structures
user12429,unk
user12429,dsu
user1243,greedy
user1243,constructive algorithms
user1243,combinatorics
user1243,dp
user1243,bitmasks
user1243,math
user1243,brute force
user1243,number theory
user1243,unk
user1243,binary search
user1243,implementation
user1243,strings
user1243,data structures
user1243,two pointers
user1243,sortings
user1243,dsu
user1243,dfs and similar
user1243,graphs
user1243,trees
user1243,interactive
user12430,constructive algorithms
user12430,implementation
user12430,math
user12430,sortings
user12430,dfs and similar
user12430,brute force
user12430,graphs
user12430,trees
user12430,dsu
user12430,greedy
user12430,number theory
user12430,strings
user12430,data structures
user12430,two pointers
user12430,dp
user12430,binary search
user12430,bitmasks
user12430,combinatorics
user12430,unk
user12430,interactive
user12432,greedy
user12432,constructive algorithms
user12432,math
user12432,strings
user12432,implementation
user12432,data structures
user12432,sortings
user12432,two pointers
user12432,brute force
user12432,dp
user12432,bitmasks
user12432,combinatorics
user12432,number theory
user12432,dsu
user12432,graphs
user12432,dfs and similar
user12432,trees
user12432,binary search
user12432,unk
user12432,interactive
user12434,binary search
user12434,data structures
user12434,greedy
user12434,implementation
user12434,math
user12434,constructive algorithms
user12434,dfs and similar
user12434,brute force
user12434,number theory
user12434,dp
user12434,trees
user12434,sortings
user12434,two pointers
user12434,graphs
user12434,dsu
user12435,implementation
user12435,greedy
user12435,math
user12435,number theory
user12435,brute force
user12435,bitmasks
user12435,dp
user12435,sortings
user12435,constructive algorithms
user12435,binary search
user12435,strings
user12435,two pointers
user12435,data structures
user12435,combinatorics
user12435,dfs and similar
user12435,dsu
user12437,dfs and similar
user12437,dp
user12437,graphs
user12437,trees
user12437,data structures
user12437,greedy
user12437,brute force
user12437,sortings
user12437,two pointers
user12437,constructive algorithms
user12437,implementation
user12437,strings
user12437,math
user12437,binary search
user12437,bitmasks
user12437,number theory
user12437,dsu
user12437,combinatorics
user12437,interactive
user12440,implementation
user12440,bitmasks
user12440,constructive algorithms
user12440,binary search
user12440,brute force
user12440,dp
user12440,math
user12440,data structures
user12440,greedy
user12440,number theory
user12440,two pointers
user12440,strings
user12440,dfs and similar
user12440,graphs
user12440,trees
user12440,sortings
user12440,dsu
user12440,combinatorics
user12443,brute force
user12443,implementation
user12443,two pointers
user12443,constructive algorithms
user12443,dfs and similar
user12443,math
user12443,greedy
user12443,data structures
user12443,dsu
user12443,graphs
user12443,binary search
user12443,number theory
user12443,trees
user12443,strings
user12443,sortings
user12443,dp
user12443,bitmasks
user12443,combinatorics
user12443,interactive
user12446,constructive algorithms
user12446,strings
user12446,brute force
user12446,math
user12446,dp
user12446,greedy
user12446,dfs and similar
user12446,implementation
user12446,graphs
user12446,two pointers
user12446,trees
user12446,dsu
user12446,number theory
user12446,binary search
user12446,sortings
user12446,bitmasks
user12446,data structures
user12446,combinatorics
user12446,unk
user12446,interactive
user1245,brute force
user1245,greedy
user1245,implementation
user1245,sortings
user1245,strings
user1245,unk
user1245,math
user1245,combinatorics
user1245,two pointers
user1245,constructive algorithms
user1245,binary search
user1245,number theory
user1245,dp
user1245,data structures
user1245,bitmasks
user1245,graphs
user1245,dsu
user12451,implementation
user12451,data structures
user12451,greedy
user12451,math
user12451,two pointers
user12451,graphs
user12451,binary search
user12453,implementation
user12453,bitmasks
user12453,brute force
user12453,greedy
user12453,strings
user12453,math
user12453,constructive algorithms
user12453,combinatorics
user12453,sortings
user12453,number theory
user12453,dfs and similar
user12453,dp
user12453,dsu
user12453,graphs
user12453,unk
user12453,two pointers
user12453,trees
user12453,binary search
user12453,data structures
user12453,interactive
user12456,brute force
user12456,implementation
user12456,strings
user12456,math
user12456,sortings
user12456,greedy
user12456,constructive algorithms
user12456,number theory
user12456,binary search
user12456,dp
user12456,combinatorics
user12456,two pointers
user12456,data structures
user12456,bitmasks
user12456,dfs and similar
user12456,graphs
user12456,trees
user12459,implementation
user12459,math
user12459,constructive algorithms
user12459,sortings
user12459,greedy
user12459,data structures
user12459,number theory
user12459,brute force
user1246,implementation
user1246,greedy
user1246,math
user1246,brute force
user12460,brute force
user12460,math
user12460,strings
user12460,implementation
user12460,combinatorics
user12460,number theory
user12460,dp
user12460,greedy
user12460,constructive algorithms
user12460,sortings
user12460,binary search
user12460,interactive
user12460,bitmasks
user12460,data structures
user12460,dsu
user12460,two pointers
user12461,greedy
user12461,constructive algorithms
user12461,math
user12461,binary search
user12461,bitmasks
user12461,data structures
user12461,brute force
user12461,unk
user12461,implementation
user12461,sortings
user12461,number theory
user12461,strings
user12461,dp
user12461,trees
user12461,two pointers
user12461,combinatorics
user12461,dsu
user12461,dfs and similar
user12461,graphs
user12461,interactive
user12464,implementation
user12464,strings
user12464,greedy
user12464,sortings
user12464,math
user12464,brute force
user12464,two pointers
user12464,dp
user12464,data structures
user12464,binary search
user12464,constructive algorithms
user12464,combinatorics
user12464,number theory
user12464,bitmasks
user12464,graphs
user12464,dfs and similar
user12464,dsu
user12464,trees
user12464,unk
user12464,interactive
user12465,greedy
user12465,math
user12465,strings
user12465,constructive algorithms
user12465,brute force
user12465,implementation
user12465,two pointers
user12465,binary search
user12465,sortings
user12465,dp
user12465,data structures
user12465,unk
user12465,bitmasks
user12465,dfs and similar
user12465,dsu
user12465,graphs
user12465,number theory
user12465,combinatorics
user12465,interactive
user12465,trees
user12468,implementation
user12468,sortings
user12468,brute force
user12468,math
user12468,number theory
user12468,binary search
user12468,strings
user12468,greedy
user12468,constructive algorithms
user12468,two pointers
user12468,combinatorics
user12468,dp
user12468,unk
user12468,data structures
user12468,bitmasks
user12468,trees
user12468,dfs and similar
user12468,graphs
user12468,dsu
user12468,interactive
user1247,math
user1247,greedy
user1247,number theory
user1247,implementation
user1247,sortings
user1247,strings
user1247,binary search
user1247,brute force
user1247,constructive algorithms
user1247,two pointers
user1247,data structures
user1247,dp
user1247,dfs and similar
user1247,combinatorics
user1247,graphs
user1247,bitmasks
user1247,dsu
user1247,trees
user1247,interactive
user12479,brute force
user12479,math
user12479,dp
user12479,greedy
user12479,strings
user12479,data structures
user12479,sortings
user12479,trees
user12479,bitmasks
user12479,dfs and similar
user12479,dsu
user12479,graphs
user12479,implementation
user12479,constructive algorithms
user12479,binary search
user12479,combinatorics
user12479,two pointers
user12479,number theory
user12479,interactive
user12484,data structures
user12484,dfs and similar
user12484,dp
user12484,graphs
user12484,greedy
user12484,trees
user12484,implementation
user12484,sortings
user12484,binary search
user12484,math
user12484,number theory
user12484,two pointers
user12484,constructive algorithms
user12484,brute force
user12484,combinatorics
user12484,bitmasks
user12484,strings
user12484,dsu
user12487,dp
user12487,strings
user12487,implementation
user12487,math
user12487,binary search
user12487,bitmasks
user12487,brute force
user12487,constructive algorithms
user12487,two pointers
user12487,greedy
user12487,data structures
user12487,sortings
user12487,graphs
user12487,number theory
user12487,dfs and similar
user12487,interactive
user12487,dsu
user12487,combinatorics
user12487,trees
user12489,data structures
user12489,constructive algorithms
user12489,implementation
user12489,dfs and similar
user12489,number theory
user12489,trees
user12489,sortings
user12489,greedy
user12489,strings
user12489,dsu
user12489,graphs
user12489,binary search
user12489,math
user12489,dp
user12489,unk
user12489,bitmasks
user12489,two pointers
user12489,combinatorics
user12489,brute force
user12489,interactive
user12498,greedy
user12498,implementation
user12498,math
user12498,sortings
user12498,brute force
user12498,combinatorics
user12498,dfs and similar
user12498,dsu
user12498,graphs
user12498,bitmasks
user12498,constructive algorithms
user12498,data structures
user12498,unk
user12498,trees
user12498,two pointers
user12498,binary search
user12498,interactive
user12498,strings
user12498,dp
user12498,number theory
user12501,brute force
user12501,greedy
user12501,math
user12501,constructive algorithms
user12501,strings
user12501,data structures
user12501,implementation
user12501,sortings
user12501,number theory
user12501,dfs and similar
user12501,combinatorics
user12501,binary search
user12501,dp
user12501,bitmasks
user12501,graphs
user12501,two pointers
user12501,dsu
user12501,interactive
user12501,trees
user12502,dp
user12502,greedy
user12502,math
user12502,number theory
user12502,brute force
user12502,constructive algorithms
user12502,implementation
user12502,sortings
user12502,two pointers
user12502,bitmasks
user12502,dfs and similar
user12502,trees
user12502,binary search
user12502,graphs
user12502,data structures
user12502,interactive
user12502,strings
user12505,math
user12505,binary search
user12505,greedy
user12505,data structures
user12506,brute force
user12506,dp
user12506,implementation
user12506,greedy
user12506,math
user12506,strings
user12506,dfs and similar
user12506,sortings
user12506,two pointers
user12506,binary search
user12506,data structures
user12506,number theory
user12506,bitmasks
user12506,combinatorics
user12506,trees
user12506,constructive algorithms
user12506,interactive
user12506,graphs
user12506,dsu
user1251,brute force
user1251,math
user1251,number theory
user1251,greedy
user1251,implementation
user1251,data structures
user1251,sortings
user1251,two pointers
user1251,constructive algorithms
user1251,strings
user1251,unk
user1251,bitmasks
user1251,combinatorics
user1251,dp
user1251,binary search
user1251,dsu
user1251,dfs and similar
user1251,graphs
user1251,trees
user1251,interactive
user12515,brute force
user12515,dp
user12515,binary search
user12515,constructive algorithms
user12515,interactive
user12515,bitmasks
user12515,data structures
user12515,dsu
user12515,dfs and similar
user12515,math
user12515,greedy
user12515,trees
user12515,number theory
user12515,two pointers
user12515,graphs
user12515,implementation
user12515,sortings
user12515,strings
user12515,unk
user12515,combinatorics
user12518,greedy
user12518,sortings
user12518,math
user12518,trees
user12518,binary search
user12518,data structures
user12518,dp
user12518,dsu
user12518,brute force
user12518,number theory
user12518,constructive algorithms
user12518,strings
user12518,implementation
user12518,bitmasks
user12518,combinatorics
user12518,dfs and similar
user12518,graphs
user12518,two pointers
user12518,unk
user12518,interactive
user1252,dp
user1252,math
user1252,strings
user1252,greedy
user1252,implementation
user1252,binary search
user1252,brute force
user1252,sortings
user1252,data structures
user1252,bitmasks
user1252,constructive algorithms
user1252,number theory
user1252,dfs and similar
user1252,graphs
user1252,trees
user1252,two pointers
user1252,combinatorics
user1252,unk
user1252,dsu
user1252,interactive
user12521,greedy
user12521,implementation
user12521,brute force
user12521,sortings
user12521,math
user12521,dp
user12521,strings
user12521,constructive algorithms
user12521,data structures
user12521,number theory
user12521,graphs
user12521,two pointers
user12523,implementation
user12523,strings
user12523,dfs and similar
user12523,graphs
user12523,greedy
user12523,math
user12523,binary search
user12523,sortings
user12523,constructive algorithms
user12523,data structures
user12523,dp
user12523,bitmasks
user12523,combinatorics
user12523,brute force
user12523,number theory
user12523,two pointers
user12523,trees
user12523,dsu
user12523,interactive
user12523,unk
user12529,dp
user12529,greedy
user12529,implementation
user12529,sortings
user12529,two pointers
user12529,math
user12529,brute force
user12529,data structures
user12529,constructive algorithms
user12529,strings
user12529,number theory
user12529,bitmasks
user12529,binary search
user12529,combinatorics
user12530,math
user12530,greedy
user12530,implementation
user12530,strings
user12530,constructive algorithms
user12530,number theory
user12530,brute force
user12530,two pointers
user12530,data structures
user12530,sortings
user12530,binary search
user12530,dp
user12530,graphs
user12530,bitmasks
user12530,combinatorics
user12530,dfs and similar
user12530,interactive
user12537,brute force
user12537,implementation
user12537,math
user12537,constructive algorithms
user12537,greedy
user12537,sortings
user12537,strings
user12537,number theory
user12537,two pointers
user12537,combinatorics
user12537,bitmasks
user12537,dp
user12537,data structures
user12537,binary search
user12539,constructive algorithms
user12539,math
user12539,number theory
user12539,greedy
user12539,sortings
user12539,brute force
user12539,dp
user12539,binary search
user12539,data structures
user12539,dsu
user12539,implementation
user12539,trees
user12539,strings
user12539,combinatorics
user12539,bitmasks
user12539,two pointers
user12539,graphs
user12539,dfs and similar
user12545,greedy
user12545,math
user12545,strings
user12545,constructive algorithms
user12545,implementation
user12545,two pointers
user12545,bitmasks
user12545,combinatorics
user12545,sortings
user12545,trees
user12545,dfs and similar
user12545,dp
user12545,data structures
user12545,graphs
user12545,brute force
user12545,binary search
user12545,number theory
user12545,unk
user12545,dsu
user12545,interactive
user12548,brute force
user12548,data structures
user12548,dp
user12548,implementation
user12548,greedy
user12548,math
user12548,constructive algorithms
user12548,number theory
user12548,strings
user12551,brute force
user12551,math
user12551,number theory
user12551,greedy
user12551,implementation
user12551,constructive algorithms
user12551,data structures
user12551,sortings
user12551,dp
user12551,bitmasks
user12551,binary search
user12551,two pointers
user12551,graphs
user12551,strings
user12551,combinatorics
user12551,dsu
user12551,unk
user12551,dfs and similar
user12551,interactive
user12551,trees
user12558,greedy
user12558,math
user12558,binary search
user12558,sortings
user12558,constructive algorithms
user12558,implementation
user12558,brute force
user12561,implementation
user12561,strings
user12561,constructive algorithms
user12561,greedy
user12561,math
user12561,brute force
user12561,sortings
user12561,two pointers
user12561,binary search
user12561,data structures
user12561,dp
user12561,number theory
user12561,bitmasks
user12561,combinatorics
user12561,dsu
user12561,dfs and similar
user12561,graphs
user12561,trees
user12561,unk
user12568,greedy
user12568,constructive algorithms
user12568,math
user12572,data structures
user12572,dp
user12572,greedy
user12572,sortings
user12572,binary search
user12572,implementation
user12572,two pointers
user12572,strings
user12572,constructive algorithms
user12572,math
user12572,number theory
user12572,brute force
user12572,trees
user12572,bitmasks
user12572,dfs and similar
user12572,combinatorics
user12572,graphs
user12572,dsu
user12572,unk
user12572,interactive
user12578,implementation
user12578,strings
user12578,brute force
user12578,greedy
user12578,sortings
user12578,two pointers
user12578,math
user12578,constructive algorithms
user12578,data structures
user12578,dp
user12578,bitmasks
user12578,binary search
user12578,dfs and similar
user12578,graphs
user12578,number theory
user12578,combinatorics
user12578,unk
user12578,dsu
user12578,trees
user12579,data structures
user12579,dfs and similar
user12579,dsu
user12579,trees
user12579,graphs
user12579,binary search
user12579,brute force
user12579,implementation
user12579,two pointers
user12579,bitmasks
user12579,dp
user12579,greedy
user12579,math
user12579,number theory
user12579,sortings
user12579,constructive algorithms
user12579,strings
user12579,combinatorics
user12579,unk
user12579,interactive
user12586,implementation
user12586,strings
user12586,brute force
user12586,sortings
user12586,math
user12586,greedy
user12586,number theory
user12586,unk
user12586,constructive algorithms
user12586,two pointers
user12586,binary search
user12586,trees
user12586,bitmasks
user12586,combinatorics
user12586,dp
user12586,dsu
user12586,graphs
user12586,data structures
user12586,dfs and similar
user12586,interactive
user12587,constructive algorithms
user12587,greedy
user12587,strings
user12587,brute force
user12587,implementation
user12587,math
user12587,number theory
user12587,sortings
user12587,dp
user12587,data structures
user12587,two pointers
user12587,bitmasks
user12587,binary search
user12587,dsu
user12587,graphs
user12587,combinatorics
user12587,trees
user12587,unk
user12587,dfs and similar
user12587,interactive
user12592,math
user12592,data structures
user12592,implementation
user12592,brute force
user12592,dp
user12592,greedy
user12592,sortings
user12592,two pointers
user12592,binary search
user12592,number theory
user12592,constructive algorithms
user12592,graphs
user12592,dfs and similar
user12592,trees
user12596,greedy
user12596,strings
user12596,implementation
user12596,sortings
user12596,brute force
user12596,two pointers
user12596,math
user12596,constructive algorithms
user12596,number theory
user12596,dp
user12596,data structures
user12596,binary search
user12596,combinatorics
user12596,trees
user12596,bitmasks
user12596,dfs and similar
user12596,unk
user12596,graphs
user12596,interactive
user12596,dsu
user12599,math
user12599,implementation
user12599,data structures
user12599,dp
user12599,greedy
user12599,strings
user12599,trees
user12599,sortings
user12599,graphs
user12599,brute force
user12599,binary search
user12599,dfs and similar
user12599,dsu
user12599,constructive algorithms
user12599,number theory
user12599,bitmasks
user12599,two pointers
user12600,brute force
user12600,implementation
user12600,greedy
user12600,sortings
user12600,constructive algorithms
user12600,two pointers
user12600,data structures
user12600,math
user12600,number theory
user12600,strings
user12600,dp
user12600,binary search
user12600,combinatorics
user12600,bitmasks
user12600,graphs
user12600,interactive
user12600,unk
user12600,dfs and similar
user12600,dsu
user12600,trees
user12601,constructive algorithms
user12601,data structures
user12601,greedy
user12601,combinatorics
user12601,dp
user12601,math
user12601,brute force
user12601,implementation
user12601,number theory
user12601,binary search
user12601,interactive
user12601,dfs and similar
user12601,graphs
user12601,dsu
user12601,trees
user12601,bitmasks
user12601,sortings
user12601,strings
user12601,two pointers
user12604,implementation
user12604,brute force
user12604,constructive algorithms
user12604,math
user12604,greedy
user12604,sortings
user12604,two pointers
user12604,strings
user12604,number theory
user12604,bitmasks
user12604,dfs and similar
user12604,dp
user12604,graphs
user12604,data structures
user12604,dsu
user12604,binary search
user12604,combinatorics
user12604,trees
user12604,interactive
user12606,binary search
user12606,implementation
user12606,two pointers
user12606,greedy
user12606,sortings
user12606,unk
user12606,constructive algorithms
user12606,math
user12606,number theory
user12606,brute force
user12606,data structures
user12606,bitmasks
user12606,dp
user12606,strings
user12606,trees
user12606,dfs and similar
user12606,dsu
user12606,graphs
user12606,combinatorics
user12606,interactive
user12609,brute force
user12609,dp
user12609,implementation
user12609,math
user12609,constructive algorithms
user12609,greedy
user12609,two pointers
user12609,data structures
user12609,binary search
user12609,dfs and similar
user12609,sortings
user12609,graphs
user12609,bitmasks
user12609,strings
user12609,combinatorics
user12609,number theory
user12609,trees
user12609,dsu
user12609,interactive
user12612,greedy
user12612,implementation
user12612,sortings
user12612,constructive algorithms
user12612,number theory
user12612,math
user12612,brute force
user12612,data structures
user12612,strings
user12612,two pointers
user12612,combinatorics
user12612,dp
user12612,binary search
user12612,graphs
user12612,dsu
user12612,interactive
user12618,implementation
user12618,math
user12618,binary search
user12618,constructive algorithms
user12618,brute force
user12618,dp
user12618,greedy
user12618,strings
user12618,dfs and similar
user12618,combinatorics
user12618,number theory
user12618,two pointers
user12618,graphs
user12618,data structures
user12618,trees
user12618,bitmasks
user12618,sortings
user12618,dsu
user12619,constructive algorithms
user12619,math
user12619,greedy
user12619,sortings
user12619,implementation
user12619,number theory
user12619,binary search
user12619,two pointers
user12619,brute force
user12619,combinatorics
user12619,dp
user12619,trees
user12619,data structures
user12619,bitmasks
user12619,unk
user12619,strings
user12619,dfs and similar
user12619,graphs
user12619,dsu
user12619,interactive
user12620,math
user12620,constructive algorithms
user12620,implementation
user12620,binary search
user12620,number theory
user12620,greedy
user12620,sortings
user12620,brute force
user12620,combinatorics
user12620,strings
user12620,data structures
user12620,dp
user12620,two pointers
user12620,bitmasks
user12620,dfs and similar
user12620,graphs
user12620,dsu
user12620,trees
user12620,interactive
user12621,math
user12621,strings
user12621,two pointers
user12621,constructive algorithms
user12621,greedy
user12621,brute force
user12621,number theory
user12621,sortings
user12621,dfs and similar
user12621,dsu
user12621,graphs
user12621,implementation
user12621,dp
user12621,binary search
user12621,trees
user12621,combinatorics
user12621,bitmasks
user12621,data structures
user12621,interactive
user12623,brute force
user12623,implementation
user12623,strings
user12623,math
user12623,constructive algorithms
user12623,graphs
user12623,greedy
user12623,number theory
user12623,binary search
user12623,bitmasks
user12623,data structures
user12623,dp
user12623,two pointers
user12623,sortings
user12623,combinatorics
user12623,dfs and similar
user12623,dsu
user12623,unk
user12623,trees
user12623,interactive
user1263,binary search
user1263,data structures
user1263,greedy
user1263,two pointers
user1263,implementation
user1263,brute force
user1263,math
user1263,constructive algorithms
user1263,strings
user1263,sortings
user1263,dp
user1263,number theory
user1263,unk
user1263,dfs and similar
user1263,graphs
user1263,trees
user1263,dsu
user1263,bitmasks
user1263,combinatorics
user1263,interactive
user1264,implementation
user1264,brute force
user1264,greedy
user1264,constructive algorithms
user1264,two pointers
user1264,dp
user12643,implementation
user12643,sortings
user12643,math
user12643,greedy
user12643,brute force
user12643,constructive algorithms
user12643,binary search
user12643,data structures
user12643,number theory
user12643,strings
user12643,dp
user12643,unk
user12643,bitmasks
user12643,dfs and similar
user12643,graphs
user12643,trees
user12643,combinatorics
user12645,brute force
user12645,implementation
user12645,constructive algorithms
user12645,number theory
user12645,greedy
user12645,math
user12645,strings
user12645,combinatorics
user12645,dfs and similar
user12645,graphs
user12645,data structures
user12645,sortings
user12645,binary search
user12645,two pointers
user12645,dp
user12645,bitmasks
user12645,interactive
user12645,dsu
user12645,trees
user12647,implementation
user12647,brute force
user12647,greedy
user12647,dfs and similar
user12647,graphs
user12647,trees
user12647,math
user12647,number theory
user12647,constructive algorithms
user12647,data structures
user12647,binary search
user12651,brute force
user12651,dp
user12651,greedy
user12651,implementation
user12651,strings
user12651,math
user12651,constructive algorithms
user12651,binary search
user12651,number theory
user12651,bitmasks
user12651,sortings
user12651,data structures
user12651,interactive
user12651,unk
user12651,two pointers
user12651,dsu
user12651,combinatorics
user12651,dfs and similar
user12651,graphs
user12651,trees
user12652,binary search
user12652,data structures
user12652,implementation
user12652,two pointers
user12652,math
user12652,number theory
user12652,greedy
user12652,brute force
user12652,dp
user12652,bitmasks
user12652,constructive algorithms
user12652,graphs
user12652,strings
user12652,dsu
user12652,trees
user12656,constructive algorithms
user12656,implementation
user12656,dp
user12656,greedy
user12656,strings
user12656,brute force
user12656,math
user12656,data structures
user12656,sortings
user12656,binary search
user12656,number theory
user12656,two pointers
user12656,bitmasks
user12656,dfs and similar
user12656,graphs
user12656,combinatorics
user12656,trees
user12656,unk
user12656,interactive
user12656,dsu
user12657,binary search
user12657,implementation
user12657,math
user12657,number theory
user12657,constructive algorithms
user12657,brute force
user12657,greedy
user12657,data structures
user12657,sortings
user12657,dp
user12661,math
user12661,greedy
user12661,sortings
user12661,brute force
user12661,implementation
user12661,number theory
user12661,strings
user12661,constructive algorithms
user12661,two pointers
user12661,data structures
user12661,dp
user12661,unk
user12661,bitmasks
user12661,combinatorics
user12661,trees
user12661,binary search
user12661,dsu
user12661,dfs and similar
user12661,interactive
user12661,graphs
user12662,implementation
user12662,bitmasks
user12662,brute force
user12662,constructive algorithms
user12662,greedy
user12662,strings
user12662,math
user12662,dp
user12662,sortings
user12662,binary search
user12662,two pointers
user12662,data structures
user12662,combinatorics
user12662,unk
user12662,graphs
user12662,number theory
user12662,dfs and similar
user12662,trees
user12662,dsu
user12662,interactive
user12665,implementation
user12665,sortings
user12665,brute force
user12665,greedy
user12665,number theory
user12665,strings
user12665,math
user12665,dp
user12665,constructive algorithms
user12665,data structures
user12665,combinatorics
user12665,unk
user12665,dfs and similar
user12665,graphs
user12665,two pointers
user12665,bitmasks
user12665,binary search
user12665,dsu
user12665,trees
user12665,interactive
user12666,brute force
user12666,greedy
user12666,math
user12666,constructive algorithms
user12666,implementation
user12666,two pointers
user12666,strings
user12666,sortings
user12666,binary search
user12666,number theory
user12666,bitmasks
user12666,dp
user12666,data structures
user12666,combinatorics
user12666,trees
user12666,dfs and similar
user12666,interactive
user12666,graphs
user12666,unk
user12666,dsu
user12675,brute force
user12675,greedy
user12675,constructive algorithms
user12675,math
user12675,strings
user12675,sortings
user12675,implementation
user12675,bitmasks
user12675,two pointers
user12675,combinatorics
user12675,number theory
user12675,binary search
user12675,dp
user12675,data structures
user12675,trees
user12675,dfs and similar
user12675,dsu
user12675,graphs
user1268,binary search
user1268,dfs and similar
user1268,dp
user1268,greedy
user1268,trees
user1268,math
user1268,implementation
user1268,constructive algorithms
user1268,sortings
user1268,brute force
user1268,strings
user1268,bitmasks
user1268,number theory
user1268,data structures
user1268,interactive
user1268,dsu
user1268,graphs
user1268,two pointers
user1268,combinatorics
user12686,greedy
user12686,implementation
user12686,math
user12686,bitmasks
user12686,brute force
user12686,strings
user12686,constructive algorithms
user12686,binary search
user12686,combinatorics
user12686,two pointers
user12686,number theory
user12686,data structures
user12686,dsu
user12686,graphs
user12686,dfs and similar
user12686,trees
user12686,dp
user12686,sortings
user12686,interactive
user12687,greedy
user12687,math
user12687,sortings
user12687,binary search
user12687,brute force
user12687,data structures
user12687,constructive algorithms
user12687,bitmasks
user12687,implementation
user12687,dp
user12687,number theory
user12687,two pointers
user12687,trees
user12687,strings
user12687,dfs and similar
user12687,graphs
user12687,unk
user12687,combinatorics
user12687,dsu
user12687,interactive
user12688,binary search
user12688,math
user12688,brute force
user12688,greedy
user12688,implementation
user12688,sortings
user12688,dp
user12688,two pointers
user12688,constructive algorithms
user12688,number theory
user12688,strings
user12688,unk
user12688,graphs
user12688,bitmasks
user12688,dfs and similar
user12688,data structures
user12688,combinatorics
user12688,trees
user12688,interactive
user12688,dsu
user12691,constructive algorithms
user12691,implementation
user12691,math
user12691,number theory
user12691,greedy
user12691,sortings
user12691,bitmasks
user12691,two pointers
user12691,brute force
user12691,strings
user12691,data structures
user12691,dp
user12691,binary search
user12691,combinatorics
user12691,trees
user12691,dfs and similar
user12691,graphs
user12691,dsu
user12691,unk
user12691,interactive
user12695,implementation
user12695,strings
user12695,brute force
user12695,number theory
user12695,math
user12695,greedy
user12695,sortings
user12695,dp
user12695,two pointers
user12695,bitmasks
user12695,combinatorics
user12695,trees
user12695,constructive algorithms
user12695,binary search
user12695,data structures
user12695,dfs and similar
user12695,unk
user12695,dsu
user12695,graphs
user12697,implementation
user12697,sortings
user12697,brute force
user12697,math
user12697,greedy
user12697,number theory
user12697,constructive algorithms
user12697,data structures
user12697,strings
user12697,dp
user12697,graphs
user12697,two pointers
user12697,binary search
user12697,combinatorics
user12697,dfs and similar
user12697,trees
user12697,dsu
user12697,bitmasks
user12697,interactive
user12701,implementation
user12701,math
user12701,number theory
user12701,greedy
user12701,data structures
user12701,constructive algorithms
user12701,combinatorics
user12701,dp
user12701,strings
user12701,sortings
user12701,brute force
user12701,interactive
user12701,binary search
user12701,dfs and similar
user12701,trees
user12701,bitmasks
user12701,graphs
user12701,dsu
user12701,two pointers
user12706,implementation
user12706,math
user12706,strings
user12706,greedy
user12706,brute force
user12706,two pointers
user12706,sortings
user12706,number theory
user12706,binary search
user12706,data structures
user12706,constructive algorithms
user12706,dp
user12706,bitmasks
user12706,graphs
user12706,interactive
user12706,dfs and similar
user12706,dsu
user12706,trees
user12709,implementation
user12709,strings
user12709,math
user12709,greedy
user12709,sortings
user12709,brute force
user12709,constructive algorithms
user12709,combinatorics
user12709,binary search
user12709,dsu
user12709,bitmasks
user12709,dfs and similar
user12709,two pointers
user12709,data structures
user12709,dp
user12709,number theory
user12709,graphs
user12709,trees
user12709,interactive
user12711,implementation
user12711,math
user12711,strings
user12711,brute force
user12711,greedy
user12711,sortings
user12711,constructive algorithms
user12711,dfs and similar
user12711,two pointers
user12711,binary search
user12711,bitmasks
user12711,combinatorics
user12711,dp
user12711,graphs
user12711,interactive
user12711,trees
user12711,data structures
user12711,number theory
user12711,unk
user12712,implementation
user12712,brute force
user12712,math
user12712,number theory
user12712,greedy
user12712,data structures
user12712,constructive algorithms
user12712,dp
user12712,two pointers
user12712,graphs
user12712,dfs and similar
user12712,trees
user1272,greedy
user1272,sortings
user1272,implementation
user1272,constructive algorithms
user1272,math
user1272,brute force
user1272,data structures
user1272,strings
user1272,dp
user1272,number theory
user1272,binary search
user1272,two pointers
user1272,combinatorics
user1272,dsu
user1272,graphs
user1272,dfs and similar
user1272,trees
user12722,bitmasks
user12722,implementation
user12722,constructive algorithms
user12722,math
user12722,number theory
user12722,dp
user12722,trees
user12722,greedy
user12722,data structures
user12722,graphs
user12722,brute force
user12722,sortings
user12722,strings
user12722,dfs and similar
user12722,binary search
user12722,two pointers
user12722,combinatorics
user12722,unk
user12722,dsu
user12722,interactive
user12723,implementation
user12723,greedy
user12723,math
user12723,sortings
user12723,brute force
user12723,strings
user12723,data structures
user12723,dp
user12723,constructive algorithms
user12723,two pointers
user12723,number theory
user12723,combinatorics
user12723,graphs
user12723,unk
user12723,binary search
user12723,dfs and similar
user12723,interactive
user12723,bitmasks
user12723,dsu
user12723,trees
user12731,brute force
user12731,greedy
user12731,math
user12731,binary search
user12731,constructive algorithms
user12731,sortings
user12731,two pointers
user12731,dp
user12731,implementation
user12731,number theory
user12731,strings
user12731,data structures
user12731,bitmasks
user12731,interactive
user12732,greedy
user12732,math
user12732,constructive algorithms
user12732,implementation
user12732,strings
user12732,data structures
user12732,brute force
user12732,dp
user12732,sortings
user12732,bitmasks
user12732,binary search
user12732,number theory
user12732,combinatorics
user12732,two pointers
user12732,dfs and similar
user12732,dsu
user12732,graphs
user12732,trees
user12732,interactive
user12733,dp
user12733,constructive algorithms
user12733,math
user12733,brute force
user12733,greedy
user12733,implementation
user12733,sortings
user12733,strings
user12733,data structures
user12733,binary search
user12733,two pointers
user12733,bitmasks
user12733,combinatorics
user12733,number theory
user12733,unk
user12733,graphs
user12733,dfs and similar
user12733,interactive
user12733,dsu
user12733,trees
user12736,binary search
user12736,brute force
user12736,data structures
user12736,implementation
user12736,math
user12736,sortings
user12736,constructive algorithms
user12736,greedy
user12736,strings
user12736,number theory
user12736,dp
user12736,two pointers
user12736,bitmasks
user12736,dfs and similar
user12736,graphs
user12736,trees
user12736,combinatorics
user12736,dsu
user12736,interactive
user12737,greedy
user12737,math
user12737,binary search
user12737,sortings
user12737,brute force
user12737,data structures
user12737,dp
user12737,two pointers
user12738,greedy
user12738,implementation
user12738,math
user12738,strings
user12738,brute force
user12738,sortings
user12738,constructive algorithms
user12738,number theory
user12738,dp
user12738,binary search
user12738,unk
user12738,dsu
user12738,dfs and similar
user12738,combinatorics
user12738,graphs
user12738,trees
user12738,two pointers
user12738,bitmasks
user12738,data structures
user12739,implementation
user12739,sortings
user12739,brute force
user12739,greedy
user12739,data structures
user12739,dp
user12739,dfs and similar
user12739,graphs
user12739,math
user12739,binary search
user12739,strings
user12739,combinatorics
user12739,two pointers
user12739,number theory
user12739,trees
user12739,constructive algorithms
user12739,dsu
user12739,bitmasks
user12739,interactive
user1274,constructive algorithms
user1274,greedy
user1274,strings
user1274,bitmasks
user1274,brute force
user1274,math
user1274,sortings
user1274,binary search
user1274,data structures
user1274,two pointers
user1274,implementation
user1274,number theory
user1274,combinatorics
user1274,dp
user1274,graphs
user1274,dfs and similar
user1274,trees
user1274,dsu
user1274,interactive
user12740,bitmasks
user12740,greedy
user12740,two pointers
user12740,binary search
user12740,constructive algorithms
user12740,implementation
user12740,math
user12740,strings
user12740,sortings
user12740,brute force
user12740,number theory
user12740,combinatorics
user12740,dp
user12740,data structures
user12740,unk
user12740,dsu
user12740,trees
user12740,dfs and similar
user12740,graphs
user12741,implementation
user12741,strings
user12741,greedy
user12741,sortings
user12741,math
user12741,number theory
user12741,binary search
user12741,brute force
user12741,dp
user12741,constructive algorithms
user12741,data structures
user12741,combinatorics
user12741,bitmasks
user12741,unk
user12741,two pointers
user12741,dsu
user12741,dfs and similar
user12741,graphs
user12741,trees
user12741,interactive
user12742,implementation
user12742,math
user12742,brute force
user12742,strings
user12742,sortings
user12742,greedy
user12742,binary search
user12742,dp
user12742,constructive algorithms
user12742,two pointers
user12742,data structures
user12742,bitmasks
user12742,dfs and similar
user12742,graphs
user12742,number theory
user12742,combinatorics
user12742,trees
user12742,unk
user12742,dsu
user12742,interactive
user12743,bitmasks
user12743,greedy
user12743,implementation
user12743,math
user12743,binary search
user12743,data structures
user12743,dp
user12743,two pointers
user12743,strings
user12743,constructive algorithms
user12743,brute force
user12743,dsu
user12743,sortings
user12743,number theory
user12743,dfs and similar
user12743,combinatorics
user12743,trees
user12743,graphs
user12743,unk
user12743,interactive
user12749,constructive algorithms
user12749,greedy
user12749,binary search
user12749,math
user12749,sortings
user12749,implementation
user12749,two pointers
user12749,strings
user12749,brute force
user12749,number theory
user12749,bitmasks
user12749,data structures
user12749,combinatorics
user12749,trees
user12749,dsu
user12749,dp
user12749,graphs
user12749,dfs and similar
user12749,interactive
user12750,constructive algorithms
user12750,implementation
user12750,math
user12750,number theory
user12750,greedy
user12750,combinatorics
user12750,brute force
user12750,unk
user12750,dfs and similar
user12750,graphs
user12750,dsu
user12750,trees
user12750,data structures
user12750,dp
user12750,sortings
user12750,strings
user12750,binary search
user12750,two pointers
user12750,bitmasks
user12750,interactive
user12756,unk
user12756,binary search
user12756,bitmasks
user12756,data structures
user12756,greedy
user12756,math
user12756,two pointers
user12756,brute force
user12756,number theory
user12756,constructive algorithms
user12756,dfs and similar
user12756,graphs
user12756,implementation
user12756,sortings
user12756,dp
user12756,combinatorics
user12756,trees
user12756,interactive
user12756,dsu
user12756,strings
user12759,brute force
user12759,math
user12759,number theory
user12759,implementation
user12759,strings
user12759,two pointers
user12759,combinatorics
user12759,dp
user12759,data structures
user12759,greedy
user12759,constructive algorithms
user12759,binary search
user12759,dsu
user12759,graphs
user12759,dfs and similar
user12759,bitmasks
user12759,trees
user12759,sortings
user12759,interactive
user12761,math
user12761,bitmasks
user12761,number theory
user12761,brute force
user12761,binary search
user12761,dp
user12761,greedy
user12761,sortings
user12761,implementation
user12761,constructive algorithms
user12761,graphs
user12761,dfs and similar
user12768,greedy
user12768,constructive algorithms
user12768,math
user12768,binary search
user12768,bitmasks
user12768,data structures
user12768,sortings
user12768,strings
user12768,implementation
user12768,unk
user12768,combinatorics
user12768,dp
user12768,brute force
user12768,number theory
user12768,two pointers
user12768,dfs and similar
user12768,trees
user12768,graphs
user12768,interactive
user12768,dsu
user12770,greedy
user12770,math
user12770,strings
user12770,brute force
user12770,implementation
user12770,sortings
user12770,data structures
user12770,two pointers
user12770,bitmasks
user12770,combinatorics
user12770,constructive algorithms
user12770,dp
user12770,number theory
user12770,binary search
user12770,unk
user12770,dfs and similar
user12770,dsu
user12770,interactive
user12770,graphs
user12772,greedy
user12772,constructive algorithms
user12772,data structures
user12774,binary search
user12774,constructive algorithms
user12774,data structures
user12774,greedy
user12774,brute force
user12774,math
user12774,number theory
user12774,two pointers
user12774,implementation
user12774,dp
user12774,sortings
user12774,bitmasks
user12774,strings
user12774,graphs
user12775,constructive algorithms
user12775,greedy
user12775,math
user12775,dp
user12776,brute force
user12776,constructive algorithms
user12776,graphs
user12776,implementation
user12776,dp
user12776,math
user12776,number theory
user12776,combinatorics
user12776,bitmasks
user12776,data structures
user12776,greedy
user12776,strings
user12776,two pointers
user12776,sortings
user12776,binary search
user12776,trees
user12776,interactive
user12776,dfs and similar
user12776,dsu
user12778,math
user12778,implementation
user12778,brute force
user12778,strings
user12778,greedy
user12778,sortings
user12778,constructive algorithms
user12778,data structures
user12778,number theory
user12778,dp
user12778,binary search
user12778,dfs and similar
user12778,graphs
user12778,two pointers
user12778,combinatorics
user12778,unk
user12778,bitmasks
user12778,trees
user12778,dsu
user12778,interactive
user12779,brute force
user12779,greedy
user12779,implementation
user12779,sortings
user12779,binary search
user12779,math
user12779,number theory
user12779,combinatorics
user12779,data structures
user12779,dfs and similar
user12779,dsu
user12779,graphs
user12779,constructive algorithms
user12779,two pointers
user12779,dp
user12779,bitmasks
user12779,strings
user12779,trees
user12779,unk
user12779,interactive
user12789,brute force
user12789,implementation
user12789,math
user12789,sortings
user12789,strings
user12789,greedy
user12789,binary search
user12789,dp
user12789,number theory
user12789,bitmasks
user12789,constructive algorithms
user12789,data structures
user12789,graphs
user12789,two pointers
user12789,combinatorics
user12789,dsu
user12789,dfs and similar
user12789,trees
user12795,math
user12795,dp
user12795,constructive algorithms
user12795,greedy
user12795,brute force
user12795,number theory
user12795,implementation
user12795,strings
user12795,bitmasks
user12795,two pointers
user12795,binary search
user12795,sortings
user12795,data structures
user12795,combinatorics
user12795,graphs
user12795,dfs and similar
user12795,trees
user12802,math
user12802,constructive algorithms
user12802,binary search
user12802,data structures
user12802,implementation
user12802,two pointers
user12802,number theory
user12802,brute force
user12802,greedy
user12802,sortings
user12802,trees
user12802,dfs and similar
user12802,graphs
user12802,dp
user12802,bitmasks
user12802,strings
user12802,dsu
user12802,combinatorics
user12802,interactive
user12805,brute force
user12805,implementation
user12805,data structures
user12805,math
user12805,binary search
user12805,two pointers
user12805,dp
user12805,greedy
user12805,constructive algorithms
user1281,greedy
user1281,math
user1281,sortings
user1281,implementation
user1281,strings
user1281,brute force
user1281,number theory
user1281,data structures
user1281,constructive algorithms
user1281,dp
user1281,bitmasks
user1281,dfs and similar
user1281,combinatorics
user1281,binary search
user1281,two pointers
user1281,dsu
user1281,graphs
user1281,trees
user1281,interactive
user12814,constructive algorithms
user12814,greedy
user12814,two pointers
user12814,brute force
user12814,implementation
user12814,sortings
user12814,strings
user12814,data structures
user12814,math
user12814,binary search
user12814,number theory
user12814,combinatorics
user12814,dp
user12814,bitmasks
user12814,unk
user12814,dfs and similar
user12814,graphs
user12814,trees
user12814,dsu
user12820,implementation
user12820,greedy
user12820,sortings
user12820,brute force
user12820,math
user12820,constructive algorithms
user12820,strings
user12820,binary search
user12820,number theory
user12820,data structures
user12820,dfs and similar
user12820,dp
user12820,two pointers
user12820,combinatorics
user12820,bitmasks
user12820,graphs
user12820,trees
user12820,dsu
user12820,interactive
user12821,implementation
user12821,math
user12821,greedy
user12821,sortings
user12821,strings
user12821,constructive algorithms
user12821,brute force
user12821,binary search
user12821,dp
user12821,data structures
user12821,number theory
user12821,two pointers
user12821,bitmasks
user12821,dfs and similar
user12821,graphs
user12821,combinatorics
user12821,trees
user12821,dsu
user12823,brute force
user12823,number theory
user12823,implementation
user12823,sortings
user12823,greedy
user12823,strings
user12823,data structures
user12823,two pointers
user12823,math
user12823,dp
user12823,constructive algorithms
user12823,binary search
user12823,dfs and similar
user12823,graphs
user12823,combinatorics
user12823,bitmasks
user12823,dsu
user12823,trees
user12823,interactive
user12823,unk
user12828,implementation
user12828,math
user12828,data structures
user12828,greedy
user12828,constructive algorithms
user12828,dp
user12828,binary search
user12828,two pointers
user12828,unk
user12828,combinatorics
user12828,bitmasks
user12828,dsu
user12828,graphs
user12828,brute force
user12828,dfs and similar
user12828,trees
user12828,sortings
user12828,strings
user12828,interactive
user12828,number theory
user12830,implementation
user12830,two pointers
user12830,binary search
user12830,greedy
user12830,sortings
user12830,math
user12830,number theory
user12830,combinatorics
user12830,constructive algorithms
user12830,dp
user12830,brute force
user12830,data structures
user12830,bitmasks
user12830,strings
user12830,dsu
user12830,graphs
user12830,dfs and similar
user12830,interactive
user12830,trees
user12831,bitmasks
user12831,dp
user12831,sortings
user12831,two pointers
user12831,brute force
user12831,implementation
user12831,math
user12831,constructive algorithms
user12831,number theory
user12831,data structures
user12831,greedy
user12831,dfs and similar
user12831,graphs
user12831,dsu
user12831,trees
user12835,greedy
user12835,math
user12835,brute force
user12835,implementation
user12835,data structures
user12835,constructive algorithms
user12835,binary search
user12835,dp
user12835,sortings
user12835,number theory
user12835,dfs and similar
user12835,trees
user1284,brute force
user1284,greedy
user1284,implementation
user1284,math
user1284,number theory
user1284,sortings
user1284,constructive algorithms
user1284,dp
user1284,dsu
user1284,bitmasks
user1284,binary search
user1284,two pointers
user1284,data structures
user1284,graphs
user1284,dfs and similar
user1284,trees
user1284,unk
user12841,bitmasks
user12841,greedy
user12841,implementation
user12841,data structures
user12841,dp
user12841,math
user12841,strings
user12841,brute force
user12841,dfs and similar
user12841,dsu
user12841,graphs
user12841,combinatorics
user12841,sortings
user12841,constructive algorithms
user12841,unk
user12841,trees
user12841,number theory
user12841,binary search
user12841,two pointers
user12841,interactive
user12842,constructive algorithms
user12842,math
user12842,greedy
user12842,brute force
user12842,binary search
user12842,data structures
user12842,number theory
user12842,dp
user12842,trees
user12842,dfs and similar
user12844,bitmasks
user12844,constructive algorithms
user12844,brute force
user12844,implementation
user12844,greedy
user12844,math
user12844,dp
user12844,binary search
user12844,data structures
user12844,two pointers
user12844,sortings
user12844,combinatorics
user12844,trees
user12844,dfs and similar
user12844,graphs
user12844,strings
user12844,number theory
user12844,dsu
user12844,interactive
user12845,brute force
user12845,math
user12845,implementation
user12845,sortings
user12845,constructive algorithms
user12845,greedy
user12845,strings
user12845,dp
user12845,bitmasks
user12845,combinatorics
user12845,trees
user12845,graphs
user12845,dfs and similar
user12845,binary search
user12845,data structures
user12845,two pointers
user12845,dsu
user12845,unk
user12845,number theory
user12845,interactive
user12847,binary search
user12847,implementation
user12847,two pointers
user12847,brute force
user12847,math
user12847,number theory
user12847,constructive algorithms
user12847,greedy
user12847,sortings
user12847,data structures
user12847,graphs
user12847,trees
user12847,dfs and similar
user12847,strings
user12847,dp
user12847,bitmasks
user12847,combinatorics
user12847,dsu
user12847,unk
user12847,interactive
user12852,greedy
user12852,implementation
user12852,math
user12852,graphs
user12852,constructive algorithms
user12852,brute force
user12852,strings
user12852,dp
user12852,binary search
user12852,combinatorics
user12852,number theory
user12856,brute force
user12856,implementation
user12856,number theory
user12856,constructive algorithms
user12856,math
user12856,data structures
user12856,trees
user12856,greedy
user12856,dfs and similar
user12856,graphs
user12856,binary search
user12856,dp
user12856,bitmasks
user12856,dsu
user12858,constructive algorithms
user12858,data structures
user12858,greedy
user12858,math
user12858,brute force
user12858,number theory
user12858,strings
user12858,dp
user12858,graphs
user12858,binary search
user12858,sortings
user12858,implementation
user12858,combinatorics
user12858,dfs and similar
user12858,dsu
user12858,trees
user12858,interactive
user12858,two pointers
user12858,unk
user12858,bitmasks
user1286,greedy
user1286,implementation
user1286,math
user1286,combinatorics
user1286,number theory
user1286,dp
user1286,binary search
user1286,brute force
user1286,sortings
user1286,constructive algorithms
user1286,two pointers
user1286,bitmasks
user1286,data structures
user1286,unk
user1286,strings
user1286,dfs and similar
user1286,trees
user1286,dsu
user1286,interactive
user1286,graphs
user12860,brute force
user12860,greedy
user12860,implementation
user12860,math
user12860,number theory
user12860,dp
user12860,constructive algorithms
user12860,sortings
user12860,strings
user12860,dfs and similar
user12860,graphs
user12860,binary search
user12860,two pointers
user12860,combinatorics
user12860,data structures
user12860,trees
user12860,bitmasks
user12860,dsu
user12860,interactive
user12861,binary search
user12861,greedy
user12861,math
user12861,number theory
user12861,sortings
user12861,constructive algorithms
user12861,implementation
user12861,bitmasks
user12861,dp
user12861,dfs and similar
user12861,two pointers
user12861,brute force
user12861,data structures
user12861,combinatorics
user12861,strings
user12861,graphs
user12861,trees
user12861,interactive
user12864,constructive algorithms
user12864,binary search
user12864,brute force
user12864,greedy
user12864,strings
user12864,sortings
user12864,implementation
user12864,data structures
user12864,combinatorics
user12864,number theory
user12864,dp
user12864,math
user12864,bitmasks
user12864,dfs and similar
user12864,two pointers
user12864,dsu
user12864,unk
user12864,graphs
user12864,trees
user12864,interactive
user12867,constructive algorithms
user12867,greedy
user12867,math
user12867,dp
user12867,two pointers
user12867,number theory
user12867,brute force
user12867,dfs and similar
user12867,data structures
user12867,graphs
user12867,trees
user12869,bitmasks
user12869,implementation
user12869,number theory
user12869,constructive algorithms
user12869,math
user12869,dp
user12869,greedy
user12869,data structures
user12869,strings
user12869,brute force
user12869,sortings
user12869,binary search
user12869,dfs and similar
user12869,trees
user12869,graphs
user12869,two pointers
user12869,combinatorics
user12869,unk
user12869,dsu
user12869,interactive
user1287,greedy
user1287,math
user1287,strings
user1287,implementation
user1287,number theory
user1287,constructive algorithms
user1287,sortings
user1287,combinatorics
user1287,brute force
user1287,two pointers
user1287,dfs and similar
user1287,dsu
user1287,graphs
user1287,data structures
user1287,dp
user1287,unk
user1287,bitmasks
user1287,trees
user1287,binary search
user12871,implementation
user12871,greedy
user12871,math
user12871,strings
user12871,constructive algorithms
user12871,sortings
user12871,brute force
user12871,two pointers
user12871,binary search
user12871,dp
user12871,data structures
user12871,unk
user12871,number theory
user12871,trees
user12871,bitmasks
user12871,dsu
user12871,combinatorics
user12871,interactive
user12871,dfs and similar
user12871,graphs
user12876,greedy
user12876,implementation
user12876,brute force
user12876,math
user12876,sortings
user12876,strings
user12876,binary search
user12876,number theory
user12876,constructive algorithms
user12876,data structures
user12876,two pointers
user12876,combinatorics
user12876,dp
user12876,graphs
user12876,dfs and similar
user12876,bitmasks
user1288,brute force
user1288,math
user1288,implementation
user1288,constructive algorithms
user1288,strings
user1288,greedy
user1288,bitmasks
user1288,sortings
user1288,dfs and similar
user1288,dp
user1288,two pointers
user1288,data structures
user1288,binary search
user1288,combinatorics
user1288,dsu
user1288,graphs
user1288,number theory
user12880,brute force
user12880,greedy
user12880,math
user12880,two pointers
user12880,implementation
user12880,sortings
user12880,number theory
user12880,binary search
user12880,constructive algorithms
user12880,combinatorics
user12880,dp
user12880,data structures
user12880,strings
user12880,dfs and similar
user12880,graphs
user12880,dsu
user12880,trees
user12880,interactive
user12881,greedy
user12881,math
user12881,graphs
user12881,implementation
user12881,binary search
user12881,brute force
user12881,constructive algorithms
user12881,sortings
user12881,strings
user12881,two pointers
user12881,dp
user12881,dfs and similar
user12881,trees
user12881,dsu
user12881,number theory
user12881,data structures
user12881,combinatorics
user12881,bitmasks
user12881,interactive
user12882,implementation
user12882,brute force
user12882,math
user12882,strings
user12882,greedy
user12882,sortings
user12882,number theory
user12882,constructive algorithms
user12882,two pointers
user12882,dp
user12882,binary search
user12882,bitmasks
user12882,data structures
user12882,dfs and similar
user12882,graphs
user12882,trees
user12882,dsu
user12882,interactive
user12886,greedy
user12886,math
user12886,number theory
user12886,dp
user12886,graphs
user12886,binary search
user12886,data structures
user12886,sortings
user12886,two pointers
user12886,brute force
user12886,implementation
user12886,dfs and similar
user12886,constructive algorithms
user12886,strings
user12886,trees
user12889,binary search
user12889,dp
user12889,math
user12889,number theory
user12889,greedy
user12889,strings
user12889,data structures
user12889,implementation
user12889,brute force
user12889,constructive algorithms
user12889,sortings
user12889,two pointers
user12889,dsu
user12889,unk
user12889,combinatorics
user12889,graphs
user12889,bitmasks
user12889,dfs and similar
user12889,trees
user12889,interactive
user1289,greedy
user1289,math
user1289,number theory
user1289,implementation
user1289,constructive algorithms
user1289,strings
user1289,two pointers
user1289,brute force
user1289,combinatorics
user1289,sortings
user1289,dp
user1289,bitmasks
user1289,dfs and similar
user1289,graphs
user1289,data structures
user1289,binary search
user1289,interactive
user1289,trees
user1289,dsu
user12890,brute force
user12890,implementation
user12890,binary search
user12890,math
user12890,constructive algorithms
user12890,greedy
user12890,dsu
user12890,sortings
user12890,dp
user12890,data structures
user12890,strings
user12890,two pointers
user12890,number theory
user12890,dfs and similar
user12890,graphs
user12890,unk
user12890,bitmasks
user12890,combinatorics
user12890,trees
user12890,interactive
user12891,brute force
user12891,greedy
user12891,math
user12891,number theory
user12891,sortings
user12891,implementation
user12891,dp
user12891,bitmasks
user12891,constructive algorithms
user12891,dfs and similar
user12891,binary search
user12891,dsu
user12891,graphs
user12891,data structures
user12891,two pointers
user12891,trees
user12891,interactive
user12891,combinatorics
user12894,constructive algorithms
user12894,greedy
user12894,math
user12894,binary search
user12894,brute force
user12894,data structures
user12894,bitmasks
user12894,implementation
user12894,number theory
user12894,strings
user12894,dp
user12894,sortings
user12894,unk
user12894,two pointers
user12894,combinatorics
user12894,dfs and similar
user12894,graphs
user12894,trees
user12894,dsu
user12894,interactive
user12898,greedy
user12898,strings
user12898,brute force
user12898,implementation
user12898,math
user12898,sortings
user12898,binary search
user12898,number theory
user12898,data structures
user12898,bitmasks
user12898,constructive algorithms
user12898,unk
user12898,graphs
user12898,dfs and similar
user12898,dp
user12898,dsu
user12898,two pointers
user12898,combinatorics
user12898,trees
user12898,interactive
user12899,implementation
user12899,binary search
user12899,bitmasks
user12899,brute force
user12899,dp
user12899,math
user12899,sortings
user12899,dfs and similar
user12899,dsu
user12899,trees
user12899,graphs
user12899,greedy
user12899,strings
user12899,constructive algorithms
user12899,number theory
user12899,data structures
user12899,two pointers
user12899,combinatorics
user12899,interactive
user129,greedy
user129,math
user129,implementation
user129,data structures
user129,sortings
user129,two pointers
user129,brute force
user129,bitmasks
user129,dp
user129,constructive algorithms
user129,strings
user129,number theory
user129,graphs
user129,dfs and similar
user129,binary search
user129,combinatorics
user129,dsu
user129,trees
user129,interactive
user129,unk
user1290,brute force
user1290,dp
user1290,implementation
user1290,math
user1290,constructive algorithms
user1290,binary search
user1290,greedy
user1290,sortings
user1290,dfs and similar
user1290,trees
user1290,two pointers
user1290,data structures
user1290,strings
user1290,number theory
user1290,graphs
user1290,bitmasks
user1290,dsu
user1290,combinatorics
user1290,interactive
user12900,implementation
user12900,dp
user12900,math
user12900,greedy
user12900,sortings
user12900,strings
user12900,dfs and similar
user12900,brute force
user12900,constructive algorithms
user12900,two pointers
user12900,graphs
user12900,binary search
user12900,data structures
user12900,dsu
user12900,trees
user12900,number theory
user12900,combinatorics
user12900,bitmasks
user12900,interactive
user12901,brute force
user12901,math
user12901,constructive algorithms
user12901,greedy
user12901,implementation
user12901,number theory
user12901,sortings
user12901,binary search
user12901,data structures
user12901,combinatorics
user12901,dp
user12901,two pointers
user12901,bitmasks
user12901,strings
user12901,graphs
user12901,dsu
user12901,dfs and similar
user12907,greedy
user12907,implementation
user12907,math
user12907,brute force
user12907,sortings
user12907,strings
user12907,number theory
user12907,combinatorics
user12907,two pointers
user12907,dfs and similar
user12907,data structures
user12907,dp
user12907,constructive algorithms
user12907,trees
user12907,graphs
user12907,binary search
user12907,bitmasks
user12912,implementation
user12912,data structures
user12912,greedy
user12912,math
user12912,number theory
user12912,constructive algorithms
user12912,brute force
user12912,sortings
user12912,binary search
user12912,two pointers
user12912,dp
user12912,bitmasks
user12912,unk
user12916,greedy
user12916,implementation
user12916,constructive algorithms
user12916,math
user12916,number theory
user12916,dp
user12916,binary search
user12916,sortings
user12916,data structures
user12916,brute force
user12916,two pointers
user12917,bitmasks
user12917,combinatorics
user12917,math
user12917,sortings
user12917,two pointers
user12917,dfs and similar
user12917,dp
user12917,greedy
user12917,binary search
user12917,brute force
user12917,implementation
user12917,strings
user12917,constructive algorithms
user12917,data structures
user12917,graphs
user12917,trees
user12917,number theory
user12917,dsu
user12917,unk
user12917,interactive
user12920,constructive algorithms
user12920,implementation
user12920,strings
user12920,math
user12920,brute force
user12920,greedy
user12920,binary search
user12920,number theory
user12920,combinatorics
user12920,dp
user12920,data structures
user12920,sortings
user12920,bitmasks
user12920,two pointers
user12920,graphs
user12920,dfs and similar
user12920,dsu
user12921,greedy
user12921,math
user12921,binary search
user12921,number theory
user12921,sortings
user12921,two pointers
user12921,bitmasks
user12921,dfs and similar
user12921,dp
user12921,brute force
user12921,constructive algorithms
user12921,implementation
user12921,strings
user12921,data structures
user12921,graphs
user12923,brute force
user12923,implementation
user12923,strings
user12923,data structures
user12923,greedy
user12923,sortings
user12923,constructive algorithms
user12923,math
user12923,binary search
user12923,two pointers
user12923,dp
user12923,dfs and similar
user12923,dsu
user12923,graphs
user12923,combinatorics
user12923,number theory
user12923,bitmasks
user12923,trees
user12923,interactive
user12925,brute force
user12925,math
user12925,greedy
user12925,dp
user12925,implementation
user12925,number theory
user12925,dfs and similar
user12925,dsu
user12925,graphs
user12925,bitmasks
user12925,strings
user12925,unk
user12925,sortings
user12925,constructive algorithms
user12925,data structures
user12925,combinatorics
user12925,binary search
user12925,two pointers
user12925,interactive
user12925,trees
user12936,constructive algorithms
user12936,greedy
user12936,math
user12936,binary search
user12936,brute force
user12936,two pointers
user12936,number theory
user12936,dp
user12936,implementation
user12936,data structures
user12936,dfs and similar
user12936,trees
user12936,strings
user12936,graphs
user12936,dsu
user12938,bitmasks
user12938,brute force
user12938,dp
user12938,greedy
user12938,math
user12938,dfs and similar
user12938,dsu
user12938,graphs
user12938,constructive algorithms
user12938,data structures
user12938,number theory
user12938,trees
user12938,binary search
user12938,sortings
user12938,two pointers
user12938,implementation
user12938,combinatorics
user12938,unk
user12938,strings
user12939,greedy
user12939,sortings
user12939,brute force
user12939,implementation
user12939,binary search
user12939,two pointers
user12939,data structures
user12939,dp
user12939,graphs
user12939,math
user12939,bitmasks
user12939,constructive algorithms
user12939,number theory
user12939,combinatorics
user12939,strings
user12939,dfs and similar
user12939,dsu
user12939,trees
user12939,interactive
user12945,implementation
user12945,brute force
user12945,math
user12945,greedy
user12945,data structures
user12945,constructive algorithms
user12945,sortings
user12945,binary search
user12945,dp
user12945,two pointers
user12945,number theory
user12945,dfs and similar
user12945,graphs
user12945,trees
user12946,greedy
user12946,sortings
user12946,math
user12946,number theory
user12946,implementation
user12946,strings
user12946,bitmasks
user12946,brute force
user12946,data structures
user12946,dp
user12946,constructive algorithms
user12946,dfs and similar
user12946,two pointers
user12946,binary search
user12946,combinatorics
user12946,interactive
user12946,unk
user12946,dsu
user12946,trees
user12946,graphs
user12948,brute force
user12948,implementation
user12948,strings
user12948,math
user12948,greedy
user12948,dp
user12948,dfs and similar
user12948,graphs
user12948,sortings
user12948,constructive algorithms
user12948,number theory
user12948,data structures
user12948,two pointers
user12948,binary search
user12948,bitmasks
user12948,unk
user12948,combinatorics
user12948,dsu
user1295,combinatorics
user1295,constructive algorithms
user1295,greedy
user1295,math
user1295,sortings
user1295,strings
user1295,two pointers
user1295,dp
user1295,brute force
user1295,data structures
user1295,binary search
user1295,implementation
user1295,dfs and similar
user1295,graphs
user1295,trees
user1295,dsu
user1295,number theory
user1295,unk
user1295,bitmasks
user1295,interactive
user12951,implementation
user12951,brute force
user12951,constructive algorithms
user12951,greedy
user12951,data structures
user12953,implementation
user12953,brute force
user12953,math
user12953,greedy
user12953,sortings
user12953,constructive algorithms
user12953,strings
user12953,data structures
user12953,dp
user12953,binary search
user12953,trees
user12953,number theory
user12953,graphs
user12953,combinatorics
user12953,dfs and similar
user12953,dsu
user12953,two pointers
user12953,bitmasks
user1296,implementation
user1296,math
user1296,dp
user1296,greedy
user1296,strings
user1296,brute force
user1296,sortings
user1296,constructive algorithms
user1296,number theory
user1296,two pointers
user1296,binary search
user1296,data structures
user1296,dfs and similar
user1296,graphs
user1296,bitmasks
user1296,combinatorics
user1296,trees
user1296,dsu
user1296,interactive
user12960,greedy
user12960,implementation
user12960,sortings
user12960,strings
user12960,brute force
user12960,math
user12960,number theory
user12960,constructive algorithms
user12960,data structures
user12960,dfs and similar
user12960,dp
user12960,two pointers
user12960,binary search
user12960,bitmasks
user12960,unk
user12960,graphs
user12960,dsu
user12960,combinatorics
user12960,trees
user12960,interactive
user12961,greedy
user12961,implementation
user12961,brute force
user12961,math
user12961,binary search
user12961,sortings
user12961,constructive algorithms
user12961,unk
user12961,dp
user12961,two pointers
user12961,data structures
user12961,number theory
user12961,graphs
user12961,bitmasks
user12961,strings
user12961,dfs and similar
user12961,combinatorics
user12961,trees
user12961,dsu
user12961,interactive
user12967,math
user12967,constructive algorithms
user12967,sortings
user12967,greedy
user12967,strings
user12967,data structures
user12967,implementation
user12967,brute force
user12967,number theory
user12967,bitmasks
user12967,combinatorics
user12967,two pointers
user12967,unk
user12967,trees
user12967,binary search
user12967,dp
user12967,dfs and similar
user12967,graphs
user12967,dsu
user12967,interactive
user12972,greedy
user12972,math
user12972,implementation
user12972,sortings
user12972,strings
user12972,constructive algorithms
user12972,binary search
user12972,dfs and similar
user12972,dp
user12972,brute force
user12972,number theory
user12972,bitmasks
user12972,unk
user12972,data structures
user12972,two pointers
user12972,graphs
user12972,combinatorics
user12972,dsu
user12972,trees
user12972,interactive
user12975,greedy
user12975,implementation
user12975,math
user12975,binary search
user12975,brute force
user12975,constructive algorithms
user12975,sortings
user12975,two pointers
user12975,bitmasks
user12975,dfs and similar
user12975,data structures
user12975,dp
user12975,number theory
user12975,combinatorics
user12975,graphs
user12975,strings
user12975,interactive
user12975,trees
user12975,dsu
user12979,dfs and similar
user12979,dsu
user12979,graphs
user12979,combinatorics
user12979,constructive algorithms
user12979,data structures
user12979,implementation
user12979,math
user12979,sortings
user12979,two pointers
user12979,binary search
user12979,brute force
user12979,greedy
user12979,dp
user12979,trees
user12979,number theory
user12979,strings
user12979,bitmasks
user12979,unk
user12979,interactive
user12981,brute force
user12981,greedy
user12981,sortings
user12981,binary search
user12981,math
user12981,implementation
user12981,graphs
user12981,unk
user12981,bitmasks
user12981,dfs and similar
user12981,dp
user12981,data structures
user12981,strings
user12981,dsu
user12981,number theory
user12981,constructive algorithms
user12981,trees
user12981,two pointers
user12981,combinatorics
user12981,interactive
user12983,brute force
user12983,implementation
user12983,greedy
user12983,strings
user12983,dfs and similar
user12983,dp
user12983,graphs
user12983,binary search
user12983,data structures
user12983,trees
user12983,constructive algorithms
user12983,math
user12983,combinatorics
user12983,number theory
user12983,bitmasks
user12983,two pointers
user12983,sortings
user12983,dsu
user12985,binary search
user12985,implementation
user12985,brute force
user12985,greedy
user12985,data structures
user12985,dp
user12985,graphs
user12985,constructive algorithms
user12985,math
user12985,number theory
user12985,sortings
user12985,bitmasks
user12985,combinatorics
user12985,dfs and similar
user12985,trees
user12985,dsu
user12985,unk
user12985,two pointers
user12990,implementation
user12990,brute force
user12990,greedy
user12990,math
user12990,strings
user12990,binary search
user12990,sortings
user12990,dp
user12990,constructive algorithms
user12990,data structures
user12990,bitmasks
user12990,number theory
user12990,two pointers
user12990,combinatorics
user12990,trees
user12990,dfs and similar
user12990,unk
user12990,interactive
user12990,dsu
user12990,graphs
user12996,math
user12996,implementation
user12996,strings
user12996,constructive algorithms
user12996,brute force
user12996,sortings
user12996,greedy
user12996,data structures
user12996,binary search
user12996,combinatorics
user12996,number theory
user12996,dp
user12996,bitmasks
user12996,dfs and similar
user12996,graphs
user12996,unk
user12996,two pointers
user12996,dsu
user12996,interactive
user12996,trees
user12998,dp
user12998,greedy
user12998,implementation
user12998,math
user12998,brute force
user12998,data structures
user12998,binary search
user13,combinatorics
user13,data structures
user13,implementation
user13,math
user13,sortings
user13,brute force
user13,constructive algorithms
user13,greedy
user13,two pointers
user13,binary search
user13,strings
user13,number theory
user13,dp
user13,bitmasks
user13,dfs and similar
user13,unk
user13,graphs
user13,trees
user13,dsu
user13,interactive
user130,math
user130,brute force
user130,greedy
user130,strings
user130,implementation
user130,dfs and similar
user130,dp
user130,sortings
user130,binary search
user130,constructive algorithms
user130,bitmasks
user130,number theory
user130,two pointers
user130,dsu
user130,data structures
user130,graphs
user130,combinatorics
user130,trees
user130,interactive
user1300,greedy
user1300,implementation
user1300,math
user1300,number theory
user1300,combinatorics
user1300,dp
user1300,sortings
user1300,bitmasks
user1300,constructive algorithms
user1300,dfs and similar
user1300,strings
user1300,brute force
user1300,binary search
user1300,graphs
user1300,data structures
user1300,two pointers
user1300,trees
user13000,brute force
user13000,greedy
user13000,sortings
user13000,implementation
user13000,strings
user13000,math
user13000,data structures
user13000,two pointers
user13000,constructive algorithms
user13000,combinatorics
user13000,number theory
user13000,bitmasks
user13000,dfs and similar
user13000,graphs
user13000,binary search
user13000,dsu
user13000,dp
user13000,trees
user13000,interactive
user13001,implementation
user13001,strings
user13001,constructive algorithms
user13001,math
user13001,greedy
user13001,sortings
user13001,binary search
user13001,number theory
user13001,combinatorics
user13001,dp
user13001,two pointers
user13001,graphs
user13001,dsu
user13001,trees
user13001,bitmasks
user13001,brute force
user13001,data structures
user13001,interactive
user13001,dfs and similar
user13003,brute force
user13003,implementation
user13003,constructive algorithms
user13003,greedy
user13003,sortings
user13003,data structures
user13003,trees
user13003,math
user13003,strings
user13003,dp
user13003,two pointers
user13003,binary search
user13003,combinatorics
user13003,number theory
user13003,graphs
user13003,bitmasks
user13003,dfs and similar
user13003,dsu
user13003,interactive
user13004,greedy
user13004,sortings
user13004,brute force
user13004,implementation
user13004,constructive algorithms
user13004,dp
user13004,math
user13004,number theory
user13004,graphs
user13004,combinatorics
user13004,binary search
user13004,bitmasks
user13004,data structures
user13004,two pointers
user13004,dfs and similar
user13004,dsu
user13004,trees
user13005,math
user13005,brute force
user13005,strings
user13005,greedy
user13005,implementation
user13005,sortings
user13005,constructive algorithms
user13005,dp
user13005,two pointers
user13005,data structures
user13005,number theory
user13005,binary search
user13005,combinatorics
user13005,bitmasks
user13006,binary search
user13006,data structures
user13006,dp
user13006,greedy
user13006,sortings
user13006,brute force
user13006,strings
user13006,graphs
user13006,implementation
user13006,math
user13006,constructive algorithms
user13006,number theory
user13006,bitmasks
user13006,two pointers
user13006,dfs and similar
user13006,dsu
user13006,combinatorics
user13006,interactive
user13007,brute force
user13007,greedy
user13007,implementation
user13007,math
user13007,number theory
user13007,constructive algorithms
user13007,sortings
user13007,bitmasks
user13007,combinatorics
user13007,dp
user13007,strings
user13007,binary search
user13007,data structures
user13007,dfs and similar
user13007,two pointers
user13007,trees
user13007,graphs
user13007,dsu
user13007,interactive
user13009,constructive algorithms
user13009,data structures
user13009,greedy
user13009,sortings
user13009,implementation
user13009,math
user13009,number theory
user13009,strings
user13009,binary search
user13009,two pointers
user13009,brute force
user13009,combinatorics
user13009,dp
user13009,dfs and similar
user13009,graphs
user13009,trees
user13009,bitmasks
user13009,unk
user13009,dsu
user13009,interactive
user13010,dp
user13010,strings
user13010,implementation
user13010,math
user13010,sortings
user13010,greedy
user13010,data structures
user13010,two pointers
user13010,binary search
user13010,brute force
user13010,constructive algorithms
user13010,combinatorics
user13010,number theory
user13010,dsu
user13010,graphs
user13010,dfs and similar
user13010,bitmasks
user13010,unk
user13010,trees
user13014,constructive algorithms
user13014,greedy
user13014,data structures
user13014,binary search
user13014,graphs
user13014,dsu
user13023,unk
user13023,dfs and similar
user13023,dp
user13023,graphs
user13023,greedy
user13023,math
user13023,number theory
user13023,brute force
user13023,implementation
user13023,two pointers
user13023,sortings
user13023,constructive algorithms
user13023,trees
user13023,data structures
user13023,binary search
user13023,strings
user13023,bitmasks
user13023,combinatorics
user13023,dsu
user13023,interactive
user13027,implementation
user13027,strings
user13027,greedy
user13027,math
user13027,sortings
user13027,brute force
user13027,data structures
user13027,unk
user13027,dp
user13027,two pointers
user13027,binary search
user13027,constructive algorithms
user13027,combinatorics
user13027,number theory
user13027,bitmasks
user13027,dfs and similar
user13027,dsu
user13027,graphs
user13027,interactive
user13027,trees
user13029,constructive algorithms
user13029,math
user13029,greedy
user13029,number theory
user13029,implementation
user13029,strings
user13029,brute force
user13029,data structures
user13029,dp
user13029,sortings
user13029,binary search
user13029,combinatorics
user13029,bitmasks
user13029,dfs and similar
user13029,graphs
user13029,two pointers
user13029,unk
user13029,trees
user13029,dsu
user13029,interactive
user13030,greedy
user13030,math
user13030,implementation
user13030,sortings
user13030,brute force
user13030,constructive algorithms
user13030,number theory
user13030,binary search
user13030,data structures
user13030,bitmasks
user13030,two pointers
user13030,combinatorics
user13030,dp
user13030,graphs
user13030,dfs and similar
user13030,interactive
user13030,trees
user13034,data structures
user13034,greedy
user13034,strings
user13034,constructive algorithms
user13034,dfs and similar
user13034,brute force
user13034,math
user13034,dp
user13034,sortings
user13034,graphs
user13034,trees
user13034,binary search
user13034,implementation
user13034,bitmasks
user13034,two pointers
user13034,combinatorics
user13034,number theory
user13034,dsu
user13034,interactive
user13035,brute force
user13035,implementation
user13035,math
user13035,strings
user13035,greedy
user13035,number theory
user13035,sortings
user13035,constructive algorithms
user13035,graphs
user13035,dp
user13035,dsu
user13035,bitmasks
user13035,binary search
user13035,unk
user13035,dfs and similar
user13035,combinatorics
user13035,interactive
user13035,data structures
user13035,two pointers
user13035,trees
user13037,brute force
user13037,constructive algorithms
user13037,data structures
user13037,dp
user13037,number theory
user13037,greedy
user13037,implementation
user13037,graphs
user13037,math
user13037,sortings
user13037,binary search
user13037,two pointers
user13037,dfs and similar
user13037,bitmasks
user13038,greedy
user13038,sortings
user13038,implementation
user13038,math
user13038,number theory
user13038,brute force
user13038,constructive algorithms
user13038,strings
user13038,dfs and similar
user13038,graphs
user13038,binary search
user13038,data structures
user13038,dp
user13038,combinatorics
user13038,two pointers
user13045,constructive algorithms
user13045,greedy
user13045,math
user13045,implementation
user13045,sortings
user13045,unk
user13045,brute force
user13045,strings
user13045,dp
user13045,binary search
user13045,data structures
user13045,number theory
user13045,two pointers
user13045,graphs
user13045,bitmasks
user13045,combinatorics
user13045,dfs and similar
user13045,trees
user13045,dsu
user13045,interactive
user1305,greedy
user1305,constructive algorithms
user1305,math
user1305,brute force
user1305,bitmasks
user1305,number theory
user1305,binary search
user1305,strings
user1305,implementation
user1305,two pointers
user1305,dp
user1305,data structures
user1305,sortings
user1305,dfs and similar
user1305,trees
user1305,combinatorics
user1305,dsu
user1305,graphs
user1305,interactive
user13056,greedy
user13056,math
user13056,implementation
user13056,number theory
user13056,binary search
user13061,greedy
user13061,implementation
user13061,strings
user13061,brute force
user13061,math
user13061,constructive algorithms
user13061,number theory
user13061,sortings
user13061,dp
user13061,data structures
user13061,two pointers
user13061,bitmasks
user13061,dfs and similar
user13061,graphs
user13061,combinatorics
user13061,binary search
user13061,interactive
user13061,unk
user13061,trees
user13061,dsu
user13064,brute force
user13064,math
user13064,strings
user13064,greedy
user13064,implementation
user13064,sortings
user13064,data structures
user13064,number theory
user13064,constructive algorithms
user13064,unk
user13064,dp
user13064,binary search
user13064,two pointers
user13064,combinatorics
user13064,dfs and similar
user13064,graphs
user13064,bitmasks
user13064,dsu
user13064,trees
user13064,interactive
user13065,brute force
user13065,constructive algorithms
user13065,dp
user13065,implementation
user13065,strings
user13065,binary search
user13065,interactive
user13065,bitmasks
user13065,dfs and similar
user13065,dsu
user13065,graphs
user13065,greedy
user13065,sortings
user13065,math
user13065,number theory
user13065,data structures
user13065,two pointers
user13065,trees
user13065,combinatorics
user13068,implementation
user13068,math
user13068,number theory
user13068,brute force
user13068,data structures
user13068,greedy
user13068,dp
user13068,sortings
user13068,strings
user13068,binary search
user13068,constructive algorithms
user13068,graphs
user13068,bitmasks
user13068,two pointers
user13078,greedy
user13078,math
user13078,number theory
user13078,sortings
user13078,two pointers
user13078,brute force
user13078,implementation
user13078,constructive algorithms
user13078,strings
user13078,binary search
user13078,data structures
user13078,dp
user13078,dfs and similar
user13078,graphs
user13078,trees
user13078,interactive
user13078,combinatorics
user13078,bitmasks
user13078,dsu
user13084,strings
user13084,greedy
user13084,implementation
user13084,sortings
user13084,brute force
user13084,math
user13084,number theory
user13084,dfs and similar
user13084,binary search
user13084,constructive algorithms
user13084,two pointers
user13084,combinatorics
user13084,dp
user13084,data structures
user13085,constructive algorithms
user13085,implementation
user13085,math
user13085,binary search
user13085,dp
user13085,greedy
user13085,brute force
user13085,two pointers
user13085,sortings
user13086,greedy
user13086,math
user13086,sortings
user13086,implementation
user13086,number theory
user13086,brute force
user13086,dfs and similar
user13086,dp
user13086,graphs
user13086,binary search
user13086,constructive algorithms
user13086,interactive
user13086,strings
user13086,two pointers
user13086,data structures
user13086,bitmasks
user13086,trees
user13086,combinatorics
user13086,dsu
user13097,dp
user13097,greedy
user13097,math
user13097,constructive algorithms
user13097,brute force
user13097,implementation
user13097,sortings
user13097,number theory
user13097,strings
user13097,two pointers
user13097,bitmasks
user13097,combinatorics
user13097,graphs
user13097,data structures
user13097,dfs and similar
user13097,binary search
user13097,dsu
user13097,interactive
user13097,trees
user131,greedy
user131,math
user131,implementation
user131,binary search
user13100,brute force
user13100,greedy
user13100,math
user13100,constructive algorithms
user13100,implementation
user13100,binary search
user13100,sortings
user13100,dp
user13102,bitmasks
user13102,constructive algorithms
user13102,math
user13102,dp
user13102,greedy
user13102,implementation
user13102,graphs
user13102,brute force
user13102,dsu
user13102,trees
user13102,combinatorics
user13102,sortings
user13102,binary search
user13102,dfs and similar
user13102,strings
user13102,number theory
user13102,data structures
user13102,two pointers
user13104,implementation
user13104,sortings
user13104,greedy
user13104,math
user13104,data structures
user13104,strings
user13104,binary search
user13104,two pointers
user13104,dfs and similar
user13104,bitmasks
user13104,unk
user13104,brute force
user13104,dp
user13104,constructive algorithms
user13104,trees
user13104,combinatorics
user13104,graphs
user13104,number theory
user13104,dsu
user13104,interactive
user13105,greedy
user13105,math
user13105,sortings
user13105,implementation
user13105,constructive algorithms
user13105,binary search
user13105,brute force
user13105,two pointers
user13105,data structures
user13105,dp
user13105,strings
user13105,bitmasks
user13105,dsu
user13105,number theory
user13105,combinatorics
user13105,interactive
user13105,dfs and similar
user13105,graphs
user13105,unk
user13105,trees
user13106,implementation
user13106,sortings
user13106,constructive algorithms
user13106,greedy
user13106,dp
user13106,strings
user13106,math
user13106,brute force
user13106,dfs and similar
user13106,graphs
user13106,combinatorics
user13106,binary search
user13106,data structures
user13106,trees
user13106,two pointers
user13107,brute force
user13107,constructive algorithms
user13107,greedy
user13107,implementation
user13107,math
user13107,sortings
user13107,data structures
user13107,trees
user13110,math
user13110,greedy
user13110,implementation
user13110,binary search
user13110,number theory
user13110,dfs and similar
user13110,dsu
user13110,graphs
user13110,data structures
user13110,two pointers
user13110,brute force
user13110,dp
user13110,strings
user13110,sortings
user13110,constructive algorithms
user13110,trees
user13113,greedy
user13113,math
user13113,binary search
user13113,constructive algorithms
user13113,data structures
user13114,constructive algorithms
user13114,greedy
user13114,implementation
user13114,strings
user13114,brute force
user13114,number theory
user13114,math
user13114,sortings
user13114,two pointers
user13114,combinatorics
user13114,dp
user13114,binary search
user13114,data structures
user13114,dfs and similar
user13114,dsu
user13114,graphs
user13114,bitmasks
user13114,trees
user13114,interactive
user13117,math
user13117,binary search
user13117,greedy
user13117,implementation
user13117,brute force
user13117,dp
user13117,data structures
user13117,constructive algorithms
user13118,math
user13118,implementation
user13118,sortings
user13118,greedy
user13118,brute force
user13118,dp
user13118,binary search
user13118,number theory
user13118,data structures
user13118,strings
user13118,constructive algorithms
user13118,combinatorics
user13118,two pointers
user13118,bitmasks
user13118,dfs and similar
user13118,dsu
user13118,graphs
user13118,trees
user13118,unk
user13118,interactive
user1312,implementation
user1312,math
user1312,brute force
user1312,strings
user1312,constructive algorithms
user1312,greedy
user1312,sortings
user1312,dp
user1312,number theory
user1312,combinatorics
user1312,bitmasks
user1312,dsu
user1312,binary search
user1312,dfs and similar
user1312,graphs
user1312,data structures
user1312,two pointers
user1312,unk
user1312,trees
user1312,interactive
user13121,math
user13121,greedy
user13121,number theory
user13121,data structures
user13121,implementation
user13121,sortings
user13121,binary search
user13121,brute force
user13121,combinatorics
user13121,dp
user13121,strings
user13121,dfs and similar
user13121,constructive algorithms
user13121,graphs
user13121,two pointers
user13121,dsu
user13121,bitmasks
user13121,interactive
user13121,trees
user13122,constructive algorithms
user13122,implementation
user13122,greedy
user13122,dp
user13122,bitmasks
user13122,brute force
user13122,sortings
user13122,strings
user13122,math
user13122,data structures
user13122,number theory
user13122,graphs
user13122,binary search
user13125,greedy
user13125,brute force
user13125,implementation
user13125,math
user13125,dfs and similar
user13125,dp
user13125,graphs
user13125,number theory
user13125,trees
user13125,strings
user13125,binary search
user13125,data structures
user13125,two pointers
user13125,combinatorics
user13125,dsu
user13125,bitmasks
user13125,constructive algorithms
user13125,interactive
user13130,math
user13130,greedy
user13130,sortings
user13130,data structures
user13130,dp
user13130,brute force
user13130,unk
user13130,number theory
user13130,implementation
user13130,binary search
user13130,strings
user13130,dfs and similar
user13130,dsu
user13130,trees
user13130,bitmasks
user13130,two pointers
user13130,constructive algorithms
user13130,graphs
user13130,combinatorics
user13130,interactive
user13135,constructive algorithms
user13135,math
user13135,greedy
user13135,implementation
user13135,strings
user13135,sortings
user13135,binary search
user13135,dp
user13135,brute force
user13135,two pointers
user13135,data structures
user13135,dfs and similar
user13135,dsu
user13135,graphs
user13135,interactive
user13135,trees
user13135,bitmasks
user13135,number theory
user13135,combinatorics
user13137,math
user13137,implementation
user13137,greedy
user13137,sortings
user13137,strings
user13137,binary search
user13137,two pointers
user13137,brute force
user13137,data structures
user13137,constructive algorithms
user13137,dp
user13137,number theory
user13137,bitmasks
user13137,combinatorics
user13137,dfs and similar
user13137,trees
user13137,graphs
user13137,interactive
user13137,unk
user13137,dsu
user13139,implementation
user13139,math
user13139,greedy
user13139,strings
user13139,brute force
user13139,constructive algorithms
user13139,combinatorics
user13139,binary search
user13139,sortings
user13139,dfs and similar
user13139,dp
user13139,data structures
user13139,number theory
user13139,bitmasks
user13139,unk
user13139,dsu
user13139,graphs
user13139,two pointers
user13139,interactive
user13140,constructive algorithms
user13140,implementation
user13140,brute force
user13140,greedy
user13140,math
user13140,number theory
user13140,bitmasks
user13140,sortings
user13140,data structures
user13140,strings
user13140,binary search
user13140,two pointers
user13140,combinatorics
user13140,dp
user13140,graphs
user13142,greedy
user13142,implementation
user13142,sortings
user13142,strings
user13142,brute force
user13142,constructive algorithms
user13142,math
user13142,binary search
user13142,data structures
user13142,two pointers
user13142,dp
user13142,combinatorics
user13142,number theory
user13142,bitmasks
user13142,dfs and similar
user13142,graphs
user13142,trees
user13142,dsu
user13144,math
user13144,greedy
user13144,implementation
user13144,sortings
user13144,brute force
user13144,dp
user13144,number theory
user13144,constructive algorithms
user13144,bitmasks
user13144,strings
user13144,binary search
user13144,two pointers
user13144,graphs
user13144,unk
user13144,combinatorics
user13144,dfs and similar
user13144,data structures
user13144,dsu
user13144,trees
user13144,interactive
user13146,unk
user13146,constructive algorithms
user13146,greedy
user13146,math
user13146,implementation
user13146,data structures
user13146,dp
user13146,strings
user13146,dfs and similar
user13146,graphs
user13146,two pointers
user13146,combinatorics
user13146,binary search
user13146,number theory
user13146,sortings
user13146,brute force
user13146,bitmasks
user13146,dsu
user13146,trees
user13146,interactive
user13151,implementation
user13151,strings
user13151,greedy
user13151,data structures
user13151,math
user13151,binary search
user13151,interactive
user13151,constructive algorithms
user13151,sortings
user13151,brute force
user13151,number theory
user13151,bitmasks
user13151,unk
user13151,dp
user13151,combinatorics
user13151,two pointers
user13151,dfs and similar
user13151,dsu
user13151,graphs
user13151,trees
user13156,math
user13156,bitmasks
user13156,greedy
user13156,implementation
user13156,brute force
user13156,dfs and similar
user13156,dp
user13156,sortings
user13156,strings
user13156,binary search
user13156,number theory
user13156,constructive algorithms
user13156,two pointers
user13156,data structures
user13156,combinatorics
user13156,interactive
user13156,dsu
user13156,trees
user13156,graphs
user13158,brute force
user13158,greedy
user13158,math
user13158,dp
user13158,implementation
user13158,strings
user13158,graphs
user13158,binary search
user13158,constructive algorithms
user13158,sortings
user13158,number theory
user13158,data structures
user13158,two pointers
user13158,bitmasks
user13158,combinatorics
user13160,math
user13160,sortings
user13160,constructive algorithms
user13160,dsu
user13160,implementation
user13160,data structures
user13160,strings
user13160,greedy
user13160,bitmasks
user13160,brute force
user13160,dfs and similar
user13160,binary search
user13160,graphs
user13160,number theory
user13160,two pointers
user13160,combinatorics
user13160,dp
user13160,unk
user13160,interactive
user13160,trees
user13161,constructive algorithms
user13161,implementation
user13161,strings
user13161,unk
user13161,math
user13161,number theory
user13161,dp
user13161,greedy
user13161,two pointers
user13161,sortings
user13161,brute force
user13161,bitmasks
user13161,data structures
user13161,combinatorics
user13161,binary search
user13161,dfs and similar
user13161,trees
user13161,graphs
user13161,dsu
user13167,implementation
user13167,strings
user13167,greedy
user13167,sortings
user13167,brute force
user13167,math
user13167,number theory
user13167,dp
user13167,constructive algorithms
user13167,data structures
user13167,combinatorics
user13167,two pointers
user13167,bitmasks
user13167,dfs and similar
user13167,interactive
user13167,binary search
user13167,dsu
user13167,graphs
user13167,trees
user13169,brute force
user13169,implementation
user13169,greedy
user13169,math
user13169,dp
user13169,strings
user13169,data structures
user13169,sortings
user13169,constructive algorithms
user13169,bitmasks
user13169,graphs
user13169,dfs and similar
user13169,trees
user13169,number theory
user13169,binary search
user13169,two pointers
user13169,combinatorics
user13169,unk
user13169,dsu
user13169,interactive
user13172,constructive algorithms
user13172,trees
user13172,implementation
user13172,data structures
user13172,dp
user13172,two pointers
user13172,bitmasks
user13172,brute force
user13172,binary search
user13172,math
user13172,number theory
user13172,greedy
user13172,dfs and similar
user13172,graphs
user13173,implementation
user13173,strings
user13173,greedy
user13173,sortings
user13173,brute force
user13173,number theory
user13173,dp
user13173,math
user13173,bitmasks
user13173,constructive algorithms
user13173,binary search
user13173,data structures
user13173,combinatorics
user13173,two pointers
user13173,dfs and similar
user13173,graphs
user13173,unk
user13173,dsu
user13173,trees
user13173,interactive
user13180,math
user13180,implementation
user13180,strings
user13180,sortings
user13180,brute force
user13180,greedy
user13180,number theory
user13180,constructive algorithms
user13180,data structures
user13180,dfs and similar
user13180,trees
user13180,binary search
user13180,two pointers
user13180,graphs
user13180,dp
user13180,dsu
user13180,bitmasks
user13180,combinatorics
user13183,binary search
user13183,constructive algorithms
user13183,data structures
user13183,greedy
user13183,implementation
user13183,strings
user13183,math
user13183,sortings
user13183,brute force
user13183,dp
user13184,constructive algorithms
user13184,greedy
user13184,number theory
user13184,math
user13184,binary search
user13184,brute force
user13184,combinatorics
user13184,implementation
user13184,sortings
user13184,strings
user13184,dp
user13184,graphs
user13184,bitmasks
user13184,two pointers
user13184,trees
user13184,data structures
user13184,dfs and similar
user13184,interactive
user13186,math
user13186,number theory
user13186,constructive algorithms
user13186,trees
user13186,combinatorics
user13186,implementation
user13186,strings
user13186,greedy
user13186,brute force
user13186,sortings
user13186,two pointers
user13186,binary search
user13186,dp
user13186,data structures
user13186,dfs and similar
user13186,bitmasks
user13188,greedy
user13188,math
user13188,implementation
user13188,dp
user13188,two pointers
user13188,brute force
user13188,number theory
user13188,constructive algorithms
user13188,strings
user13188,unk
user13188,binary search
user13188,data structures
user13188,dsu
user13188,graphs
user13188,sortings
user13188,combinatorics
user13188,dfs and similar
user13188,bitmasks
user13188,trees
user13188,interactive
user13192,greedy
user13192,constructive algorithms
user13192,strings
user13192,implementation
user13192,sortings
user13192,math
user13192,brute force
user13192,dfs and similar
user13192,graphs
user13192,dp
user13192,number theory
user13192,binary search
user13192,data structures
user13192,two pointers
user13192,bitmasks
user13192,combinatorics
user13192,interactive
user13192,dsu
user13192,trees
user13192,unk
user13195,greedy
user13195,math
user13195,brute force
user13195,data structures
user13195,implementation
user13195,number theory
user13195,strings
user13195,constructive algorithms
user13195,sortings
user13195,binary search
user13195,dp
user13195,two pointers
user13195,interactive
user13195,graphs
user13195,dfs and similar
user13195,bitmasks
user13195,dsu
user13195,combinatorics
user13195,unk
user13195,trees
user132,math
user132,number theory
user132,brute force
user132,data structures
user132,greedy
user132,sortings
user132,implementation
user132,dsu
user132,bitmasks
user132,dp
user132,strings
user132,trees
user132,two pointers
user132,constructive algorithms
user132,binary search
user132,dfs and similar
user132,graphs
user132,combinatorics
user132,interactive
user13201,implementation
user13201,math
user13201,binary search
user13201,number theory
user13201,sortings
user13201,brute force
user13201,greedy
user13201,strings
user13201,data structures
user13201,constructive algorithms
user13201,dp
user13201,graphs
user13201,combinatorics
user13201,two pointers
user13201,bitmasks
user13201,interactive
user13202,constructive algorithms
user13202,greedy
user13202,brute force
user13202,math
user13202,number theory
user13202,bitmasks
user13202,two pointers
user13202,sortings
user13202,implementation
user13202,strings
user13202,dp
user13202,data structures
user13202,dfs and similar
user13202,dsu
user13202,graphs
user13202,binary search
user13202,trees
user13206,greedy
user13206,implementation
user13206,dp
user13206,constructive algorithms
user13206,data structures
user13206,math
user13206,sortings
user13206,brute force
user13206,binary search
user13206,number theory
user13206,strings
user13206,two pointers
user13206,bitmasks
user13206,trees
user13206,dsu
user13206,combinatorics
user13206,dfs and similar
user13206,graphs
user13206,interactive
user13207,constructive algorithms
user13207,dp
user13207,math
user13207,brute force
user13207,graphs
user13207,greedy
user13207,implementation
user13207,number theory
user13207,sortings
user13207,strings
user13207,data structures
user13207,bitmasks
user13207,combinatorics
user13207,binary search
user13207,two pointers
user13207,dfs and similar
user13207,trees
user13207,unk
user13207,dsu
user13209,implementation
user13209,greedy
user13209,math
user13209,brute force
user13209,constructive algorithms
user13209,strings
user13209,sortings
user13209,binary search
user13209,dp
user13209,unk
user13209,number theory
user13209,bitmasks
user13209,combinatorics
user13209,graphs
user13209,dfs and similar
user13209,dsu
user13209,trees
user13209,two pointers
user13209,data structures
user13213,math
user13213,number theory
user13213,greedy
user13213,sortings
user13213,implementation
user13213,brute force
user13213,constructive algorithms
user13213,strings
user13213,dp
user13213,combinatorics
user13213,data structures
user13213,binary search
user13213,bitmasks
user13213,two pointers
user13213,interactive
user13213,dfs and similar
user13213,graphs
user13213,dsu
user13219,binary search
user13219,math
user13219,implementation
user13219,strings
user13219,greedy
user13219,data structures
user13219,constructive algorithms
user13219,two pointers
user13219,sortings
user13219,brute force
user13219,dp
user13219,bitmasks
user13219,number theory
user13219,unk
user13219,dfs and similar
user13219,dsu
user13219,graphs
user13219,combinatorics
user13219,trees
user13220,implementation
user13220,strings
user13220,math
user13220,greedy
user13220,constructive algorithms
user13220,combinatorics
user13220,sortings
user13220,brute force
user13220,binary search
user13220,number theory
user13220,data structures
user13220,dp
user13220,two pointers
user13220,dsu
user13220,graphs
user13220,dfs and similar
user13220,interactive
user13220,trees
user13221,strings
user13221,dfs and similar
user13221,dp
user13221,greedy
user13221,math
user13221,combinatorics
user13221,constructive algorithms
user13221,implementation
user13221,sortings
user13221,binary search
user13221,dsu
user13221,brute force
user13221,data structures
user13221,number theory
user13221,two pointers
user13221,bitmasks
user13221,trees
user13221,graphs
user13225,constructive algorithms
user13225,greedy
user13225,implementation
user13225,math
user13225,brute force
user13225,sortings
user13225,combinatorics
user13225,strings
user13225,data structures
user13225,bitmasks
user13225,dfs and similar
user13225,dsu
user13225,graphs
user13225,dp
user13225,two pointers
user13225,trees
user13225,binary search
user13225,number theory
user13225,interactive
user13226,greedy
user13227,bitmasks
user13227,brute force
user13227,constructive algorithms
user13227,greedy
user13227,binary search
user13227,data structures
user13227,dp
user13227,implementation
user13227,math
user13227,sortings
user13227,two pointers
user13227,number theory
user13227,strings
user13227,dfs and similar
user13227,trees
user13227,dsu
user13227,graphs
user13230,implementation
user13230,math
user13230,binary search
user13230,constructive algorithms
user13230,greedy
user13230,number theory
user13230,sortings
user13230,brute force
user13230,strings
user13230,combinatorics
user13230,two pointers
user13230,dp
user13230,data structures
user13230,dsu
user13230,graphs
user13230,dfs and similar
user13230,bitmasks
user13230,interactive
user13230,trees
user13230,unk
user13235,greedy
user13235,math
user13235,number theory
user13235,constructive algorithms
user13235,sortings
user13235,brute force
user13235,dsu
user13235,graphs
user13235,strings
user13235,dfs and similar
user13235,dp
user13235,implementation
user13235,combinatorics
user13235,data structures
user13235,trees
user13235,binary search
user13235,unk
user13235,two pointers
user13235,bitmasks
user13235,interactive
user13236,constructive algorithms
user13236,greedy
user13236,sortings
user13236,brute force
user13236,data structures
user13236,implementation
user13236,two pointers
user13236,binary search
user13236,math
user13236,number theory
user13236,dp
user13236,graphs
user13236,dsu
user13244,implementation
user13244,sortings
user13244,greedy
user13244,math
user13244,data structures
user13244,strings
user13244,binary search
user13244,two pointers
user13244,dfs and similar
user13244,bitmasks
user13244,brute force
user13244,constructive algorithms
user13244,combinatorics
user13244,graphs
user13244,trees
user13244,dsu
user13244,dp
user13244,number theory
user13246,implementation
user13246,greedy
user13246,math
user13246,sortings
user13246,brute force
user13246,strings
user13246,binary search
user13246,data structures
user13246,two pointers
user13246,constructive algorithms
user13246,bitmasks
user13246,dsu
user13246,graphs
user13246,number theory
user13246,dp
user13246,combinatorics
user13246,dfs and similar
user13246,trees
user13247,implementation
user13247,strings
user13247,greedy
user13247,sortings
user13247,brute force
user13247,math
user13247,constructive algorithms
user13247,number theory
user13247,binary search
user13247,data structures
user13247,dp
user13247,dfs and similar
user13247,graphs
user13247,trees
user13247,combinatorics
user13247,two pointers
user13247,bitmasks
user13247,dsu
user13247,interactive
user13249,strings
user13249,math
user13249,implementation
user13249,number theory
user13249,brute force
user13249,greedy
user13249,sortings
user13249,constructive algorithms
user13249,dfs and similar
user13249,graphs
user13249,binary search
user13249,dp
user13249,bitmasks
user13249,data structures
user13249,two pointers
user13249,trees
user13249,combinatorics
user13249,interactive
user1325,math
user1325,sortings
user1325,constructive algorithms
user1325,unk
user1325,bitmasks
user1325,strings
user1325,brute force
user1325,dfs and similar
user1325,graphs
user1325,greedy
user1325,implementation
user1325,binary search
user1325,data structures
user1325,dp
user1325,two pointers
user1325,combinatorics
user1325,number theory
user1325,trees
user1325,dsu
user1325,interactive
user13260,brute force
user13260,strings
user13260,greedy
user13260,constructive algorithms
user13260,math
user13260,sortings
user13260,implementation
user13260,dp
user13260,number theory
user13260,binary search
user13260,two pointers
user13260,combinatorics
user13260,bitmasks
user13260,data structures
user13260,dfs and similar
user13260,graphs
user13260,trees
user13260,dsu
user13260,interactive
user13265,dp
user13265,greedy
user13265,implementation
user13265,brute force
user13265,math
user13265,number theory
user13265,two pointers
user13265,strings
user13265,constructive algorithms
user13265,sortings
user13265,binary search
user13265,data structures
user13265,dfs and similar
user13265,graphs
user13265,combinatorics
user13265,bitmasks
user13265,trees
user13265,interactive
user13266,data structures
user13266,greedy
user13266,sortings
user13266,two pointers
user13266,brute force
user13266,implementation
user13266,math
user13266,number theory
user13266,constructive algorithms
user13266,dp
user13266,dfs and similar
user13266,dsu
user13266,strings
user13266,bitmasks
user13266,combinatorics
user13266,trees
user13266,binary search
user13266,graphs
user13266,interactive
user13270,binary search
user13270,brute force
user13270,data structures
user13270,sortings
user13270,two pointers
user13270,dfs and similar
user13270,dp
user13270,greedy
user13270,graphs
user13270,bitmasks
user13270,constructive algorithms
user13270,implementation
user13270,dsu
user13270,number theory
user13270,trees
user13270,math
user13270,combinatorics
user13270,strings
user13270,interactive
user13279,binary search
user13279,data structures
user13279,implementation
user13279,two pointers
user13279,math
user13279,sortings
user13279,constructive algorithms
user13279,greedy
user13279,brute force
user13279,dp
user13279,strings
user13279,number theory
user13279,combinatorics
user13279,dfs and similar
user13279,graphs
user13279,trees
user13279,dsu
user13279,bitmasks
user13279,interactive
user13280,sortings
user13280,greedy
user13280,strings
user13280,two pointers
user13280,constructive algorithms
user13280,implementation
user13280,dp
user13280,math
user13280,bitmasks
user13280,brute force
user13280,number theory
user13280,binary search
user13280,data structures
user13280,dsu
user13280,dfs and similar
user13280,graphs
user13280,trees
user13280,combinatorics
user13280,interactive
user13280,unk
user13285,dp
user13285,brute force
user13285,implementation
user13285,math
user13285,constructive algorithms
user13285,greedy
user13285,number theory
user13285,combinatorics
user13285,bitmasks
user13285,binary search
user13285,data structures
user13285,dfs and similar
user13285,trees
user13285,graphs
user13285,sortings
user13285,two pointers
user13285,dsu
user13286,binary search
user13286,greedy
user13286,math
user13286,sortings
user13286,brute force
user13286,strings
user13286,dfs and similar
user13286,dp
user13286,implementation
user13286,number theory
user13286,two pointers
user13286,constructive algorithms
user13286,combinatorics
user13286,data structures
user13286,bitmasks
user13286,interactive
user13286,graphs
user13286,trees
user13286,dsu
user13287,implementation
user13287,constructive algorithms
user13287,sortings
user13287,brute force
user13287,number theory
user13287,math
user13287,greedy
user13287,strings
user13287,dfs and similar
user13287,graphs
user13287,data structures
user13287,binary search
user13287,dp
user13287,two pointers
user13287,trees
user13287,bitmasks
user13287,dsu
user13288,dp
user13288,math
user13288,implementation
user13288,binary search
user13288,sortings
user13288,number theory
user13288,constructive algorithms
user13288,greedy
user13288,brute force
user13288,data structures
user13288,two pointers
user13288,dfs and similar
user13288,graphs
user13288,combinatorics
user13288,trees
user13288,bitmasks
user13289,implementation
user13289,sortings
user13289,brute force
user13289,greedy
user13289,math
user13289,strings
user13289,constructive algorithms
user13289,number theory
user13289,binary search
user13289,bitmasks
user13289,two pointers
user13289,data structures
user13289,combinatorics
user13289,unk
user13289,dp
user13289,graphs
user13289,dfs and similar
user13289,dsu
user13289,trees
user13289,interactive
user13290,brute force
user13290,greedy
user13290,implementation
user13290,math
user13290,strings
user13290,bitmasks
user13290,sortings
user13290,two pointers
user13290,dp
user13290,constructive algorithms
user13290,combinatorics
user13290,trees
user13290,number theory
user13290,dfs and similar
user13290,binary search
user13290,data structures
user13290,unk
user13290,graphs
user13290,dsu
user13290,interactive
user13297,constructive algorithms
user13297,implementation
user13297,sortings
user13297,strings
user13297,math
user13297,greedy
user13297,data structures
user13297,binary search
user13297,brute force
user13297,number theory
user13297,dp
user13297,combinatorics
user13297,bitmasks
user13297,two pointers
user13297,dfs and similar
user13297,graphs
user13297,trees
user13297,dsu
user13297,interactive
user13298,greedy
user13298,sortings
user13298,implementation
user13298,math
user13298,constructive algorithms
user13298,brute force
user13298,strings
user13298,number theory
user13298,data structures
user13298,dp
user13298,bitmasks
user13298,binary search
user13298,two pointers
user13298,combinatorics
user13298,dfs and similar
user13298,graphs
user13298,dsu
user13298,trees
user13298,unk
user13298,interactive
user13299,sortings
user13299,brute force
user13299,implementation
user13299,math
user13299,binary search
user13299,two pointers
user13299,constructive algorithms
user13299,number theory
user13299,dp
user13299,greedy
user13299,bitmasks
user13299,data structures
user13299,dfs and similar
user13299,graphs
user133,brute force
user133,math
user133,number theory
user133,binary search
user133,dsu
user133,implementation
user133,data structures
user133,sortings
user133,graphs
user133,greedy
user133,two pointers
user133,dp
user133,constructive algorithms
user133,strings
user133,combinatorics
user133,bitmasks
user133,dfs and similar
user133,trees
user133,interactive
user13302,greedy
user13302,implementation
user13302,two pointers
user13302,data structures
user13302,sortings
user13302,strings
user13302,binary search
user13302,dp
user13302,brute force
user13302,math
user13302,constructive algorithms
user13302,bitmasks
user13302,number theory
user13302,dfs and similar
user13302,interactive
user13305,greedy
user13305,math
user13305,sortings
user13305,brute force
user13305,strings
user13305,constructive algorithms
user13305,data structures
user13305,dp
user13305,dsu
user13305,dfs and similar
user13305,implementation
user13305,number theory
user13305,graphs
user13305,binary search
user13305,combinatorics
user13305,two pointers
user13305,bitmasks
user13305,trees
user13307,constructive algorithms
user13307,greedy
user13307,data structures
user13307,math
user13307,sortings
user13307,bitmasks
user13307,binary search
user13307,brute force
user13307,implementation
user13307,combinatorics
user13307,dp
user13307,two pointers
user13307,strings
user13307,dfs and similar
user13307,graphs
user13307,number theory
user13307,dsu
user13307,unk
user13307,trees
user13307,interactive
user13310,brute force
user13310,math
user13310,greedy
user13310,constructive algorithms
user13310,implementation
user13310,sortings
user13310,binary search
user13310,data structures
user13310,graphs
user13310,dp
user13310,bitmasks
user13310,number theory
user13310,strings
user13310,unk
user13310,dfs and similar
user13310,combinatorics
user13310,trees
user13310,two pointers
user13310,interactive
user13310,dsu
user13311,dp
user13311,implementation
user13311,binary search
user13311,brute force
user13311,sortings
user13311,two pointers
user13311,constructive algorithms
user13311,math
user13311,greedy
user13311,graphs
user13311,trees
user13311,bitmasks
user13311,strings
user13311,data structures
user13311,dfs and similar
user13311,combinatorics
user13311,number theory
user13311,interactive
user13311,dsu
user13313,greedy
user13313,implementation
user13313,math
user13313,sortings
user13313,brute force
user13313,constructive algorithms
user13313,binary search
user13313,data structures
user13313,dp
user13313,strings
user13313,two pointers
user13313,number theory
user13313,interactive
user13313,dfs and similar
user13313,bitmasks
user13313,trees
user13313,graphs
user13313,combinatorics
user13315,greedy
user13315,math
user13315,strings
user13315,implementation
user13315,constructive algorithms
user13315,binary search
user13315,dp
user13315,number theory
user13315,brute force
user13315,graphs
user13315,two pointers
user13315,combinatorics
user13315,sortings
user13315,bitmasks
user13315,data structures
user13315,dfs and similar
user13315,dsu
user13315,trees
user13315,interactive
user13321,brute force
user13321,greedy
user13321,sortings
user13321,implementation
user13321,data structures
user13321,math
user13321,two pointers
user13321,binary search
user13321,constructive algorithms
user13321,unk
user13321,combinatorics
user13321,number theory
user13321,dp
user13321,strings
user13321,bitmasks
user13321,dfs and similar
user13321,dsu
user13321,graphs
user13321,trees
user13321,interactive
user13322,constructive algorithms
user13322,math
user13322,sortings
user13322,bitmasks
user13322,brute force
user13322,greedy
user13322,dp
user13322,implementation
user13322,number theory
user13322,dfs and similar
user13322,dsu
user13322,graphs
user13322,data structures
user13322,binary search
user13322,two pointers
user13322,strings
user13322,trees
user13322,combinatorics
user13322,unk
user13322,interactive
user13323,binary search
user13323,constructive algorithms
user13323,data structures
user13323,greedy
user13323,math
user13323,brute force
user13323,dp
user13323,two pointers
user13323,number theory
user13323,implementation
user13323,strings
user13323,combinatorics
user13323,graphs
user13323,dsu
user13323,trees
user13323,dfs and similar
user13323,sortings
user13324,math
user13324,implementation
user13324,brute force
user13324,constructive algorithms
user13324,greedy
user13324,strings
user13324,sortings
user13324,number theory
user13324,dp
user13324,data structures
user13324,dfs and similar
user13324,binary search
user13324,two pointers
user13324,graphs
user13326,strings
user13326,dp
user13326,greedy
user13326,math
user13326,binary search
user13326,constructive algorithms
user13326,dfs and similar
user13326,implementation
user13326,brute force
user13326,number theory
user13326,data structures
user13326,dsu
user13326,trees
user13326,sortings
user13326,graphs
user13326,two pointers
user13326,bitmasks
user13326,combinatorics
user13327,implementation
user13327,strings
user13327,math
user13327,greedy
user13327,sortings
user13327,brute force
user13327,number theory
user13327,binary search
user13327,two pointers
user13327,constructive algorithms
user13327,data structures
user13327,dfs and similar
user13327,dp
user13327,combinatorics
user13327,graphs
user13327,bitmasks
user13327,dsu
user13329,brute force
user13329,constructive algorithms
user13329,greedy
user13329,math
user13329,number theory
user13329,implementation
user13329,data structures
user13329,strings
user13329,binary search
user13329,combinatorics
user13329,sortings
user13329,dp
user13329,two pointers
user13329,trees
user13329,bitmasks
user13329,dsu
user13329,graphs
user13329,dfs and similar
user13329,unk
user13329,interactive
user13330,strings
user13330,constructive algorithms
user13330,implementation
user13330,sortings
user13330,greedy
user13330,math
user13330,data structures
user13330,brute force
user13330,number theory
user13330,dp
user13330,binary search
user13330,dfs and similar
user13330,unk
user13330,combinatorics
user13330,graphs
user13330,bitmasks
user13330,trees
user13330,dsu
user13331,data structures
user13331,greedy
user13331,sortings
user13331,binary search
user13331,implementation
user13331,math
user13331,constructive algorithms
user13331,strings
user13331,two pointers
user13331,number theory
user13331,bitmasks
user13331,brute force
user13331,combinatorics
user13331,dp
user13331,dfs and similar
user13331,graphs
user13331,trees
user13331,dsu
user13331,interactive
user13333,implementation
user13333,sortings
user13333,strings
user13333,brute force
user13333,greedy
user13333,binary search
user13333,math
user13333,number theory
user13333,combinatorics
user13333,data structures
user13333,dfs and similar
user13333,dsu
user13333,graphs
user13333,constructive algorithms
user13333,two pointers
user13333,dp
user13333,bitmasks
user13333,trees
user13333,interactive
user13336,greedy
user13336,math
user13336,implementation
user13336,two pointers
user13336,number theory
user13336,strings
user13336,constructive algorithms
user13336,sortings
user13336,brute force
user13336,bitmasks
user13336,dp
user13336,graphs
user13336,binary search
user13336,data structures
user13336,combinatorics
user13336,dfs and similar
user13336,unk
user13336,interactive
user13336,dsu
user13336,trees
user1334,binary search
user1334,brute force
user1334,greedy
user1334,math
user1334,data structures
user1334,sortings
user1334,implementation
user1334,number theory
user1334,constructive algorithms
user1334,dp
user1334,strings
user1334,two pointers
user1334,combinatorics
user1334,bitmasks
user1334,unk
user1334,dsu
user1334,graphs
user1334,dfs and similar
user1334,trees
user1334,interactive
user13340,brute force
user13340,math
user13340,number theory
user13340,dp
user13340,greedy
user13340,trees
user13340,constructive algorithms
user13340,strings
user13340,data structures
user13340,dsu
user13340,sortings
user13340,dfs and similar
user13340,implementation
user13340,binary search
user13340,two pointers
user13340,bitmasks
user13340,interactive
user13340,combinatorics
user13340,graphs
user13340,unk
user13341,greedy
user13341,implementation
user13341,bitmasks
user13341,brute force
user13341,binary search
user13341,math
user13341,strings
user13341,sortings
user13341,two pointers
user13341,constructive algorithms
user13341,data structures
user13341,graphs
user13341,number theory
user13341,dfs and similar
user13341,dsu
user13341,dp
user13341,trees
user13341,interactive
user13344,brute force
user13344,greedy
user13344,math
user13344,number theory
user13344,data structures
user13344,dp
user13344,implementation
user13344,constructive algorithms
user13344,strings
user13344,combinatorics
user13344,sortings
user13344,two pointers
user13344,binary search
user13344,dfs and similar
user13344,graphs
user13344,bitmasks
user13344,trees
user13344,dsu
user13344,interactive
user13346,data structures
user13346,binary search
user13346,dfs and similar
user13346,dp
user13346,sortings
user13346,combinatorics
user13346,math
user13346,trees
user13346,brute force
user13346,constructive algorithms
user13346,greedy
user13346,bitmasks
user13346,graphs
user13346,implementation
user13346,two pointers
user13346,dsu
user13346,strings
user13346,number theory
user13348,constructive algorithms
user13348,greedy
user13348,implementation
user13348,brute force
user13348,math
user13348,number theory
user13348,dfs and similar
user13348,binary search
user13348,graphs
user13348,trees
user13348,dp
user13348,sortings
user13348,two pointers
user13348,data structures
user13348,strings
user13348,interactive
user1335,greedy
user1335,math
user1335,brute force
user1335,constructive algorithms
user1335,number theory
user1335,strings
user1335,implementation
user1335,sortings
user1335,binary search
user1335,dp
user1335,two pointers
user1335,data structures
user1335,bitmasks
user1335,interactive
user1335,dfs and similar
user1335,dsu
user1335,graphs
user1335,combinatorics
user1335,trees
user13361,math
user13361,implementation
user13361,strings
user13361,dfs and similar
user13361,graphs
user13361,number theory
user13361,brute force
user13361,binary search
user13361,constructive algorithms
user13361,greedy
user13361,sortings
user13361,dp
user13361,two pointers
user13361,combinatorics
user13361,bitmasks
user13361,data structures
user13361,trees
user13361,dsu
user13361,interactive
user13366,math
user13366,brute force
user13366,strings
user13366,two pointers
user13366,binary search
user13366,bitmasks
user13366,dp
user13366,implementation
user13366,constructive algorithms
user13366,greedy
user13366,dfs and similar
user13366,sortings
user13366,combinatorics
user13366,number theory
user13366,data structures
user13366,graphs
user13366,unk
user13366,dsu
user13366,trees
user13366,interactive
user13368,strings
user13368,data structures
user13368,implementation
user13368,greedy
user13368,math
user13368,constructive algorithms
user13368,number theory
user13368,brute force
user13368,sortings
user13368,binary search
user13368,dp
user13368,two pointers
user13368,bitmasks
user13368,dfs and similar
user13368,combinatorics
user13368,graphs
user13368,trees
user13368,interactive
user13368,dsu
user13376,greedy
user13376,implementation
user13376,math
user13376,binary search
user13376,dp
user13376,two pointers
user13376,dfs and similar
user13376,brute force
user13376,data structures
user13376,number theory
user13376,sortings
user13376,combinatorics
user13376,constructive algorithms
user13376,bitmasks
user13376,graphs
user13376,strings
user13376,dsu
user13376,trees
user13376,unk
user13376,interactive
user13379,dp
user13379,greedy
user13379,strings
user13379,brute force
user13379,implementation
user13379,math
user13379,two pointers
user13379,constructive algorithms
user13379,sortings
user13379,combinatorics
user13379,binary search
user13379,dfs and similar
user13379,graphs
user13379,trees
user13379,data structures
user13379,number theory
user13379,dsu
user13380,bitmasks
user13380,constructive algorithms
user13380,data structures
user13380,math
user13380,trees
user13380,binary search
user13380,greedy
user13380,implementation
user13380,strings
user13380,sortings
user13380,two pointers
user13380,number theory
user13380,brute force
user13380,dp
user13380,dfs and similar
user13380,combinatorics
user13380,dsu
user13380,graphs
user13382,constructive algorithms
user13382,greedy
user13382,two pointers
user13382,implementation
user13382,math
user13382,binary search
user13382,sortings
user13382,brute force
user13382,number theory
user13382,combinatorics
user13382,dp
user13382,strings
user13382,data structures
user13382,bitmasks
user13382,dfs and similar
user13382,graphs
user13382,dsu
user13382,trees
user13382,interactive
user13383,data structures
user13383,implementation
user13383,constructive algorithms
user13383,greedy
user13383,math
user13383,brute force
user13383,sortings
user13383,number theory
user13383,strings
user13383,binary search
user13383,dp
user13383,two pointers
user13383,graphs
user13383,bitmasks
user13384,dp
user13384,implementation
user13384,greedy
user13384,math
user13384,brute force
user13384,strings
user13384,binary search
user13384,constructive algorithms
user13384,dsu
user13384,data structures
user13384,number theory
user13384,bitmasks
user13384,trees
user13384,two pointers
user13384,graphs
user13384,combinatorics
user13384,dfs and similar
user13385,brute force
user13385,implementation
user13385,number theory
user13385,strings
user13385,binary search
user13385,math
user13385,sortings
user13385,greedy
user13385,data structures
user13385,constructive algorithms
user13385,dfs and similar
user13385,bitmasks
user13385,combinatorics
user13385,dp
user13385,graphs
user13385,dsu
user13385,two pointers
user13385,trees
user13388,greedy
user13388,math
user13388,implementation
user13388,strings
user13388,binary search
user13388,bitmasks
user13388,constructive algorithms
user13388,dp
user13388,combinatorics
user13388,brute force
user13388,sortings
user13388,number theory
user13388,dfs and similar
user13388,two pointers
user13388,data structures
user13388,dsu
user13388,graphs
user13388,trees
user13388,interactive
user13389,data structures
user13389,implementation
user13389,strings
user13389,constructive algorithms
user13389,greedy
user13389,math
user13389,binary search
user13389,brute force
user13389,sortings
user13389,two pointers
user13389,number theory
user13389,dp
user13389,trees
user13389,bitmasks
user13389,combinatorics
user13389,dsu
user13389,dfs and similar
user13389,graphs
user13389,unk
user13389,interactive
user1339,constructive algorithms
user1339,strings
user1339,greedy
user1339,math
user1339,brute force
user1339,implementation
user1339,data structures
user1339,sortings
user1339,binary search
user1339,combinatorics
user1339,number theory
user1339,two pointers
user1339,dp
user1339,unk
user1339,graphs
user1339,bitmasks
user1339,dfs and similar
user1339,dsu
user1339,trees
user1339,interactive
user13394,bitmasks
user13394,greedy
user13394,implementation
user13394,brute force
user13394,dfs and similar
user13394,dp
user13394,math
user13394,strings
user13394,sortings
user13394,constructive algorithms
user13394,two pointers
user13394,binary search
user13394,data structures
user13394,number theory
user13394,combinatorics
user13394,trees
user13394,dsu
user13394,graphs
user13394,interactive
user13396,brute force
user13396,strings
user13396,dp
user13396,math
user13396,data structures
user13396,greedy
user13396,bitmasks
user13396,two pointers
user13396,dfs and similar
user13396,graphs
user13396,sortings
user13396,trees
user13396,implementation
user13396,constructive algorithms
user13396,binary search
user13396,number theory
user13396,combinatorics
user13396,unk
user13396,dsu
user13396,interactive
user13399,brute force
user13399,implementation
user13399,greedy
user13399,math
user13399,two pointers
user13399,binary search
user13399,sortings
user13399,dp
user13399,dfs and similar
user13399,graphs
user13399,trees
user13399,dsu
user13399,combinatorics
user13399,data structures
user13399,constructive algorithms
user13399,strings
user13399,number theory
user13399,bitmasks
user13399,interactive
user134,math
user134,implementation
user134,greedy
user134,data structures
user134,brute force
user134,dp
user134,constructive algorithms
user134,binary search
user134,number theory
user134,dsu
user134,dfs and similar
user134,graphs
user134,trees
user13400,constructive algorithms
user13400,math
user13400,greedy
user13400,brute force
user13400,dfs and similar
user13400,dsu
user13400,graphs
user13400,implementation
user13400,sortings
user13400,number theory
user13400,two pointers
user13400,bitmasks
user13400,combinatorics
user13400,trees
user13400,dp
user13400,binary search
user13400,data structures
user13400,strings
user13400,interactive
user13403,implementation
user13403,strings
user13403,math
user13403,constructive algorithms
user13403,binary search
user13403,bitmasks
user13403,brute force
user13403,dp
user13403,greedy
user13403,number theory
user13403,sortings
user13403,data structures
user13403,combinatorics
user13403,two pointers
user13403,unk
user13403,dfs and similar
user13403,dsu
user13403,graphs
user13403,interactive
user13403,trees
user13404,constructive algorithms
user13404,data structures
user13404,greedy
user13404,implementation
user13404,sortings
user13404,math
user13404,dp
user13404,bitmasks
user13404,trees
user13404,dfs and similar
user13404,brute force
user13404,number theory
user13404,binary search
user13404,unk
user13404,two pointers
user13404,strings
user13404,dsu
user13404,combinatorics
user13404,interactive
user13404,graphs
user13405,brute force
user13405,constructive algorithms
user13405,implementation
user13405,greedy
user13405,math
user13405,sortings
user13405,binary search
user13405,strings
user13405,data structures
user13405,dfs and similar
user13405,dp
user13405,number theory
user13405,trees
user13405,combinatorics
user13405,graphs
user13407,constructive algorithms
user13407,math
user13407,implementation
user13407,strings
user13407,greedy
user13407,sortings
user13407,two pointers
user13407,brute force
user13407,dp
user13407,number theory
user13407,data structures
user13407,bitmasks
user13407,combinatorics
user13407,dfs and similar
user13407,binary search
user13407,interactive
user13407,unk
user13407,graphs
user13407,dsu
user13407,trees
user13408,implementation
user13408,math
user13408,greedy
user13408,strings
user13408,constructive algorithms
user13408,brute force
user13408,sortings
user13408,two pointers
user13408,data structures
user13408,number theory
user13408,binary search
user13408,bitmasks
user13408,graphs
user13408,dp
user13408,combinatorics
user13408,trees
user13408,dfs and similar
user13408,dsu
user13408,unk
user13409,implementation
user13409,math
user13409,constructive algorithms
user13409,brute force
user13409,strings
user13409,sortings
user13409,binary search
user13409,greedy
user13409,dp
user13409,number theory
user13409,two pointers
user13409,data structures
user13409,bitmasks
user13409,combinatorics
user13409,trees
user13409,dsu
user13409,dfs and similar
user13409,graphs
user13409,interactive
user1341,brute force
user1341,implementation
user1341,math
user1341,constructive algorithms
user1341,dsu
user1341,strings
user1341,sortings
user1341,greedy
user1341,binary search
user1341,number theory
user1341,dfs and similar
user1341,dp
user1341,combinatorics
user1341,bitmasks
user1341,data structures
user1341,two pointers
user1341,trees
user1341,graphs
user1341,interactive
user13411,binary search
user13411,greedy
user13411,math
user13411,sortings
user13411,dp
user13411,constructive algorithms
user13411,implementation
user13411,number theory
user13411,brute force
user13411,data structures
user13411,graphs
user13411,two pointers
user13411,dsu
user13411,trees
user13411,dfs and similar
user13412,implementation
user13412,math
user13412,constructive algorithms
user13412,greedy
user13412,dfs and similar
user13412,brute force
user13412,sortings
user13412,bitmasks
user13412,number theory
user13412,interactive
user13414,greedy
user13414,implementation
user13414,sortings
user13414,brute force
user13414,combinatorics
user13414,math
user13414,strings
user13414,constructive algorithms
user13414,data structures
user13414,dp
user13414,number theory
user13414,binary search
user13414,two pointers
user13414,bitmasks
user13414,graphs
user13414,dfs and similar
user13414,interactive
user13414,trees
user13414,dsu
user13418,binary search
user13418,brute force
user13418,math
user13418,number theory
user13418,implementation
user13418,dfs and similar
user13418,dp
user13418,graphs
user13418,data structures
user13418,greedy
user13418,sortings
user13418,constructive algorithms
user13418,strings
user13418,two pointers
user13418,interactive
user13418,trees
user13418,combinatorics
user13418,bitmasks
user13418,dsu
user13420,unk
user13420,brute force
user13420,sortings
user13420,math
user13420,combinatorics
user13420,greedy
user13420,implementation
user13420,constructive algorithms
user13420,two pointers
user13420,binary search
user13420,strings
user13420,number theory
user13420,dfs and similar
user13420,dp
user13420,data structures
user13420,dsu
user13420,graphs
user13420,trees
user13420,bitmasks
user13420,interactive
user13424,math
user13424,greedy
user13424,unk
user13424,sortings
user13424,implementation
user13424,brute force
user13424,constructive algorithms
user13424,strings
user13424,dp
user13424,number theory
user13424,data structures
user13424,two pointers
user13424,graphs
user13424,combinatorics
user13424,binary search
user13424,dfs and similar
user13424,bitmasks
user13424,dsu
user13424,interactive
user13424,trees
user13425,brute force
user13425,implementation
user13425,strings
user13425,binary search
user13425,dp
user13425,math
user13425,greedy
user13425,number theory
user13425,constructive algorithms
user13425,two pointers
user13425,data structures
user13425,dfs and similar
user13425,graphs
user13425,bitmasks
user13428,dp
user13428,greedy
user13428,implementation
user13428,brute force
user13428,math
user13428,constructive algorithms
user13428,unk
user13428,binary search
user13428,number theory
user13428,strings
user13428,dfs and similar
user13428,graphs
user13428,data structures
user13428,sortings
user13428,two pointers
user13428,interactive
user13428,bitmasks
user13428,combinatorics
user13428,trees
user13428,dsu
user1343,math
user1343,brute force
user1343,greedy
user1343,sortings
user1343,implementation
user1343,number theory
user1343,strings
user1343,two pointers
user1343,constructive algorithms
user1343,dp
user1343,binary search
user1343,bitmasks
user1343,data structures
user1343,combinatorics
user1343,dfs and similar
user1343,graphs
user1343,trees
user1343,dsu
user13430,unk
user13430,strings
user13430,greedy
user13430,dp
user13430,brute force
user13430,implementation
user13430,bitmasks
user13430,constructive algorithms
user13430,binary search
user13430,math
user13430,sortings
user13430,data structures
user13430,two pointers
user13430,dfs and similar
user13430,number theory
user13430,trees
user13430,interactive
user13430,dsu
user13430,graphs
user13430,combinatorics
user13431,brute force
user13431,math
user13431,implementation
user13431,strings
user13431,greedy
user13431,dfs and similar
user13431,graphs
user13431,dp
user13431,constructive algorithms
user13431,data structures
user13431,sortings
user13431,number theory
user13431,trees
user13431,combinatorics
user13431,binary search
user13431,two pointers
user13431,bitmasks
user13431,dsu
user13431,interactive
user13434,constructive algorithms
user13434,greedy
user13434,brute force
user13434,implementation
user13434,math
user13434,data structures
user13434,sortings
user13434,dp
user13434,strings
user13434,binary search
user13434,combinatorics
user13434,bitmasks
user13434,dfs and similar
user13434,dsu
user13434,graphs
user13434,unk
user13434,trees
user13434,number theory
user13434,two pointers
user13434,interactive
user13436,implementation
user13436,trees
user13436,dfs and similar
user13436,graphs
user13436,brute force
user13436,greedy
user13436,dp
user13436,math
user13436,bitmasks
user13436,constructive algorithms
user13436,binary search
user13436,sortings
user13436,number theory
user13436,data structures
user13436,combinatorics
user13436,two pointers
user13436,strings
user13436,dsu
user13436,interactive
user13440,brute force
user13440,implementation
user13440,sortings
user13440,strings
user13440,greedy
user13440,math
user13440,data structures
user13440,constructive algorithms
user13440,number theory
user13440,binary search
user13440,two pointers
user13440,combinatorics
user13440,bitmasks
user13440,dp
user13440,dfs and similar
user13440,graphs
user13440,unk
user13440,dsu
user13440,interactive
user13440,trees
user13449,unk
user13449,math
user13449,implementation
user13449,greedy
user13449,brute force
user13449,binary search
user13449,bitmasks
user13449,data structures
user13449,sortings
user13449,interactive
user13449,number theory
user13449,dp
user13449,constructive algorithms
user13449,combinatorics
user13449,trees
user13449,graphs
user13449,strings
user13449,two pointers
user13449,dfs and similar
user13449,dsu
user13450,greedy
user13450,brute force
user13450,math
user13450,constructive algorithms
user13450,dp
user13450,implementation
user13450,sortings
user13450,two pointers
user13450,data structures
user13450,binary search
user13450,dfs and similar
user13450,graphs
user13450,dsu
user13450,bitmasks
user13450,unk
user13450,strings
user13450,number theory
user13450,combinatorics
user13450,trees
user13450,interactive
user13452,greedy
user13452,math
user13452,dp
user13452,strings
user13452,implementation
user13452,binary search
user13452,sortings
user13452,brute force
user13452,data structures
user13452,bitmasks
user13452,number theory
user13452,constructive algorithms
user13452,dsu
user13452,dfs and similar
user13452,two pointers
user13452,graphs
user13452,trees
user13455,binary search
user13455,implementation
user13455,math
user13455,sortings
user13455,dp
user13455,constructive algorithms
user13455,brute force
user13455,two pointers
user13455,greedy
user13455,number theory
user13455,strings
user13455,data structures
user13455,dfs and similar
user13455,trees
user13455,combinatorics
user13455,graphs
user13456,implementation
user13456,math
user13456,greedy
user13456,strings
user13456,constructive algorithms
user13456,data structures
user13456,sortings
user13456,binary search
user13456,bitmasks
user13456,brute force
user13456,number theory
user13456,unk
user13456,combinatorics
user13456,dp
user13456,dsu
user13456,graphs
user13456,dfs and similar
user13456,two pointers
user13456,trees
user13456,interactive
user13461,greedy
user13461,strings
user13461,brute force
user13461,implementation
user13461,constructive algorithms
user13461,math
user13461,number theory
user13461,dp
user13461,dfs and similar
user13461,graphs
user13461,sortings
user13461,binary search
user13461,two pointers
user13461,combinatorics
user13461,data structures
user13461,bitmasks
user13461,trees
user13464,math
user13464,implementation
user13464,strings
user13464,greedy
user13464,brute force
user13464,constructive algorithms
user13464,number theory
user13464,binary search
user13464,data structures
user13464,dp
user13464,two pointers
user13467,implementation
user13467,math
user13467,strings
user13467,binary search
user13467,data structures
user13467,sortings
user13467,two pointers
user13467,constructive algorithms
user13467,greedy
user13467,combinatorics
user13467,number theory
user13467,dp
user13467,brute force
user13467,bitmasks
user13467,dfs and similar
user13467,graphs
user13467,dsu
user13467,trees
user13467,interactive
user13468,greedy
user13468,math
user13468,constructive algorithms
user13468,implementation
user13468,sortings
user13468,bitmasks
user13468,brute force
user13468,two pointers
user13468,strings
user13468,graphs
user13468,dfs and similar
user13468,trees
user13468,dp
user13468,data structures
user13468,binary search
user13468,number theory
user13468,combinatorics
user13468,dsu
user13468,unk
user13468,interactive
user13469,greedy
user13469,implementation
user13469,brute force
user13469,dp
user13469,data structures
user13469,trees
user13469,math
user13469,binary search
user13469,constructive algorithms
user13469,dsu
user13482,constructive algorithms
user13482,implementation
user13482,math
user13482,number theory
user13482,dp
user13482,greedy
user13482,sortings
user13482,binary search
user13482,brute force
user13482,strings
user13482,graphs
user13482,dfs and similar
user13482,data structures
user13482,interactive
user13482,bitmasks
user13482,dsu
user13482,trees
user13482,combinatorics
user13482,two pointers
user13484,greedy
user13484,sortings
user13484,constructive algorithms
user13484,math
user13484,implementation
user13484,strings
user13484,brute force
user13484,two pointers
user13484,bitmasks
user13484,dfs and similar
user13484,dp
user13484,number theory
user13484,combinatorics
user13484,binary search
user13484,data structures
user13484,trees
user13484,dsu
user13484,graphs
user13484,unk
user13484,interactive
user13485,brute force
user13485,constructive algorithms
user13485,math
user13485,greedy
user13485,sortings
user13485,two pointers
user13485,implementation
user13485,bitmasks
user13485,strings
user13485,trees
user13485,dfs and similar
user13485,dp
user13485,graphs
user13485,combinatorics
user13485,binary search
user13485,data structures
user13485,number theory
user13485,interactive
user13485,dsu
user13486,data structures
user13486,implementation
user13486,brute force
user13486,greedy
user13486,math
user13486,strings
user13486,constructive algorithms
user13486,sortings
user13486,binary search
user13486,number theory
user13486,two pointers
user1349,greedy
user1349,math
user1349,number theory
user1349,brute force
user1349,sortings
user1349,constructive algorithms
user1349,combinatorics
user1349,binary search
user1349,dp
user1349,two pointers
user1349,implementation
user1349,data structures
user1349,bitmasks
user1349,graphs
user1349,trees
user1349,strings
user1349,dfs and similar
user1349,interactive
user1349,dsu
user13492,implementation
user13492,strings
user13492,sortings
user13492,dfs and similar
user13492,math
user13492,dp
user13492,greedy
user13492,binary search
user13492,two pointers
user13492,brute force
user13492,combinatorics
user13492,data structures
user13492,constructive algorithms
user13492,number theory
user13492,trees
user13492,interactive
user13492,graphs
user13492,dsu
user13493,combinatorics
user13493,dp
user13493,math
user13493,data structures
user13493,greedy
user13493,sortings
user13493,binary search
user13493,brute force
user13493,dfs and similar
user13493,trees
user13493,bitmasks
user13493,strings
user13493,constructive algorithms
user13493,dsu
user13493,graphs
user13493,number theory
user13493,implementation
user13493,two pointers
user13493,interactive
user13494,greedy
user13494,strings
user13494,constructive algorithms
user13494,brute force
user13494,math
user13494,binary search
user13494,data structures
user13494,dp
user13494,dsu
user13494,two pointers
user13494,implementation
user13494,sortings
user13494,number theory
user13494,combinatorics
user13494,bitmasks
user13494,dfs and similar
user13494,graphs
user13494,interactive
user13497,implementation
user13497,strings
user13497,sortings
user13497,brute force
user13497,greedy
user13497,constructive algorithms
user13497,binary search
user13497,two pointers
user13497,math
user13497,dp
user13497,graphs
user13497,data structures
user13497,dfs and similar
user13497,unk
user13497,number theory
user13497,combinatorics
user13497,bitmasks
user13497,dsu
user13497,trees
user13497,interactive
user13500,implementation
user13500,math
user13500,sortings
user13500,strings
user13500,greedy
user13500,brute force
user13500,dp
user13500,constructive algorithms
user13500,dfs and similar
user13500,graphs
user13500,bitmasks
user13500,number theory
user13500,combinatorics
user13500,binary search
user13500,two pointers
user13500,data structures
user13500,unk
user13500,trees
user13503,implementation
user13503,strings
user13503,constructive algorithms
user13503,greedy
user13503,brute force
user13503,math
user13503,sortings
user13503,data structures
user13503,number theory
user13503,combinatorics
user13503,binary search
user13503,dp
user13503,two pointers
user13503,bitmasks
user13503,dfs and similar
user13503,graphs
user13503,interactive
user13503,dsu
user13503,trees
user13504,constructive algorithms
user13504,dfs and similar
user13504,dp
user13504,graphs
user13504,greedy
user13504,sortings
user13504,math
user13504,data structures
user13504,two pointers
user13504,implementation
user13504,trees
user13504,number theory
user13504,brute force
user13504,interactive
user13504,strings
user13504,combinatorics
user13504,bitmasks
user13504,binary search
user13504,dsu
user13505,greedy
user13505,sortings
user13505,implementation
user13505,math
user13505,brute force
user13505,dp
user13505,strings
user13505,two pointers
user13505,constructive algorithms
user13505,binary search
user13505,data structures
user13505,number theory
user13505,bitmasks
user13505,dfs and similar
user13505,graphs
user13505,combinatorics
user13505,dsu
user13505,trees
user13505,unk
user13505,interactive
user13507,greedy
user13507,constructive algorithms
user13507,math
user13507,data structures
user13507,binary search
user13507,bitmasks
user13507,brute force
user13507,strings
user13507,sortings
user13507,dp
user13507,number theory
user13507,two pointers
user13507,implementation
user13507,dfs and similar
user13507,graphs
user13507,trees
user13507,dsu
user13507,combinatorics
user13507,interactive
user13508,brute force
user13508,greedy
user13508,math
user13508,dp
user13508,bitmasks
user13508,implementation
user13508,strings
user13508,dfs and similar
user13508,graphs
user13508,trees
user13508,data structures
user13508,sortings
user13508,combinatorics
user13508,number theory
user13508,dsu
user13508,constructive algorithms
user13508,binary search
user13508,two pointers
user13508,interactive
user13509,binary search
user13509,bitmasks
user13509,data structures
user13509,dp
user13509,constructive algorithms
user13509,math
user13509,sortings
user13509,unk
user13509,strings
user13509,greedy
user13509,interactive
user13509,implementation
user13509,two pointers
user13509,brute force
user13509,combinatorics
user13509,number theory
user13509,dfs and similar
user13509,graphs
user13509,trees
user13509,dsu
user1351,dfs and similar
user1351,graphs
user1351,implementation
user1351,binary search
user1351,brute force
user1351,data structures
user1351,math
user1351,two pointers
user1351,strings
user1351,constructive algorithms
user1351,greedy
user1351,trees
user1351,dp
user1351,bitmasks
user1351,sortings
user1351,number theory
user1351,combinatorics
user1351,dsu
user1351,interactive
user13512,brute force
user13512,constructive algorithms
user13512,greedy
user13512,sortings
user13512,math
user13512,implementation
user13514,binary search
user13514,implementation
user13514,data structures
user13514,math
user13514,brute force
user13514,dp
user13514,bitmasks
user13514,number theory
user13514,constructive algorithms
user13514,greedy
user13514,strings
user13514,sortings
user13514,combinatorics
user13514,two pointers
user13514,graphs
user13514,dfs and similar
user13514,dsu
user13514,unk
user13514,trees
user13514,interactive
user13519,implementation
user13519,greedy
user13519,math
user13519,brute force
user13519,strings
user13519,data structures
user13519,dp
user13519,sortings
user13519,unk
user13519,two pointers
user13519,binary search
user13519,constructive algorithms
user13519,bitmasks
user13519,combinatorics
user13519,number theory
user13519,dfs and similar
user13519,graphs
user13519,trees
user13519,interactive
user13519,dsu
user1352,brute force
user1352,implementation
user1352,strings
user1352,data structures
user1352,constructive algorithms
user1352,math
user1352,greedy
user1352,number theory
user1352,combinatorics
user1352,sortings
user1352,dp
user1352,bitmasks
user1352,dfs and similar
user1352,graphs
user1352,trees
user1352,unk
user1352,dsu
user1352,binary search
user1352,two pointers
user13520,greedy
user13520,implementation
user13520,math
user13520,bitmasks
user13520,brute force
user13520,strings
user13520,two pointers
user13520,sortings
user13520,dp
user13520,constructive algorithms
user13520,binary search
user13520,combinatorics
user13520,dfs and similar
user13520,graphs
user13520,number theory
user13520,unk
user13520,dsu
user13520,data structures
user13520,trees
user13522,implementation
user13522,math
user13522,brute force
user13522,greedy
user13522,binary search
user13522,sortings
user13522,two pointers
user13522,constructive algorithms
user13522,combinatorics
user13522,number theory
user13522,strings
user13522,bitmasks
user13522,data structures
user13522,dp
user13522,dfs and similar
user13522,graphs
user13522,unk
user13522,trees
user13522,dsu
user13522,interactive
user13525,constructive algorithms
user13525,implementation
user13525,strings
user13525,greedy
user13525,math
user13525,combinatorics
user13525,sortings
user13525,bitmasks
user13525,brute force
user13525,data structures
user13525,number theory
user13525,unk
user13525,binary search
user13525,dp
user13525,two pointers
user13525,dfs and similar
user13525,graphs
user13525,dsu
user13525,trees
user13525,interactive
user13526,brute force
user13526,greedy
user13526,two pointers
user13526,constructive algorithms
user13526,math
user13526,number theory
user13526,implementation
user13526,combinatorics
user13526,sortings
user13526,data structures
user13526,dp
user13526,binary search
user13526,strings
user13526,bitmasks
user13526,unk
user13526,dfs and similar
user13526,interactive
user13529,data structures
user13529,greedy
user13529,implementation
user13529,math
user13529,constructive algorithms
user13529,brute force
user13529,sortings
user13529,strings
user13529,binary search
user13529,dp
user13529,number theory
user13529,dfs and similar
user13529,two pointers
user13529,dsu
user13529,graphs
user13529,interactive
user13529,trees
user13531,brute force
user13531,dp
user13531,greedy
user13531,math
user13531,strings
user13531,implementation
user13531,number theory
user13531,binary search
user13531,two pointers
user13531,bitmasks
user13531,data structures
user13531,sortings
user13531,constructive algorithms
user13531,dfs and similar
user13531,graphs
user13531,dsu
user13531,combinatorics
user13531,trees
user13531,interactive
user13531,unk
user13532,constructive algorithms
user13532,greedy
user13532,math
user13532,sortings
user13532,number theory
user13532,graphs
user13532,implementation
user13532,brute force
user13532,data structures
user13532,dfs and similar
user13532,binary search
user13532,trees
user13535,greedy
user13535,implementation
user13535,sortings
user13535,constructive algorithms
user13535,data structures
user13535,math
user13535,brute force
user13535,binary search
user13535,two pointers
user13535,dp
user13535,graphs
user13535,strings
user13535,bitmasks
user13535,dfs and similar
user13535,number theory
user13535,combinatorics
user13535,interactive
user13535,trees
user13535,dsu
user13537,binary search
user13537,bitmasks
user13537,brute force
user13537,implementation
user13537,strings
user13537,combinatorics
user13537,math
user13537,greedy
user13537,constructive algorithms
user13537,sortings
user13537,dp
user13537,number theory
user13537,graphs
user13537,trees
user13537,data structures
user13537,two pointers
user13537,dfs and similar
user13537,unk
user13537,interactive
user13537,dsu
user1354,greedy
user1354,strings
user1354,dp
user1354,number theory
user1354,data structures
user1354,two pointers
user1354,implementation
user1354,bitmasks
user1354,brute force
user1354,sortings
user1354,binary search
user1354,trees
user1354,dsu
user1354,graphs
user1354,math
user1354,combinatorics
user1354,constructive algorithms
user1354,dfs and similar
user13540,greedy
user13540,constructive algorithms
user13540,math
user13540,binary search
user13540,bitmasks
user13540,data structures
user13540,brute force
user13540,number theory
user13540,strings
user13540,trees
user13540,sortings
user13540,dp
user13540,implementation
user13540,two pointers
user13540,dfs and similar
user13540,unk
user13540,dsu
user13540,combinatorics
user13540,graphs
user13540,interactive
user13542,math
user13542,implementation
user13542,dp
user13542,brute force
user13542,constructive algorithms
user13542,number theory
user13542,greedy
user13542,strings
user13542,sortings
user13542,two pointers
user13542,binary search
user13542,data structures
user13542,bitmasks
user13542,combinatorics
user13542,graphs
user13544,brute force
user13544,implementation
user13544,greedy
user13544,math
user13544,binary search
user13544,dp
user13544,combinatorics
user13544,number theory
user13544,data structures
user13544,two pointers
user13544,sortings
user13544,strings
user13544,bitmasks
user13544,constructive algorithms
user13544,graphs
user13544,interactive
user13544,dsu
user13544,trees
user13544,dfs and similar
user13546,brute force
user13546,implementation
user13546,math
user13546,number theory
user13546,data structures
user13546,greedy
user13546,sortings
user13546,binary search
user13546,constructive algorithms
user13546,graphs
user13546,dp
user13546,strings
user13546,two pointers
user13546,dfs and similar
user13546,dsu
user13546,trees
user13546,bitmasks
user13546,combinatorics
user13546,interactive
user13547,constructive algorithms
user13547,number theory
user13547,implementation
user13547,two pointers
user13547,brute force
user13547,greedy
user13547,sortings
user13547,dp
user13547,binary search
user13547,data structures
user13547,unk
user13547,math
user13547,bitmasks
user13547,combinatorics
user13547,dsu
user1355,math
user1355,greedy
user1355,constructive algorithms
user13550,brute force
user13550,sortings
user13550,data structures
user13550,math
user13550,implementation
user13550,constructive algorithms
user13550,strings
user13550,greedy
user13550,binary search
user13550,number theory
user13550,bitmasks
user13550,dfs and similar
user13550,dp
user13550,graphs
user13550,trees
user13550,interactive
user13553,math
user13553,constructive algorithms
user13553,binary search
user13553,data structures
user13553,implementation
user13553,two pointers
user13553,greedy
user13553,brute force
user13553,number theory
user13553,sortings
user13553,bitmasks
user13553,graphs
user13553,strings
user13553,combinatorics
user13553,dp
user13553,dfs and similar
user13553,trees
user13553,unk
user13553,interactive
user13553,dsu
user13556,data structures
user13556,greedy
user13556,math
user13556,constructive algorithms
user13556,sortings
user13556,binary search
user13556,strings
user13556,implementation
user13556,bitmasks
user13556,brute force
user13556,dp
user13556,number theory
user13556,graphs
user13556,combinatorics
user13556,dfs and similar
user13556,dsu
user13556,two pointers
user13556,trees
user13557,implementation
user13557,sortings
user13557,binary search
user13557,brute force
user13557,two pointers
user13557,constructive algorithms
user13557,greedy
user13557,math
user13557,number theory
user13557,bitmasks
user13557,data structures
user13557,dp
user13557,trees
user13557,dfs and similar
user13561,implementation
user13561,greedy
user13561,math
user13561,number theory
user13561,constructive algorithms
user13561,sortings
user13561,data structures
user13561,brute force
user13561,binary search
user13561,two pointers
user13561,strings
user13561,bitmasks
user13561,dp
user13561,combinatorics
user13561,dfs and similar
user13561,dsu
user13561,graphs
user13561,interactive
user13561,trees
user13562,greedy
user13562,sortings
user13562,implementation
user13562,dfs and similar
user13562,math
user13562,dsu
user13562,graphs
user13562,dp
user13562,constructive algorithms
user13562,number theory
user13562,trees
user13562,brute force
user13562,binary search
user13562,two pointers
user13562,data structures
user13562,bitmasks
user13562,interactive
user13563,greedy
user13563,data structures
user13563,dp
user13563,implementation
user13563,sortings
user13563,binary search
user13563,constructive algorithms
user13563,strings
user13563,two pointers
user13563,math
user13563,brute force
user13563,combinatorics
user13563,number theory
user13563,graphs
user13572,data structures
user13572,implementation
user13572,sortings
user13572,two pointers
user13572,greedy
user13572,math
user13572,constructive algorithms
user13572,strings
user13572,brute force
user13572,combinatorics
user13572,number theory
user13572,bitmasks
user13572,dp
user13572,unk
user13572,binary search
user13572,interactive
user13572,dfs and similar
user13572,trees
user13572,dsu
user13572,graphs
user13575,brute force
user13575,constructive algorithms
user13575,data structures
user13575,greedy
user13575,implementation
user13575,math
user13575,sortings
user13575,dp
user13575,number theory
user13575,graphs
user13575,bitmasks
user13575,strings
user13575,binary search
user13575,combinatorics
user13575,two pointers
user13575,dsu
user13575,dfs and similar
user13575,trees
user13575,interactive
user13577,dp
user13577,graphs
user13577,number theory
user13577,math
user13577,implementation
user13577,greedy
user13577,strings
user13577,binary search
user13577,brute force
user13577,constructive algorithms
user13577,sortings
user13577,bitmasks
user13577,data structures
user13577,two pointers
user13577,combinatorics
user13577,dfs and similar
user13577,trees
user13577,dsu
user1358,implementation
user1358,strings
user1358,math
user1358,brute force
user1358,greedy
user1358,number theory
user1358,sortings
user1358,two pointers
user1358,constructive algorithms
user1358,dp
user1358,binary search
user1358,dfs and similar
user1358,graphs
user1358,trees
user1358,data structures
user1358,bitmasks
user1358,combinatorics
user1358,interactive
user1358,unk
user1358,dsu
user13587,constructive algorithms
user13587,greedy
user13587,implementation
user13587,math
user13587,brute force
user13587,binary search
user13587,dp
user13587,two pointers
user13587,data structures
user13587,number theory
user13587,graphs
user13588,dp
user13588,binary search
user13588,data structures
user13588,math
user13588,constructive algorithms
user13588,brute force
user13588,greedy
user13588,number theory
user13588,implementation
user13588,unk
user13588,sortings
user13588,two pointers
user13588,strings
user13588,bitmasks
user13588,combinatorics
user13588,dsu
user13588,dfs and similar
user13588,graphs
user13588,trees
user13588,interactive
user1359,brute force
user1359,implementation
user1359,math
user1359,constructive algorithms
user1359,greedy
user1359,sortings
user1359,data structures
user1359,dsu
user1359,graphs
user1359,two pointers
user1359,strings
user1359,combinatorics
user1359,number theory
user1359,bitmasks
user1359,binary search
user1359,trees
user1359,dfs and similar
user1359,dp
user1359,interactive
user13590,bitmasks
user13590,brute force
user13590,constructive algorithms
user13590,greedy
user13590,implementation
user13590,data structures
user13590,strings
user13590,math
user13590,dp
user13590,sortings
user13590,unk
user13590,two pointers
user13590,binary search
user13590,number theory
user13590,dfs and similar
user13590,graphs
user13590,trees
user13590,combinatorics
user13590,dsu
user13590,interactive
user13591,greedy
user13591,math
user13591,binary search
user13591,constructive algorithms
user13591,data structures
user13591,strings
user13591,implementation
user13591,two pointers
user13591,dfs and similar
user13591,dp
user13591,graphs
user13591,brute force
user13591,sortings
user13591,bitmasks
user13591,number theory
user13591,dsu
user13591,combinatorics
user13591,trees
user13596,greedy
user13596,math
user13596,brute force
user13596,dp
user13596,number theory
user13596,constructive algorithms
user13596,data structures
user13596,two pointers
user13596,dfs and similar
user13596,trees
user13596,implementation
user13596,strings
user13596,binary search
user13596,sortings
user13596,combinatorics
user13596,bitmasks
user13596,graphs
user13596,dsu
user13596,unk
user13596,interactive
user136,greedy
user136,math
user136,sortings
user136,implementation
user136,data structures
user136,two pointers
user136,constructive algorithms
user136,strings
user136,combinatorics
user136,brute force
user136,number theory
user136,bitmasks
user136,binary search
user136,dp
user136,dsu
user136,dfs and similar
user136,graphs
user136,unk
user136,trees
user136,interactive
user13604,binary search
user13604,math
user13604,number theory
user13604,greedy
user13604,dp
user13604,combinatorics
user13604,implementation
user13604,brute force
user13604,sortings
user13604,constructive algorithms
user13604,trees
user13604,dfs and similar
user13604,strings
user13604,data structures
user13605,greedy
user13605,implementation
user13605,math
user13605,number theory
user13605,brute force
user13605,binary search
user13605,constructive algorithms
user13605,sortings
user13605,two pointers
user13605,bitmasks
user13605,dp
user13605,strings
user13605,data structures
user13609,greedy
user13609,constructive algorithms
user13609,math
user13609,implementation
user13609,bitmasks
user13609,two pointers
user13609,number theory
user13609,brute force
user13609,data structures
user13609,binary search
user13609,sortings
user13609,strings
user13609,dp
user13609,graphs
user13609,combinatorics
user13609,dfs and similar
user13609,trees
user13609,interactive
user13611,constructive algorithms
user13611,implementation
user13611,math
user13611,greedy
user13611,number theory
user13611,brute force
user13611,sortings
user13611,bitmasks
user13611,dp
user13611,strings
user13611,binary search
user13611,dfs and similar
user13611,graphs
user13611,two pointers
user13611,data structures
user13611,unk
user13611,interactive
user13611,combinatorics
user13611,dsu
user13611,trees
user13617,brute force
user13617,implementation
user13617,math
user13617,combinatorics
user13617,constructive algorithms
user13617,strings
user13617,bitmasks
user13617,greedy
user13617,dfs and similar
user13617,dp
user13617,number theory
user13617,sortings
user13617,two pointers
user13617,trees
user13617,data structures
user13617,binary search
user13617,dsu
user13617,graphs
user13617,unk
user13617,interactive
user1362,implementation
user1362,math
user1362,constructive algorithms
user1362,greedy
user1362,sortings
user1362,brute force
user1362,two pointers
user1362,strings
user1362,data structures
user1362,graphs
user1362,number theory
user1362,combinatorics
user1362,dp
user1362,binary search
user1362,bitmasks
user1362,dsu
user1362,interactive
user13620,greedy
user13620,math
user13620,binary search
user13620,brute force
user13620,dp
user13620,combinatorics
user13620,number theory
user13620,implementation
user13620,strings
user13620,sortings
user13620,data structures
user13620,constructive algorithms
user13620,dsu
user13620,dfs and similar
user13620,two pointers
user13620,graphs
user13620,trees
user13620,bitmasks
user13620,interactive
user13623,brute force
user13623,math
user13623,strings
user13623,greedy
user13623,implementation
user13623,sortings
user13623,constructive algorithms
user13623,number theory
user13623,bitmasks
user13623,combinatorics
user13623,two pointers
user13623,data structures
user13623,dp
user13623,binary search
user13623,trees
user13623,dfs and similar
user13623,interactive
user13623,graphs
user13623,dsu
user13624,implementation
user13624,sortings
user13624,strings
user13624,brute force
user13624,greedy
user13624,math
user13624,number theory
user13624,constructive algorithms
user13624,two pointers
user13624,bitmasks
user13624,combinatorics
user13624,dp
user13624,binary search
user13624,data structures
user13624,unk
user13624,dfs and similar
user13624,dsu
user13624,graphs
user13624,trees
user13626,math
user13626,constructive algorithms
user13626,number theory
user13626,greedy
user13626,implementation
user13626,sortings
user13626,brute force
user13626,strings
user13626,binary search
user13626,data structures
user13626,bitmasks
user13626,dfs and similar
user13626,dp
user13626,two pointers
user13626,graphs
user13626,dsu
user13626,interactive
user13626,trees
user13627,math
user13627,number theory
user13627,brute force
user13627,greedy
user13627,strings
user13627,constructive algorithms
user13627,dp
user13627,implementation
user13627,sortings
user13627,unk
user13627,data structures
user13627,combinatorics
user13627,two pointers
user13627,binary search
user13627,dfs and similar
user13627,bitmasks
user13627,dsu
user13627,graphs
user13627,trees
user13629,brute force
user13629,greedy
user13629,math
user13629,implementation
user13629,sortings
user13629,strings
user13629,interactive
user13629,constructive algorithms
user13629,two pointers
user13629,dp
user13629,data structures
user13629,number theory
user13629,bitmasks
user13629,unk
user13629,binary search
user13629,combinatorics
user13629,graphs
user13629,dfs and similar
user13629,dsu
user13629,trees
user13630,constructive algorithms
user13630,data structures
user13630,implementation
user13630,sortings
user13630,brute force
user13630,greedy
user13630,math
user13630,dp
user13630,strings
user13630,number theory
user13630,binary search
user13630,bitmasks
user13630,two pointers
user13630,dfs and similar
user13630,graphs
user13630,combinatorics
user13630,trees
user13630,unk
user13630,dsu
user13630,interactive
user13633,bitmasks
user13633,constructive algorithms
user13633,greedy
user13633,math
user13633,brute force
user13633,data structures
user13633,implementation
user13633,combinatorics
user13633,sortings
user13633,strings
user13633,dp
user13633,number theory
user13633,binary search
user13633,two pointers
user13633,dfs and similar
user13633,graphs
user13633,interactive
user13633,unk
user13636,greedy
user13636,sortings
user13636,bitmasks
user13636,math
user13636,binary search
user13636,implementation
user13636,strings
user13636,two pointers
user13636,combinatorics
user13636,constructive algorithms
user13636,data structures
user13636,brute force
user13636,number theory
user13636,dp
user13636,trees
user13636,dfs and similar
user13636,graphs
user13636,dsu
user13636,unk
user13636,interactive
user13639,binary search
user13639,constructive algorithms
user13639,greedy
user13639,sortings
user13639,two pointers
user13639,implementation
user13639,strings
user13639,math
user13639,number theory
user13639,brute force
user13639,dp
user13639,data structures
user13639,dsu
user13639,dfs and similar
user13639,trees
user13639,bitmasks
user13639,combinatorics
user13639,graphs
user13639,unk
user13639,interactive
user13643,binary search
user13643,greedy
user13643,implementation
user13643,data structures
user13643,constructive algorithms
user13643,math
user13643,brute force
user13643,dp
user13643,graphs
user13643,combinatorics
user13649,binary search
user13649,data structures
user13649,greedy
user13649,two pointers
user13649,math
user13649,strings
user13649,implementation
user13649,dfs and similar
user13649,constructive algorithms
user13649,combinatorics
user13649,sortings
user13649,dp
user13649,brute force
user13649,number theory
user13649,dsu
user13649,graphs
user13649,trees
user13649,unk
user13649,interactive
user13650,implementation
user13650,strings
user13650,bitmasks
user13650,greedy
user13650,brute force
user13650,dfs and similar
user13650,dp
user13650,binary search
user13650,math
user13650,number theory
user13650,constructive algorithms
user13650,data structures
user13650,two pointers
user13650,sortings
user13650,unk
user13650,combinatorics
user13650,dsu
user13650,trees
user13650,interactive
user13650,graphs
user13652,greedy
user13652,implementation
user13652,sortings
user13652,strings
user13652,brute force
user13652,math
user13652,data structures
user13652,two pointers
user13652,constructive algorithms
user13652,dfs and similar
user13652,dsu
user13652,graphs
user13652,combinatorics
user13652,bitmasks
user13652,trees
user13652,number theory
user13652,dp
user13652,binary search
user13652,unk
user13652,interactive
user13662,implementation
user13662,strings
user13662,constructive algorithms
user13662,math
user13662,greedy
user13662,sortings
user13662,brute force
user13662,number theory
user13662,binary search
user13662,two pointers
user13662,combinatorics
user13662,dp
user13662,data structures
user13662,dfs and similar
user13662,graphs
user13662,bitmasks
user13662,trees
user13666,math
user13666,brute force
user13666,constructive algorithms
user13666,number theory
user13666,dsu
user13666,implementation
user13666,strings
user13666,greedy
user13666,graphs
user13666,bitmasks
user13666,data structures
user13666,sortings
user13666,dfs and similar
user13666,dp
user13666,binary search
user13666,two pointers
user13666,trees
user13666,unk
user13666,combinatorics
user13666,interactive
user13670,implementation
user13670,data structures
user13670,greedy
user13670,sortings
user13670,dp
user13670,constructive algorithms
user13670,strings
user13670,math
user13670,number theory
user13670,brute force
user13670,binary search
user13670,two pointers
user13670,combinatorics
user13670,graphs
user13670,trees
user13670,dfs and similar
user13670,dsu
user13670,bitmasks
user13670,interactive
user13675,implementation
user13675,greedy
user13675,math
user13675,brute force
user13675,sortings
user13675,constructive algorithms
user13675,number theory
user13675,dp
user13675,binary search
user13675,graphs
user13675,data structures
user13676,greedy
user13676,math
user13676,brute force
user13676,implementation
user13676,constructive algorithms
user13676,binary search
user13676,sortings
user13676,graphs
user13676,strings
user13676,number theory
user13676,dp
user13676,bitmasks
user13676,two pointers
user13676,combinatorics
user13676,dfs and similar
user13676,dsu
user13676,data structures
user13676,trees
user13676,interactive
user13679,math
user13679,implementation
user13679,constructive algorithms
user13679,sortings
user13679,brute force
user13679,two pointers
user13679,dp
user13679,greedy
user13679,data structures
user13679,strings
user13679,binary search
user13679,number theory
user13679,graphs
user13679,bitmasks
user13679,dfs and similar
user1368,brute force
user1368,greedy
user1368,math
user1368,binary search
user1368,implementation
user1368,number theory
user1368,constructive algorithms
user1368,data structures
user1368,dp
user1368,two pointers
user1368,sortings
user1368,unk
user1368,bitmasks
user1368,strings
user1368,combinatorics
user1368,trees
user1368,dfs and similar
user1368,dsu
user1368,graphs
user1368,interactive
user13680,brute force
user13680,greedy
user13680,implementation
user13680,math
user13680,data structures
user13680,dp
user13680,strings
user13680,number theory
user13680,binary search
user13680,sortings
user13680,constructive algorithms
user13680,two pointers
user13680,combinatorics
user13680,dfs and similar
user13680,graphs
user13680,trees
user13680,interactive
user13682,brute force
user13682,dp
user13682,implementation
user13682,math
user13682,constructive algorithms
user13682,sortings
user13682,binary search
user13682,greedy
user13682,bitmasks
user13682,dfs and similar
user13682,trees
user13682,two pointers
user13682,data structures
user13682,number theory
user13682,graphs
user13682,combinatorics
user13682,strings
user13682,dsu
user13682,interactive
user13689,greedy
user13689,implementation
user13689,constructive algorithms
user13689,strings
user13689,dp
user13689,math
user13689,data structures
user13689,brute force
user13689,bitmasks
user13689,binary search
user13689,number theory
user13689,trees
user13689,dsu
user13689,sortings
user13689,two pointers
user13689,combinatorics
user13689,dfs and similar
user13689,graphs
user13689,unk
user13689,interactive
user13693,greedy
user13693,math
user13693,two pointers
user13693,dfs and similar
user13693,graphs
user13693,binary search
user13693,data structures
user13693,implementation
user13693,sortings
user13693,dp
user13693,brute force
user13693,strings
user13693,constructive algorithms
user13693,unk
user13694,graphs
user13694,combinatorics
user13694,dp
user13694,number theory
user13694,constructive algorithms
user13694,interactive
user13694,math
user13694,brute force
user13694,implementation
user13694,strings
user13694,binary search
user13694,data structures
user13694,trees
user13694,sortings
user13694,greedy
user13694,bitmasks
user13694,dfs and similar
user13694,dsu
user13694,two pointers
user13696,implementation
user13696,combinatorics
user13696,math
user13696,number theory
user13696,greedy
user13696,constructive algorithms
user13696,brute force
user13696,sortings
user13696,strings
user13696,dp
user13696,binary search
user13696,bitmasks
user13696,dfs and similar
user13696,graphs
user13696,two pointers
user13696,data structures
user13696,trees
user13696,dsu
user13696,interactive
user13700,implementation
user13700,number theory
user13700,greedy
user13700,sortings
user13700,strings
user13700,math
user13700,brute force
user13700,two pointers
user13700,data structures
user13700,dp
user13700,constructive algorithms
user13700,dfs and similar
user13700,binary search
user13700,combinatorics
user13700,bitmasks
user13700,graphs
user13700,dsu
user13700,trees
user13700,interactive
user13701,implementation
user13701,math
user13701,greedy
user13701,sortings
user13701,brute force
user13701,number theory
user13701,binary search
user13701,strings
user13701,constructive algorithms
user13701,two pointers
user13701,combinatorics
user13701,dp
user13701,dfs and similar
user13701,data structures
user13701,bitmasks
user13701,graphs
user13701,dsu
user13701,interactive
user13702,math
user13702,greedy
user13702,strings
user13702,constructive algorithms
user13703,constructive algorithms
user13703,dp
user13703,greedy
user13703,math
user13703,number theory
user13703,implementation
user13703,sortings
user13703,two pointers
user13703,binary search
user13703,data structures
user13703,brute force
user13703,dfs and similar
user13703,graphs
user13703,trees
user13708,implementation
user13708,greedy
user13708,dp
user13708,sortings
user13708,strings
user13708,constructive algorithms
user13708,math
user13708,number theory
user13708,brute force
user13708,binary search
user13708,bitmasks
user13708,two pointers
user13708,data structures
user13708,dfs and similar
user13708,unk
user13708,graphs
user13708,dsu
user13708,interactive
user13709,implementation
user13709,strings
user13709,constructive algorithms
user13709,greedy
user13709,sortings
user13709,math
user13709,brute force
user13709,number theory
user13709,dp
user13709,two pointers
user13709,data structures
user13709,binary search
user13709,unk
user13709,bitmasks
user13709,dfs and similar
user13709,graphs
user13709,trees
user13709,combinatorics
user13709,interactive
user13709,dsu
user13710,greedy
user13710,implementation
user13710,math
user13710,dp
user13710,data structures
user13710,two pointers
user13711,binary search
user13711,brute force
user13711,math
user13711,implementation
user13711,strings
user13711,constructive algorithms
user13711,sortings
user13711,greedy
user13711,two pointers
user13711,data structures
user13711,dfs and similar
user13711,graphs
user13711,dsu
user13711,trees
user13711,number theory
user13711,interactive
user13711,combinatorics
user13711,dp
user13712,math
user13712,constructive algorithms
user13712,data structures
user13712,implementation
user13712,sortings
user13712,greedy
user13712,number theory
user13712,binary search
user13712,brute force
user13712,dp
user13712,two pointers
user13712,combinatorics
user13712,bitmasks
user13712,dsu
user13712,graphs
user13712,unk
user13712,strings
user13712,dfs and similar
user13712,trees
user13712,interactive
user13714,implementation
user13714,strings
user13714,greedy
user13714,sortings
user13714,constructive algorithms
user13714,trees
user13714,dfs and similar
user13714,graphs
user13714,math
user13714,number theory
user13714,data structures
user13714,two pointers
user13714,brute force
user13714,bitmasks
user13714,binary search
user13714,dp
user13714,unk
user13714,combinatorics
user13718,constructive algorithms
user13718,greedy
user13718,number theory
user13718,implementation
user13718,bitmasks
user13718,math
user13718,data structures
user13718,sortings
user13718,two pointers
user13718,brute force
user13718,graphs
user13718,dfs and similar
user13718,dp
user13718,binary search
user13718,combinatorics
user13718,strings
user13718,interactive
user13718,trees
user13718,dsu
user13719,math
user13719,implementation
user13719,strings
user13719,binary search
user13719,greedy
user13719,dfs and similar
user13719,graphs
user13719,brute force
user13719,constructive algorithms
user13719,dp
user13719,sortings
user13719,two pointers
user13719,data structures
user13719,trees
user13719,combinatorics
user13719,number theory
user13719,bitmasks
user13719,dsu
user13720,binary search
user13720,brute force
user13720,data structures
user13720,math
user13720,number theory
user13720,combinatorics
user13720,two pointers
user13720,dfs and similar
user13720,dp
user13720,constructive algorithms
user13720,sortings
user13720,greedy
user13720,implementation
user13720,bitmasks
user13720,strings
user13720,graphs
user13720,trees
user13720,dsu
user13720,interactive
user13723,implementation
user13723,brute force
user13723,math
user13723,sortings
user13723,combinatorics
user13723,constructive algorithms
user13723,greedy
user13723,strings
user13723,data structures
user13723,number theory
user13723,dfs and similar
user13723,graphs
user13723,trees
user13723,dp
user13723,two pointers
user13723,binary search
user13723,bitmasks
user13725,greedy
user13725,sortings
user13725,data structures
user13725,combinatorics
user13725,number theory
user13725,brute force
user13725,binary search
user13725,graphs
user13725,dfs and similar
user13725,dp
user13725,strings
user13725,math
user13725,two pointers
user13725,constructive algorithms
user13725,implementation
user13725,trees
user13725,bitmasks
user13730,greedy
user13730,implementation
user13730,math
user13730,strings
user13730,number theory
user13730,constructive algorithms
user13730,sortings
user13730,dfs and similar
user13730,trees
user13730,bitmasks
user13730,brute force
user13730,graphs
user13730,binary search
user13730,dp
user13730,two pointers
user13730,data structures
user13730,unk
user13730,combinatorics
user13730,dsu
user13734,greedy
user13734,strings
user13734,implementation
user13734,sortings
user13734,math
user13734,brute force
user13734,constructive algorithms
user13734,data structures
user13734,number theory
user13734,dp
user13734,dfs and similar
user13734,two pointers
user13734,combinatorics
user13734,binary search
user13734,graphs
user13734,bitmasks
user13734,dsu
user13734,trees
user1374,math
user1374,greedy
user13741,dp
user13741,implementation
user13741,greedy
user13741,strings
user13741,brute force
user13741,math
user13741,sortings
user13741,dfs and similar
user13741,graphs
user13741,data structures
user13741,trees
user13741,constructive algorithms
user13741,two pointers
user13741,binary search
user13741,combinatorics
user13741,number theory
user13741,dsu
user13741,bitmasks
user13741,interactive
user13743,greedy
user13743,implementation
user13743,math
user13743,sortings
user13743,brute force
user13743,strings
user13743,constructive algorithms
user13743,binary search
user13743,two pointers
user13743,trees
user13743,data structures
user13743,dp
user13743,dfs and similar
user13743,dsu
user13743,graphs
user13743,number theory
user13743,bitmasks
user13743,interactive
user13743,combinatorics
user13744,math
user13744,implementation
user13744,binary search
user13744,greedy
user13744,two pointers
user13744,sortings
user13744,strings
user13744,dfs and similar
user13744,dp
user13744,constructive algorithms
user13744,trees
user13744,brute force
user13744,graphs
user13744,number theory
user13744,combinatorics
user13744,data structures
user1375,constructive algorithms
user1375,math
user1375,binary search
user1375,brute force
user1375,greedy
user1375,two pointers
user1375,bitmasks
user1375,dfs and similar
user1375,graphs
user1375,implementation
user1375,dp
user1375,strings
user1375,data structures
user1375,sortings
user1375,combinatorics
user1375,number theory
user1375,dsu
user1375,trees
user1375,interactive
user13751,implementation
user13751,strings
user13751,greedy
user13751,sortings
user13751,constructive algorithms
user13751,math
user13751,number theory
user13751,unk
user13751,brute force
user13751,binary search
user13751,data structures
user13751,two pointers
user13751,dp
user13751,graphs
user13751,dfs and similar
user13751,combinatorics
user13751,dsu
user13751,bitmasks
user13751,interactive
user13751,trees
user13752,bitmasks
user13752,brute force
user13752,implementation
user13752,binary search
user13752,constructive algorithms
user13752,math
user13752,number theory
user13752,strings
user13752,data structures
user13752,dp
user13752,two pointers
user13752,greedy
user13752,sortings
user13752,dfs and similar
user13752,graphs
user13752,combinatorics
user13752,trees
user13752,dsu
user13752,interactive
user13753,bitmasks
user13753,brute force
user13753,data structures
user13753,greedy
user13753,implementation
user13753,two pointers
user13753,constructive algorithms
user13753,math
user13753,unk
user13753,sortings
user13753,strings
user13753,combinatorics
user13753,number theory
user13753,binary search
user13753,dp
user13753,dfs and similar
user13753,graphs
user13753,trees
user13753,dsu
user13753,interactive
user13754,implementation
user13754,math
user13754,constructive algorithms
user13754,brute force
user13754,dp
user13754,greedy
user13754,number theory
user13754,sortings
user13754,data structures
user13754,strings
user13754,two pointers
user13754,binary search
user13754,trees
user13754,bitmasks
user13754,combinatorics
user13754,dfs and similar
user13754,dsu
user13754,graphs
user13754,interactive
user13760,constructive algorithms
user13760,greedy
user13760,number theory
user13760,implementation
user13760,dfs and similar
user13760,trees
user13760,brute force
user13760,strings
user13760,binary search
user13760,data structures
user13760,sortings
user13760,two pointers
user13760,dp
user13760,math
user13760,combinatorics
user13760,graphs
user13760,bitmasks
user13760,dsu
user13760,interactive
user13761,implementation
user13761,strings
user13761,bitmasks
user13761,brute force
user13761,math
user13761,number theory
user13761,greedy
user13761,binary search
user13761,sortings
user13761,constructive algorithms
user13761,combinatorics
user13761,data structures
user13761,unk
user13761,two pointers
user13761,dp
user13761,dfs and similar
user13761,interactive
user13761,dsu
user13761,graphs
user13761,trees
user13762,constructive algorithms
user13762,number theory
user13762,greedy
user13762,bitmasks
user13762,brute force
user13762,strings
user13762,binary search
user13762,data structures
user13762,math
user13762,implementation
user13762,combinatorics
user13762,dp
user13762,sortings
user13762,dfs and similar
user13762,two pointers
user13762,dsu
user13762,graphs
user13762,trees
user13768,greedy
user13768,math
user13768,combinatorics
user13768,sortings
user13768,implementation
user13768,brute force
user13768,bitmasks
user13768,constructive algorithms
user13768,strings
user13768,number theory
user13768,data structures
user13768,binary search
user13768,two pointers
user13768,dp
user13768,dfs and similar
user13768,graphs
user13768,trees
user13768,unk
user13768,dsu
user13768,interactive
user1377,binary search
user1377,data structures
user1377,implementation
user1377,sortings
user1377,math
user1377,constructive algorithms
user1377,brute force
user1377,strings
user1377,number theory
user1377,greedy
user1377,dp
user1377,bitmasks
user1377,two pointers
user1377,combinatorics
user1377,dsu
user1377,unk
user1377,dfs and similar
user1377,graphs
user1377,trees
user1377,interactive
user13770,brute force
user13770,greedy
user13770,sortings
user13770,math
user13770,number theory
user13770,implementation
user13770,binary search
user13770,data structures
user13770,dp
user13770,constructive algorithms
user13770,strings
user13770,dfs and similar
user13770,graphs
user13770,dsu
user13770,two pointers
user13770,trees
user13770,combinatorics
user13770,bitmasks
user13772,brute force
user13772,greedy
user13772,implementation
user13772,bitmasks
user13772,constructive algorithms
user13772,sortings
user13772,binary search
user13772,two pointers
user13772,math
user13772,data structures
user13772,dp
user13772,strings
user13772,graphs
user13772,number theory
user13772,dfs and similar
user13772,trees
user13772,dsu
user13772,interactive
user13772,combinatorics
user13773,implementation
user13773,greedy
user13773,math
user13773,sortings
user13773,brute force
user13773,strings
user13773,binary search
user13773,dfs and similar
user13773,dp
user13773,graphs
user13773,trees
user13773,constructive algorithms
user13773,data structures
user13773,two pointers
user13773,dsu
user13773,number theory
user13773,bitmasks
user13773,combinatorics
user13773,interactive
user13774,brute force
user13774,implementation
user13774,math
user13774,greedy
user13774,sortings
user13774,two pointers
user13774,binary search
user13774,dp
user13774,strings
user13774,bitmasks
user13774,constructive algorithms
user13774,graphs
user13774,number theory
user13774,unk
user13774,combinatorics
user13774,dfs and similar
user13774,data structures
user13774,dsu
user13774,trees
user13774,interactive
user13779,brute force
user13779,math
user13779,dp
user13779,greedy
user13779,bitmasks
user13779,sortings
user13779,graphs
user13779,number theory
user13779,implementation
user13779,constructive algorithms
user13779,binary search
user13779,data structures
user13779,strings
user13779,combinatorics
user13779,dfs and similar
user13779,trees
user13779,two pointers
user13780,greedy
user13780,sortings
user13780,dp
user13780,strings
user13780,implementation
user13780,constructive algorithms
user13780,math
user13780,brute force
user13780,combinatorics
user13780,dsu
user13780,binary search
user13780,number theory
user13780,bitmasks
user13780,data structures
user13780,trees
user13780,two pointers
user13780,dfs and similar
user13780,graphs
user13784,binary search
user13784,constructive algorithms
user13784,greedy
user13784,math
user13784,brute force
user13784,dp
user13784,graphs
user13784,dfs and similar
user13784,dsu
user13784,implementation
user13784,strings
user13784,trees
user13784,sortings
user13784,unk
user13784,number theory
user13784,data structures
user13784,two pointers
user13784,combinatorics
user13784,bitmasks
user13786,implementation
user13786,data structures
user13786,brute force
user13786,dp
user13786,greedy
user13786,math
user13786,number theory
user13786,constructive algorithms
user13786,sortings
user13786,strings
user13786,bitmasks
user13786,dfs and similar
user13786,binary search
user13786,two pointers
user13786,graphs
user13786,combinatorics
user13786,unk
user13786,dsu
user13786,trees
user13786,interactive
user13787,implementation
user13787,strings
user13787,greedy
user13787,sortings
user13787,brute force
user13787,math
user13787,constructive algorithms
user13787,dp
user13787,binary search
user13787,data structures
user13787,number theory
user13787,two pointers
user13787,bitmasks
user13787,combinatorics
user13787,unk
user13787,dfs and similar
user13787,graphs
user13787,dsu
user13787,trees
user13787,interactive
user13789,implementation
user13789,math
user13789,constructive algorithms
user13789,greedy
user13789,data structures
user13789,sortings
user13789,brute force
user13789,strings
user13789,dp
user13789,number theory
user13789,binary search
user13789,two pointers
user13789,dfs and similar
user13789,graphs
user13789,combinatorics
user13789,bitmasks
user13789,dsu
user13789,trees
user13789,unk
user13789,interactive
user1379,math
user1379,constructive algorithms
user1379,binary search
user1379,greedy
user1379,implementation
user1379,sortings
user1379,strings
user1379,two pointers
user1379,number theory
user1379,data structures
user1379,brute force
user1379,dp
user1379,bitmasks
user13795,implementation
user13795,strings
user13795,brute force
user13795,greedy
user13795,math
user13795,constructive algorithms
user13795,sortings
user13795,number theory
user13795,dp
user13795,dfs and similar
user13795,graphs
user13795,two pointers
user13795,binary search
user13795,bitmasks
user13795,data structures
user13795,dsu
user13795,combinatorics
user13795,trees
user13795,interactive
user13795,unk
user13797,math
user13797,binary search
user13797,brute force
user13797,combinatorics
user13797,implementation
user13797,greedy
user13797,constructive algorithms
user13797,dp
user13797,graphs
user13797,number theory
user13797,dfs and similar
user13797,strings
user13797,bitmasks
user13797,data structures
user13797,two pointers
user13797,sortings
user13797,trees
user13797,interactive
user13799,greedy
user13799,strings
user13799,constructive algorithms
user13799,math
user13799,data structures
user13799,sortings
user13799,bitmasks
user13799,implementation
user13799,brute force
user13799,dp
user13799,two pointers
user13799,number theory
user13799,dfs and similar
user13799,graphs
user13799,binary search
user13799,dsu
user13799,trees
user13799,interactive
user138,strings
user138,brute force
user138,greedy
user138,implementation
user138,math
user138,sortings
user138,two pointers
user138,constructive algorithms
user138,data structures
user138,binary search
user138,number theory
user138,bitmasks
user138,dp
user138,graphs
user138,dfs and similar
user138,combinatorics
user138,dsu
user138,trees
user138,interactive
user13801,constructive algorithms
user13801,math
user13801,binary search
user13801,implementation
user13801,sortings
user13801,brute force
user13801,strings
user13801,greedy
user13801,dsu
user13801,bitmasks
user13801,combinatorics
user13801,data structures
user13801,two pointers
user13801,dp
user13801,trees
user13801,number theory
user13801,graphs
user13801,dfs and similar
user13801,interactive
user13804,implementation
user13804,sortings
user13804,greedy
user13804,math
user13804,data structures
user13804,strings
user13804,binary search
user13804,two pointers
user13804,dfs and similar
user13804,bitmasks
user13804,brute force
user13804,dp
user13804,number theory
user13804,constructive algorithms
user13804,combinatorics
user13804,graphs
user13804,trees
user13804,dsu
user13804,interactive
user13807,greedy
user13807,bitmasks
user13807,brute force
user13807,constructive algorithms
user13807,dfs and similar
user13807,dp
user13807,trees
user13807,math
user13807,number theory
user13807,binary search
user13807,data structures
user13807,implementation
user13807,two pointers
user13807,dsu
user13807,strings
user13807,sortings
user13807,graphs
user13807,combinatorics
user13807,interactive
user13809,brute force
user13809,data structures
user13809,binary search
user13809,constructive algorithms
user13809,interactive
user13809,implementation
user13809,greedy
user13809,sortings
user13809,strings
user13809,combinatorics
user13809,dp
user13809,number theory
user13809,graphs
user13809,math
user13809,two pointers
user13809,dfs and similar
user13809,dsu
user13809,trees
user13809,bitmasks
user13809,unk
user1381,brute force
user1381,greedy
user1381,math
user1381,constructive algorithms
user1381,sortings
user1381,unk
user1381,dp
user1381,bitmasks
user1381,strings
user1381,data structures
user1381,interactive
user1381,dfs and similar
user1381,graphs
user1381,implementation
user1381,binary search
user1381,two pointers
user1381,number theory
user1381,dsu
user1381,trees
user1381,combinatorics
user13811,math
user13811,constructive algorithms
user13811,binary search
user13811,greedy
user13811,sortings
user13811,data structures
user13811,implementation
user13811,number theory
user13811,strings
user13811,brute force
user13811,two pointers
user13811,dp
user13811,bitmasks
user13815,math
user13815,binary search
user13815,data structures
user13815,greedy
user13815,implementation
user13815,sortings
user13815,strings
user13815,brute force
user13815,number theory
user13815,combinatorics
user13815,dfs and similar
user13815,dsu
user13815,graphs
user13815,constructive algorithms
user13815,two pointers
user13815,dp
user13815,unk
user13815,trees
user13815,bitmasks
user13815,interactive
user13819,greedy
user13819,math
user13819,dp
user13819,brute force
user1383,greedy
user1383,math
user1383,brute force
user1383,sortings
user1383,dp
user1383,implementation
user1383,bitmasks
user1383,binary search
user1383,data structures
user1383,strings
user1383,two pointers
user1383,constructive algorithms
user1383,number theory
user1383,dfs and similar
user1383,trees
user1383,combinatorics
user1383,graphs
user1383,unk
user1383,dsu
user1383,interactive
user13831,bitmasks
user13831,dp
user13831,math
user13831,number theory
user13831,strings
user13831,greedy
user13831,constructive algorithms
user13831,implementation
user13831,brute force
user13831,data structures
user13831,binary search
user13831,sortings
user13831,two pointers
user13831,dfs and similar
user13831,graphs
user13831,combinatorics
user13831,trees
user13831,interactive
user13831,dsu
user13832,implementation
user13832,strings
user13832,brute force
user13832,number theory
user13832,greedy
user13832,sortings
user13832,binary search
user13832,math
user13832,constructive algorithms
user13832,dp
user13832,combinatorics
user13832,dfs and similar
user13832,graphs
user13832,data structures
user13832,two pointers
user13833,implementation
user13833,math
user13833,data structures
user13833,greedy
user13833,constructive algorithms
user13833,sortings
user13833,dp
user13833,number theory
user13833,binary search
user13833,two pointers
user13833,brute force
user13833,strings
user13833,dfs and similar
user13833,graphs
user13833,trees
user13833,combinatorics
user13833,bitmasks
user13833,interactive
user13833,dsu
user13837,math
user13837,number theory
user13837,implementation
user13837,strings
user13837,bitmasks
user13837,greedy
user13837,brute force
user13837,dfs and similar
user13837,dp
user13837,dsu
user13837,graphs
user13837,constructive algorithms
user13837,sortings
user13837,data structures
user13837,combinatorics
user13837,binary search
user13837,unk
user13837,two pointers
user13837,trees
user13837,interactive
user13843,dp
user13843,brute force
user13843,dfs and similar
user13843,binary search
user13843,data structures
user13843,implementation
user13843,math
user13843,number theory
user13843,constructive algorithms
user13843,graphs
user13843,greedy
user13843,combinatorics
user13843,trees
user13843,interactive
user13846,greedy
user13846,implementation
user13846,constructive algorithms
user13846,math
user13846,data structures
user13846,sortings
user13846,dsu
user13846,graphs
user13846,bitmasks
user13846,strings
user13846,brute force
user13846,two pointers
user13846,number theory
user13846,combinatorics
user13846,dp
user13846,binary search
user13846,trees
user13846,dfs and similar
user13846,unk
user13846,interactive
user13847,constructive algorithms
user13847,math
user13847,implementation
user13847,greedy
user13847,sortings
user13847,unk
user13847,two pointers
user13847,strings
user13847,number theory
user13847,data structures
user13847,dp
user13847,combinatorics
user13847,dfs and similar
user13847,graphs
user13851,implementation
user13851,math
user13851,number theory
user13851,constructive algorithms
user13851,sortings
user13851,greedy
user13851,strings
user13851,brute force
user13851,dp
user13851,binary search
user13851,dfs and similar
user13851,trees
user13851,combinatorics
user13851,data structures
user13851,two pointers
user13851,graphs
user13851,bitmasks
user13851,dsu
user13851,interactive
user13852,implementation
user13852,brute force
user13852,greedy
user13852,number theory
user13852,binary search
user13852,math
user13852,strings
user13852,constructive algorithms
user13852,data structures
user13852,dp
user13852,two pointers
user13852,interactive
user13852,dfs and similar
user13852,dsu
user13852,graphs
user13852,trees
user13854,data structures
user13854,strings
user13854,number theory
user13854,binary search
user13854,brute force
user13854,greedy
user13854,sortings
user13854,constructive algorithms
user13854,implementation
user13854,dp
user13854,graphs
user13854,bitmasks
user13854,combinatorics
user13854,math
user13854,two pointers
user13856,brute force
user13856,greedy
user13856,math
user13856,strings
user13856,implementation
user13856,constructive algorithms
user13856,binary search
user13856,data structures
user13856,dsu
user13856,number theory
user13856,sortings
user13856,dp
user13856,two pointers
user13856,combinatorics
user13856,bitmasks
user13856,dfs and similar
user13856,graphs
user13856,trees
user13856,interactive
user13857,constructive algorithms
user13857,greedy
user13857,math
user13857,strings
user13857,brute force
user13857,sortings
user13857,implementation
user13857,number theory
user13857,binary search
user13857,data structures
user13857,two pointers
user13857,bitmasks
user13857,dp
user13857,dfs and similar
user13857,graphs
user13857,trees
user13857,combinatorics
user13857,dsu
user13857,interactive
user13858,implementation
user13858,math
user13858,greedy
user13858,sortings
user13858,binary search
user13858,brute force
user13858,data structures
user13858,two pointers
user13860,greedy
user13860,math
user13860,binary search
user13860,brute force
user13860,combinatorics
user13860,implementation
user13860,strings
user13860,sortings
user13860,number theory
user13860,constructive algorithms
user13860,dp
user13860,data structures
user13860,two pointers
user13860,bitmasks
user13860,graphs
user13860,dfs and similar
user13860,trees
user13860,interactive
user13860,dsu
user13861,math
user13861,constructive algorithms
user13861,number theory
user13864,constructive algorithms
user13864,greedy
user13864,math
user13864,sortings
user13864,brute force
user13864,implementation
user13864,dp
user13864,strings
user13864,number theory
user13864,data structures
user13864,binary search
user13864,two pointers
user13864,dfs and similar
user13864,combinatorics
user13864,graphs
user13864,trees
user13864,dsu
user13864,interactive
user13869,greedy
user13869,implementation
user13869,math
user13869,dp
user13869,brute force
user13869,number theory
user13869,binary search
user13869,combinatorics
user13869,strings
user13869,data structures
user13869,sortings
user13869,dfs and similar
user13869,constructive algorithms
user13869,two pointers
user13869,graphs
user13869,trees
user13869,bitmasks
user13869,interactive
user13874,implementation
user13874,math
user13874,strings
user13874,dp
user13874,sortings
user13874,brute force
user13874,greedy
user13874,constructive algorithms
user13874,combinatorics
user13874,binary search
user13874,bitmasks
user13874,data structures
user13874,number theory
user13874,graphs
user13874,dfs and similar
user13874,two pointers
user13874,dsu
user13875,brute force
user13875,greedy
user13875,implementation
user13875,math
user13875,number theory
user13875,two pointers
user13875,constructive algorithms
user13875,sortings
user13875,binary search
user13875,trees
user13875,bitmasks
user13875,dfs and similar
user13875,dp
user13875,data structures
user13876,math
user13876,number theory
user13876,implementation
user13876,strings
user13876,constructive algorithms
user13876,brute force
user13876,greedy
user13876,two pointers
user13876,dfs and similar
user13876,graphs
user13876,sortings
user13876,trees
user13876,binary search
user13876,bitmasks
user13876,combinatorics
user13876,dp
user13876,data structures
user13876,dsu
user13876,interactive
user13880,dp
user13880,implementation
user13880,strings
user13880,bitmasks
user13880,brute force
user13880,combinatorics
user13880,math
user13880,greedy
user13880,binary search
user13880,data structures
user13880,two pointers
user13880,constructive algorithms
user13880,number theory
user13880,sortings
user13880,dfs and similar
user13880,graphs
user13880,dsu
user13880,trees
user13880,interactive
user13887,constructive algorithms
user13887,greedy
user13887,implementation
user13887,math
user13887,binary search
user13887,sortings
user13887,trees
user13887,data structures
user13887,two pointers
user13887,dfs and similar
user13887,brute force
user13887,graphs
user13887,strings
user13887,combinatorics
user13887,dp
user13887,dsu
user13887,number theory
user13887,interactive
user13887,bitmasks
user13888,brute force
user13888,constructive algorithms
user13888,dp
user13888,graphs
user13888,implementation
user13888,trees
user13888,math
user13888,number theory
user13888,greedy
user13888,dsu
user13888,dfs and similar
user13888,binary search
user13888,two pointers
user13888,data structures
user13888,bitmasks
user13888,sortings
user13893,implementation
user13893,greedy
user13893,sortings
user13893,brute force
user13893,math
user13893,number theory
user13893,dp
user13893,bitmasks
user13893,constructive algorithms
user13893,binary search
user13893,dfs and similar
user13893,graphs
user13893,data structures
user13893,combinatorics
user13893,two pointers
user13895,implementation
user13895,brute force
user13895,constructive algorithms
user13895,math
user13895,sortings
user13895,strings
user13895,greedy
user13895,two pointers
user13895,dp
user13895,binary search
user13895,number theory
user13895,data structures
user13895,trees
user13895,bitmasks
user13895,dsu
user13895,combinatorics
user13895,dfs and similar
user13895,graphs
user13895,interactive
user13898,greedy
user13898,strings
user13898,implementation
user13898,sortings
user13898,math
user13898,number theory
user13898,binary search
user13898,data structures
user13898,bitmasks
user13898,brute force
user13898,constructive algorithms
user13898,dp
user13898,combinatorics
user13898,trees
user13898,two pointers
user13898,dfs and similar
user13898,graphs
user13898,dsu
user1390,binary search
user1390,brute force
user1390,greedy
user1390,sortings
user1390,bitmasks
user1390,dp
user1390,math
user1390,number theory
user1390,strings
user1390,constructive algorithms
user1390,implementation
user1390,data structures
user1390,two pointers
user1390,interactive
user1390,dfs and similar
user1390,graphs
user1390,trees
user13902,combinatorics
user13902,data structures
user13902,sortings
user13902,math
user13902,greedy
user13902,implementation
user13902,dp
user13902,binary search
user13902,brute force
user13902,constructive algorithms
user13902,bitmasks
user13902,number theory
user13902,dfs and similar
user13902,dsu
user13902,graphs
user13902,two pointers
user13902,strings
user13902,interactive
user13902,trees
user13904,implementation
user13904,math
user13904,brute force
user13904,greedy
user13904,dp
user13904,two pointers
user13904,data structures
user13904,graphs
user13904,dfs and similar
user13904,number theory
user13906,greedy
user13906,implementation
user13906,math
user13906,strings
user13906,sortings
user13906,binary search
user13906,brute force
user13906,bitmasks
user13906,trees
user13906,constructive algorithms
user13906,dp
user13906,data structures
user13906,two pointers
user13906,number theory
user13906,dfs and similar
user13906,graphs
user13906,dsu
user13906,interactive
user13908,combinatorics
user13908,math
user13908,implementation
user13908,strings
user13908,greedy
user13908,graphs
user13908,dp
user13908,dfs and similar
user13908,trees
user13908,brute force
user13908,number theory
user13908,binary search
user13908,sortings
user13908,bitmasks
user13908,data structures
user13908,two pointers
user13908,constructive algorithms
user13908,unk
user13909,greedy
user13909,math
user13909,constructive algorithms
user13909,data structures
user13909,sortings
user13909,binary search
user13909,two pointers
user13909,implementation
user13909,brute force
user13909,dp
user13909,strings
user13909,number theory
user13909,graphs
user13909,bitmasks
user13909,dfs and similar
user13909,trees
user13909,dsu
user1391,dfs and similar
user1391,dp
user1391,implementation
user1391,constructive algorithms
user1391,data structures
user1391,greedy
user1391,graphs
user1391,strings
user1391,trees
user1391,brute force
user1391,bitmasks
user1391,math
user1391,binary search
user1391,combinatorics
user1391,number theory
user13911,number theory
user13911,math
user13911,implementation
user13911,brute force
user13911,strings
user13911,binary search
user13911,greedy
user13911,sortings
user13911,dp
user13911,constructive algorithms
user13911,data structures
user13911,dfs and similar
user13911,graphs
user13911,trees
user13911,dsu
user13911,two pointers
user13911,bitmasks
user13912,brute force
user13912,data structures
user13912,greedy
user13912,two pointers
user13912,math
user13912,implementation
user13912,dp
user13912,graphs
user13912,constructive algorithms
user13912,strings
user13912,number theory
user13912,sortings
user13912,binary search
user13912,bitmasks
user13912,trees
user13913,math
user13913,binary search
user13913,implementation
user13913,strings
user13913,greedy
user13913,constructive algorithms
user13913,number theory
user13913,bitmasks
user13913,brute force
user13913,data structures
user13913,dsu
user13913,graphs
user13913,trees
user13913,sortings
user13913,combinatorics
user13913,dp
user13913,two pointers
user13913,dfs and similar
user13913,unk
user13913,interactive
user13914,math
user13914,implementation
user13914,constructive algorithms
user13914,greedy
user13914,strings
user13914,sortings
user13914,dsu
user13914,binary search
user13914,data structures
user13914,dp
user13914,two pointers
user13914,brute force
user13914,bitmasks
user13914,combinatorics
user13914,number theory
user13914,graphs
user13914,dfs and similar
user13914,trees
user13914,interactive
user13915,constructive algorithms
user13915,greedy
user13915,math
user13915,number theory
user13915,brute force
user13915,dp
user13915,binary search
user13915,implementation
user13915,combinatorics
user13915,dsu
user13915,graphs
user13915,unk
user13915,strings
user13915,two pointers
user13915,data structures
user13915,sortings
user13915,trees
user13915,bitmasks
user13915,dfs and similar
user13915,interactive
user13916,data structures
user13916,greedy
user13916,sortings
user13916,bitmasks
user13916,constructive algorithms
user13916,brute force
user13916,implementation
user13916,math
user13916,number theory
user13916,combinatorics
user13916,binary search
user13916,interactive
user13916,two pointers
user13916,graphs
user13916,dp
user13916,strings
user13916,unk
user13916,dsu
user13916,trees
user13925,implementation
user13925,sortings
user13925,dfs and similar
user13925,graphs
user13925,greedy
user13925,trees
user13925,brute force
user13925,strings
user13925,number theory
user13925,dp
user13925,math
user13925,binary search
user13925,constructive algorithms
user13925,two pointers
user13925,data structures
user13925,bitmasks
user13925,combinatorics
user13925,dsu
user13926,bitmasks
user13926,constructive algorithms
user13926,greedy
user13926,math
user13926,sortings
user13926,dp
user13926,number theory
user13926,implementation
user13926,brute force
user13926,strings
user13926,binary search
user13926,data structures
user13926,two pointers
user13926,combinatorics
user13926,trees
user13926,dfs and similar
user13926,graphs
user13931,graphs
user13931,greedy
user13931,implementation
user13931,sortings
user13931,strings
user13931,brute force
user13931,constructive algorithms
user13931,dp
user13931,combinatorics
user13931,math
user13931,two pointers
user13931,number theory
user13931,data structures
user13931,dfs and similar
user13931,bitmasks
user13931,binary search
user13931,dsu
user13931,trees
user13931,interactive
user13932,greedy
user13932,math
user13932,brute force
user13932,implementation
user13932,dp
user13932,constructive algorithms
user13932,sortings
user13932,combinatorics
user13932,number theory
user13932,strings
user13932,binary search
user13932,data structures
user13932,graphs
user13932,bitmasks
user13932,dfs and similar
user13932,dsu
user13932,two pointers
user13932,interactive
user13932,trees
user13932,unk
user13933,constructive algorithms
user13933,greedy
user13933,brute force
user13933,implementation
user13933,strings
user13933,math
user13933,data structures
user13933,number theory
user13933,sortings
user13933,two pointers
user13933,binary search
user13933,bitmasks
user13933,dfs and similar
user13933,combinatorics
user13933,dp
user13933,graphs
user13933,unk
user13933,trees
user13933,dsu
user13933,interactive
user13936,bitmasks
user13936,brute force
user13936,greedy
user13936,strings
user13936,binary search
user13936,implementation
user13936,math
user13936,sortings
user13936,constructive algorithms
user13936,dsu
user13936,number theory
user13936,combinatorics
user13936,dfs and similar
user13936,dp
user13936,graphs
user13936,two pointers
user13936,data structures
user13936,trees
user13936,interactive
user13937,brute force
user13937,graphs
user13937,greedy
user13937,math
user13937,constructive algorithms
user13937,implementation
user13937,dp
user13937,sortings
user13937,strings
user13937,combinatorics
user13937,number theory
user13937,data structures
user13937,binary search
user13937,two pointers
user13937,dfs and similar
user13937,bitmasks
user13937,trees
user13938,implementation
user13938,math
user13938,sortings
user13938,binary search
user13938,brute force
user13938,greedy
user13940,data structures
user13940,implementation
user13940,brute force
user13940,binary search
user13940,greedy
user13940,math
user13940,constructive algorithms
user13940,dfs and similar
user13940,graphs
user13940,dp
user13940,sortings
user13940,strings
user13940,two pointers
user13940,combinatorics
user13940,number theory
user13940,bitmasks
user13940,interactive
user13940,trees
user13940,dsu
user13945,greedy
user13945,math
user13945,implementation
user13945,strings
user13945,constructive algorithms
user13945,brute force
user13945,binary search
user13945,sortings
user13945,bitmasks
user13945,data structures
user13945,dfs and similar
user13945,graphs
user13945,number theory
user13945,dp
user13945,combinatorics
user13945,two pointers
user13945,interactive
user13945,dsu
user13945,trees
user13946,constructive algorithms
user13946,implementation
user13946,brute force
user13946,data structures
user13946,greedy
user13946,math
user13946,dp
user13946,strings
user13946,number theory
user13946,unk
user13946,sortings
user13946,interactive
user13946,two pointers
user13946,graphs
user13946,bitmasks
user13946,dfs and similar
user13946,binary search
user13946,dsu
user13946,combinatorics
user13946,trees
user13949,implementation
user13949,constructive algorithms
user13949,brute force
user13949,greedy
user13949,sortings
user13949,strings
user13949,math
user13949,data structures
user13949,graphs
user13949,dp
user13949,number theory
user13949,binary search
user13949,bitmasks
user13949,trees
user13949,dsu
user13950,math
user13950,implementation
user13950,bitmasks
user13950,brute force
user13950,dp
user13950,strings
user13950,constructive algorithms
user13950,number theory
user13950,greedy
user13950,sortings
user13950,dfs and similar
user13950,combinatorics
user13950,two pointers
user13950,binary search
user13950,data structures
user13950,trees
user13950,graphs
user13950,dsu
user13950,interactive
user13950,unk
user13960,constructive algorithms
user13960,greedy
user13960,implementation
user13960,number theory
user13960,sortings
user13960,math
user13960,dfs and similar
user13960,strings
user13960,bitmasks
user13960,brute force
user13960,dp
user13960,data structures
user13960,two pointers
user13960,binary search
user13960,graphs
user13960,trees
user13960,combinatorics
user13960,interactive
user13963,implementation
user13963,binary search
user13963,math
user13963,sortings
user13963,greedy
user13963,data structures
user13963,brute force
user13963,number theory
user13963,dfs and similar
user13963,graphs
user13963,combinatorics
user13963,constructive algorithms
user13963,bitmasks
user13963,dp
user13963,two pointers
user13963,strings
user13963,interactive
user13963,trees
user13963,dsu
user13963,unk
user13964,greedy
user13964,implementation
user13964,math
user13964,constructive algorithms
user13964,strings
user13964,brute force
user13964,binary search
user13964,sortings
user13964,two pointers
user13964,number theory
user13964,dp
user13964,data structures
user13964,dfs and similar
user13964,combinatorics
user13964,bitmasks
user13964,graphs
user13964,trees
user13964,dsu
user13964,interactive
user13966,greedy
user13966,math
user13966,strings
user13966,implementation
user13966,constructive algorithms
user13966,brute force
user13966,number theory
user13966,sortings
user13966,data structures
user13966,bitmasks
user13966,binary search
user13966,graphs
user13967,greedy
user13967,implementation
user13967,math
user13967,number theory
user13967,strings
user13967,sortings
user13967,brute force
user13967,dp
user13967,constructive algorithms
user13967,bitmasks
user13967,data structures
user13967,dfs and similar
user13967,graphs
user13967,binary search
user13967,combinatorics
user13967,two pointers
user13967,interactive
user13969,implementation
user13969,data structures
user13969,math
user13969,strings
user13969,greedy
user13969,two pointers
user13969,dfs and similar
user13969,sortings
user13969,brute force
user13969,combinatorics
user13969,dp
user13969,constructive algorithms
user13969,graphs
user13969,number theory
user1397,constructive algorithms
user1397,implementation
user1397,bitmasks
user1397,combinatorics
user1397,math
user1397,brute force
user1397,data structures
user1397,sortings
user1397,dp
user1397,greedy
user1397,number theory
user1397,trees
user1397,graphs
user1397,strings
user1397,binary search
user1397,dsu
user1397,dfs and similar
user1397,two pointers
user1397,interactive
user13977,dp
user13977,greedy
user13977,strings
user13977,math
user13977,implementation
user13977,combinatorics
user13977,sortings
user13977,brute force
user13977,binary search
user13977,bitmasks
user13977,constructive algorithms
user13977,data structures
user13977,number theory
user13977,dfs and similar
user13977,two pointers
user13977,graphs
user13977,dsu
user13977,trees
user13977,unk
user13977,interactive
user13978,brute force
user13978,constructive algorithms
user13978,greedy
user13978,math
user13978,implementation
user13978,dp
user13978,graphs
user13978,sortings
user13978,binary search
user13978,data structures
user13978,two pointers
user13978,number theory
user13978,dfs and similar
user13978,bitmasks
user13978,strings
user13978,dsu
user13978,trees
user13978,interactive
user13980,constructive algorithms
user13980,math
user13980,number theory
user13980,greedy
user13980,brute force
user13980,implementation
user13980,sortings
user13980,strings
user13980,binary search
user13980,data structures
user13980,bitmasks
user13980,dp
user13980,two pointers
user13980,unk
user13980,dfs and similar
user13980,combinatorics
user13980,graphs
user13980,trees
user13980,dsu
user13984,bitmasks
user13984,greedy
user13984,math
user13984,brute force
user13984,implementation
user13984,number theory
user13984,constructive algorithms
user13984,binary search
user13984,sortings
user13984,strings
user13984,data structures
user13984,dp
user13984,two pointers
user13984,dfs and similar
user13984,combinatorics
user13984,unk
user13984,dsu
user13984,graphs
user13984,interactive
user13985,binary search
user13985,data structures
user13985,dp
user13985,greedy
user13985,math
user13985,implementation
user13985,unk
user13985,constructive algorithms
user13985,sortings
user13985,combinatorics
user13985,brute force
user13985,strings
user13985,number theory
user13985,two pointers
user13985,bitmasks
user13985,graphs
user13985,trees
user13985,dfs and similar
user13989,bitmasks
user13989,greedy
user13989,math
user13989,brute force
user13989,sortings
user13989,dp
user13989,constructive algorithms
user13989,implementation
user13989,dfs and similar
user13989,number theory
user13989,trees
user13989,strings
user13989,binary search
user13989,data structures
user13989,two pointers
user13989,dsu
user13989,graphs
user13989,combinatorics
user13989,interactive
user13992,math
user13992,greedy
user13992,number theory
user13994,implementation
user13994,strings
user13994,constructive algorithms
user13994,math
user13994,greedy
user13994,sortings
user13994,brute force
user13994,dp
user13994,binary search
user13994,two pointers
user13994,data structures
user13994,combinatorics
user13994,dfs and similar
user13994,trees
user13994,graphs
user13994,number theory
user13994,bitmasks
user13994,dsu
user13994,interactive
user13997,math
user13997,constructive algorithms
user13997,dp
user13997,greedy
user13997,implementation
user13997,brute force
user13997,strings
user13997,combinatorics
user13997,sortings
user13997,unk
user13997,binary search
user13997,bitmasks
user13997,data structures
user13997,two pointers
user13997,number theory
user13997,trees
user13997,dfs and similar
user13997,graphs
user13997,dsu
user13997,interactive
user13999,combinatorics
user13999,greedy
user13999,math
user13999,implementation
user13999,constructive algorithms
user13999,brute force
user13999,number theory
user13999,dfs and similar
user13999,dp
user13999,strings
user13999,sortings
user13999,unk
user13999,binary search
user13999,bitmasks
user13999,data structures
user13999,two pointers
user13999,trees
user13999,interactive
user13999,dsu
user13999,graphs
user1400,math
user1400,number theory
user1400,brute force
user1400,implementation
user1400,dp
user1400,greedy
user1400,two pointers
user1400,strings
user1400,data structures
user1400,binary search
user1400,sortings
user1400,constructive algorithms
user1400,trees
user1400,bitmasks
user1400,combinatorics
user1400,dfs and similar
user1400,dsu
user1400,graphs
user1400,interactive
user1400,unk
user14001,constructive algorithms
user14001,math
user14001,number theory
user14001,greedy
user14001,implementation
user14001,brute force
user14001,two pointers
user14002,greedy
user14002,implementation
user14002,sortings
user14002,brute force
user14002,strings
user14002,math
user14002,binary search
user14002,data structures
user14002,two pointers
user14002,dfs and similar
user14002,dp
user14002,graphs
user14002,trees
user14002,constructive algorithms
user14002,bitmasks
user14002,number theory
user14002,interactive
user14002,combinatorics
user14002,dsu
user14003,math
user14003,brute force
user14003,graphs
user14003,greedy
user14003,constructive algorithms
user14003,implementation
user14003,binary search
user14003,combinatorics
user14003,dp
user14003,strings
user14003,data structures
user14003,two pointers
user14003,bitmasks
user14003,sortings
user14003,dfs and similar
user14003,number theory
user14003,dsu
user14003,trees
user14005,math
user14005,data structures
user14005,implementation
user14005,unk
user14005,brute force
user14005,greedy
user14005,bitmasks
user14005,number theory
user14005,constructive algorithms
user14005,strings
user14005,two pointers
user14005,dp
user14005,sortings
user14005,combinatorics
user14005,trees
user14005,binary search
user14005,dfs and similar
user14005,dsu
user14005,graphs
user14005,interactive
user14012,brute force
user14012,implementation
user14012,greedy
user14012,math
user14012,number theory
user14012,sortings
user14012,dfs and similar
user14012,dp
user14012,graphs
user14012,constructive algorithms
user14012,strings
user14012,bitmasks
user14012,two pointers
user14012,binary search
user14012,combinatorics
user14012,data structures
user14012,dsu
user14012,trees
user14015,implementation
user14015,greedy
user14015,math
user14015,brute force
user14015,graphs
user14015,number theory
user14015,constructive algorithms
user14015,strings
user14015,binary search
user14015,dp
user14015,dsu
user14015,sortings
user14015,two pointers
user14015,data structures
user14015,dfs and similar
user14015,bitmasks
user14015,trees
user14015,combinatorics
user14015,interactive
user14016,constructive algorithms
user14016,number theory
user14016,binary search
user14016,data structures
user14016,dp
user14016,greedy
user14016,math
user14016,implementation
user14016,sortings
user14016,strings
user14016,brute force
user14016,bitmasks
user14016,two pointers
user14016,combinatorics
user14016,graphs
user14016,unk
user14016,dfs and similar
user14016,dsu
user14016,interactive
user14016,trees
user14017,dp
user14017,greedy
user14017,sortings
user14017,brute force
user14017,math
user14017,strings
user14017,implementation
user14017,number theory
user14017,binary search
user14017,data structures
user14017,dfs and similar
user14017,graphs
user14017,constructive algorithms
user14017,two pointers
user14017,bitmasks
user14017,combinatorics
user14017,trees
user14017,dsu
user14017,interactive
user14018,brute force
user14018,greedy
user14018,implementation
user14018,math
user14018,constructive algorithms
user14018,sortings
user14018,number theory
user14018,binary search
user14018,dp
user14018,two pointers
user14018,data structures
user14018,graphs
user14018,dfs and similar
user14019,data structures
user14019,dfs and similar
user14019,dp
user14019,greedy
user14019,implementation
user14019,trees
user14019,binary search
user14019,two pointers
user14019,brute force
user14019,sortings
user14019,bitmasks
user14019,graphs
user14019,dsu
user14019,math
user14019,number theory
user14019,constructive algorithms
user14019,strings
user14019,combinatorics
user14019,interactive
user1402,unk
user1402,greedy
user1402,implementation
user1402,binary search
user1402,two pointers
user1402,brute force
user1402,constructive algorithms
user1402,math
user1402,strings
user1402,number theory
user1402,dp
user1402,bitmasks
user1402,sortings
user1402,data structures
user1402,dfs and similar
user1402,trees
user1402,combinatorics
user1402,dsu
user1402,graphs
user1402,interactive
user14021,greedy
user14021,math
user14021,number theory
user14021,implementation
user14021,constructive algorithms
user14021,strings
user14021,binary search
user14021,brute force
user14021,data structures
user14021,dp
user14021,dsu
user14021,two pointers
user14021,sortings
user14021,bitmasks
user14021,dfs and similar
user14021,combinatorics
user14021,graphs
user14021,trees
user14026,greedy
user14026,brute force
user14026,implementation
user14026,math
user14026,dp
user14026,dfs and similar
user14026,dsu
user14026,graphs
user14026,data structures
user14026,two pointers
user14026,constructive algorithms
user14026,binary search
user14026,number theory
user14027,greedy
user14027,two pointers
user14027,implementation
user14027,binary search
user14027,dp
user14027,brute force
user14027,data structures
user14027,math
user14027,dfs and similar
user14027,constructive algorithms
user14027,graphs
user14027,sortings
user14027,number theory
user1403,constructive algorithms
user1403,greedy
user1403,sortings
user1403,implementation
user1403,math
user1403,brute force
user1403,strings
user1403,combinatorics
user1403,dp
user1403,number theory
user1403,data structures
user1403,bitmasks
user1403,binary search
user1403,two pointers
user1403,dfs and similar
user1403,unk
user1403,graphs
user1403,dsu
user1403,trees
user14030,greedy
user14030,implementation
user14030,sortings
user14030,math
user14030,brute force
user14030,dp
user14030,constructive algorithms
user14030,number theory
user14030,dfs and similar
user14030,data structures
user14030,two pointers
user14030,binary search
user14030,unk
user14030,graphs
user14030,trees
user14030,dsu
user14030,combinatorics
user14030,interactive
user14034,implementation
user14034,constructive algorithms
user14034,math
user14034,brute force
user14034,greedy
user14038,brute force
user14038,dp
user14038,math
user14038,number theory
user14038,implementation
user14038,strings
user14038,constructive algorithms
user14038,data structures
user14038,greedy
user14038,binary search
user14038,sortings
user14038,unk
user14038,combinatorics
user14038,bitmasks
user14038,dfs and similar
user14038,two pointers
user14038,graphs
user14038,trees
user14038,dsu
user14038,interactive
user14044,brute force
user14044,math
user14044,implementation
user14044,strings
user14044,greedy
user14044,number theory
user14044,constructive algorithms
user14044,sortings
user14044,data structures
user14044,two pointers
user14044,unk
user14044,graphs
user14044,binary search
user14044,combinatorics
user14044,bitmasks
user14044,dp
user14044,dfs and similar
user14044,dsu
user14044,interactive
user14044,trees
user14045,data structures
user14045,dp
user14045,greedy
user14045,implementation
user14045,interactive
user14045,constructive algorithms
user14045,combinatorics
user14045,math
user14045,sortings
user14045,binary search
user14045,strings
user14045,two pointers
user14045,brute force
user14045,bitmasks
user14045,number theory
user14045,graphs
user14045,dfs and similar
user14045,trees
user14045,dsu
user14048,brute force
user14048,greedy
user14048,implementation
user14048,math
user1405,greedy
user1405,math
user1405,brute force
user1405,constructive algorithms
user1405,implementation
user1405,strings
user1405,binary search
user1405,number theory
user1405,dfs and similar
user1405,graphs
user1405,sortings
user1405,dp
user1405,data structures
user1405,two pointers
user1405,combinatorics
user1405,interactive
user14053,strings
user14053,brute force
user14053,greedy
user14053,implementation
user14053,math
user14053,dp
user14053,constructive algorithms
user14053,sortings
user14053,number theory
user14053,combinatorics
user14053,binary search
user14053,graphs
user14053,data structures
user14053,dfs and similar
user14053,bitmasks
user14053,two pointers
user14053,dsu
user14053,trees
user14059,data structures
user14059,dfs and similar
user14059,dsu
user14059,trees
user14059,brute force
user14059,implementation
user14059,dp
user14059,greedy
user14059,math
user14059,number theory
user14059,constructive algorithms
user14059,graphs
user14059,sortings
user14059,bitmasks
user14059,binary search
user14059,two pointers
user14059,combinatorics
user14059,interactive
user14059,strings
user14060,constructive algorithms
user14060,implementation
user14060,brute force
user14060,strings
user14060,greedy
user14060,math
user14060,number theory
user14060,sortings
user14060,unk
user14060,dp
user14060,binary search
user14060,two pointers
user14060,data structures
user14060,combinatorics
user14060,dfs and similar
user14060,dsu
user14060,bitmasks
user14060,interactive
user14060,graphs
user14060,trees
user14062,math
user14062,implementation
user14062,greedy
user14062,sortings
user14062,strings
user14062,brute force
user14062,constructive algorithms
user14062,number theory
user14062,combinatorics
user14062,data structures
user14062,two pointers
user14062,binary search
user14062,dp
user14062,dfs and similar
user14062,graphs
user14062,bitmasks
user14062,trees
user14062,dsu
user14062,interactive
user14066,greedy
user14066,math
user14066,binary search
user14066,brute force
user14066,combinatorics
user14066,number theory
user14066,dp
user14066,strings
user14066,constructive algorithms
user14066,implementation
user14066,data structures
user14066,two pointers
user14066,sortings
user14066,dfs and similar
user14066,dsu
user14066,graphs
user14066,trees
user14067,math
user14067,constructive algorithms
user14067,bitmasks
user14067,greedy
user14067,implementation
user14067,binary search
user14067,brute force
user14067,two pointers
user14067,data structures
user14067,sortings
user14067,dp
user14067,strings
user14067,graphs
user14067,number theory
user14067,dfs and similar
user14067,combinatorics
user14067,trees
user14067,dsu
user14067,interactive
user14067,unk
user1407,brute force
user1407,greedy
user1407,implementation
user1407,sortings
user1407,two pointers
user1407,data structures
user1407,dfs and similar
user1407,dp
user1407,trees
user1407,binary search
user1407,math
user1407,constructive algorithms
user1407,graphs
user1407,number theory
user1407,strings
user1407,unk
user1407,bitmasks
user1407,dsu
user1407,combinatorics
user1407,interactive
user14071,brute force
user14071,constructive algorithms
user14071,implementation
user14071,dp
user14071,trees
user14071,sortings
user14071,math
user14071,number theory
user14071,greedy
user14071,combinatorics
user14071,dfs and similar
user14071,graphs
user14071,dsu
user14071,data structures
user14071,binary search
user14071,two pointers
user14071,bitmasks
user14072,bitmasks
user14072,greedy
user14072,math
user14072,constructive algorithms
user14072,implementation
user14072,brute force
user14072,data structures
user14072,strings
user14072,dp
user14072,sortings
user14072,unk
user14072,combinatorics
user14072,dfs and similar
user14072,dsu
user14072,graphs
user14072,number theory
user14072,binary search
user14072,trees
user14072,two pointers
user14072,interactive
user14074,implementation
user14074,math
user14074,greedy
user14074,sortings
user14074,strings
user14074,number theory
user14074,brute force
user14074,dp
user14074,constructive algorithms
user14074,data structures
user14074,graphs
user14074,bitmasks
user14074,binary search
user14074,two pointers
user14074,combinatorics
user14086,greedy
user14086,implementation
user14086,brute force
user14086,sortings
user14086,bitmasks
user14086,constructive algorithms
user14086,math
user14086,two pointers
user14086,dfs and similar
user14086,dp
user14086,trees
user14086,number theory
user14086,combinatorics
user14086,strings
user14086,interactive
user14086,binary search
user14086,dsu
user14086,graphs
user14086,data structures
user14088,greedy
user14088,strings
user14088,math
user14088,number theory
user14088,implementation
user14088,brute force
user14088,constructive algorithms
user14088,two pointers
user14088,binary search
user14088,combinatorics
user14088,sortings
user14088,data structures
user14088,bitmasks
user14088,unk
user14088,dp
user14088,graphs
user14088,dfs and similar
user14088,dsu
user14088,interactive
user14088,trees
user1409,implementation
user1409,math
user1409,strings
user1409,constructive algorithms
user1409,number theory
user1409,bitmasks
user1409,brute force
user1409,greedy
user1409,sortings
user1409,dp
user1409,data structures
user1409,dfs and similar
user1409,combinatorics
user1409,binary search
user1409,two pointers
user1409,unk
user1409,interactive
user1409,graphs
user1409,dsu
user1409,trees
user14093,math
user14093,brute force
user14093,implementation
user14093,binary search
user14093,strings
user14093,greedy
user14093,sortings
user14093,combinatorics
user14093,constructive algorithms
user14093,dp
user14093,number theory
user14093,data structures
user14093,dfs and similar
user14093,trees
user14093,bitmasks
user14093,two pointers
user14093,interactive
user14093,graphs
user14093,dsu
user14097,bitmasks
user14097,greedy
user14097,implementation
user14097,strings
user14097,dfs and similar
user14097,dsu
user14097,graphs
user14097,two pointers
user14097,combinatorics
user14097,math
user14097,binary search
user14097,data structures
user14097,brute force
user14097,dp
user14097,number theory
user14097,sortings
user14097,constructive algorithms
user14097,trees
user14097,unk
user14099,dp
user14099,strings
user14099,greedy
user14099,implementation
user14099,math
user14099,brute force
user14099,constructive algorithms
user14099,number theory
user14099,sortings
user14099,binary search
user14099,dsu
user14099,dfs and similar
user14099,graphs
user14099,data structures
user14099,bitmasks
user1410,brute force
user1410,strings
user1410,greedy
user1410,constructive algorithms
user1410,math
user1410,implementation
user1410,sortings
user1410,number theory
user1410,dp
user1410,combinatorics
user1410,data structures
user1410,binary search
user1410,bitmasks
user1410,two pointers
user1410,trees
user1410,unk
user1410,dsu
user1410,dfs and similar
user1410,graphs
user1410,interactive
user14101,greedy
user14101,math
user14101,constructive algorithms
user14101,strings
user14101,implementation
user14101,dp
user14101,sortings
user14101,brute force
user14101,data structures
user14101,number theory
user14101,bitmasks
user14101,unk
user14101,two pointers
user14101,binary search
user14101,dfs and similar
user14101,graphs
user14101,trees
user14101,combinatorics
user14101,dsu
user14101,interactive
user14102,math
user14102,binary search
user14102,brute force
user14102,implementation
user14102,data structures
user14102,greedy
user14102,constructive algorithms
user14102,bitmasks
user14102,sortings
user14102,two pointers
user14102,dp
user14102,combinatorics
user14102,dfs and similar
user14102,graphs
user14102,trees
user14102,dsu
user14102,strings
user14102,unk
user14102,number theory
user14102,interactive
user14103,constructive algorithms
user14103,implementation
user14103,bitmasks
user14103,combinatorics
user14103,math
user14103,greedy
user14103,dp
user14103,dsu
user14103,graphs
user14103,brute force
user14103,number theory
user14103,strings
user14103,two pointers
user14103,data structures
user14103,sortings
user14103,binary search
user14103,dfs and similar
user14103,trees
user14109,constructive algorithms
user14109,greedy
user14109,implementation
user14109,math
user14109,brute force
user14109,sortings
user14109,strings
user14109,binary search
user14109,dp
user14109,number theory
user14109,bitmasks
user14109,dfs and similar
user14109,graphs
user14109,two pointers
user14109,combinatorics
user14109,data structures
user14109,trees
user14109,dsu
user14109,interactive
user14112,brute force
user14112,math
user14112,number theory
user14112,constructive algorithms
user14112,greedy
user14112,sortings
user14112,two pointers
user14112,implementation
user14112,combinatorics
user14112,binary search
user14112,dp
user14112,bitmasks
user14112,data structures
user14112,dfs and similar
user14112,trees
user14112,dsu
user14112,strings
user14112,graphs
user14113,math
user14113,number theory
user14113,combinatorics
user14113,dp
user14113,implementation
user14113,greedy
user14113,bitmasks
user14113,brute force
user14113,dfs and similar
user14113,constructive algorithms
user14113,interactive
user14113,strings
user14113,sortings
user14113,graphs
user14113,two pointers
user14113,data structures
user14113,dsu
user14113,trees
user14113,unk
user14113,binary search
user14115,constructive algorithms
user14115,strings
user14115,greedy
user14115,number theory
user14115,implementation
user14115,sortings
user14115,brute force
user14115,math
user14115,data structures
user14115,binary search
user14115,two pointers
user14115,bitmasks
user14115,unk
user14115,combinatorics
user14115,dp
user14115,dfs and similar
user14115,dsu
user14115,graphs
user14115,interactive
user14115,trees
user14116,greedy
user14116,implementation
user14116,math
user14116,brute force
user14116,constructive algorithms
user14116,dp
user14116,sortings
user14116,binary search
user14116,dfs and similar
user14116,graphs
user14116,combinatorics
user14116,strings
user14116,data structures
user14116,unk
user14116,dsu
user14116,two pointers
user14116,number theory
user14116,trees
user14116,bitmasks
user14116,interactive
user14121,binary search
user14121,dp
user14121,implementation
user14121,number theory
user14121,constructive algorithms
user14121,math
user14121,strings
user14121,two pointers
user14121,bitmasks
user14121,greedy
user14121,sortings
user14121,brute force
user14121,data structures
user14121,dsu
user14121,graphs
user14122,brute force
user14122,dp
user14122,implementation
user14122,greedy
user14122,sortings
user14122,math
user14122,two pointers
user14122,data structures
user14122,interactive
user14122,strings
user14122,binary search
user14122,dfs and similar
user14122,constructive algorithms
user14122,graphs
user14122,dsu
user14122,bitmasks
user14122,combinatorics
user14122,number theory
user14122,trees
user14123,bitmasks
user14123,greedy
user14123,math
user14123,number theory
user14123,dp
user14123,combinatorics
user14123,brute force
user14123,constructive algorithms
user14123,binary search
user14123,two pointers
user14123,data structures
user14123,sortings
user14123,dfs and similar
user14123,graphs
user14123,implementation
user14123,strings
user14123,trees
user14123,dsu
user14123,interactive
user14124,dfs and similar
user14124,dp
user14124,implementation
user14124,brute force
user14124,greedy
user14124,math
user14124,constructive algorithms
user14124,strings
user14124,binary search
user14124,data structures
user14124,dsu
user14124,two pointers
user14124,number theory
user14124,combinatorics
user14124,sortings
user14124,graphs
user14124,bitmasks
user14124,unk
user14124,trees
user14125,math
user14125,number theory
user14125,greedy
user14125,brute force
user14125,combinatorics
user14125,sortings
user14125,binary search
user14125,constructive algorithms
user14125,dp
user14125,two pointers
user14125,implementation
user14125,data structures
user14125,bitmasks
user14125,dfs and similar
user14125,graphs
user14125,trees
user14125,strings
user14125,interactive
user14125,dsu
user14126,binary search
user14126,constructive algorithms
user14126,dp
user14126,two pointers
user14126,greedy
user14126,math
user14126,number theory
user14126,brute force
user14126,implementation
user14126,combinatorics
user14126,data structures
user14126,sortings
user14126,interactive
user14126,bitmasks
user14126,unk
user14126,dfs and similar
user14126,strings
user14126,graphs
user14126,trees
user14126,dsu
user14127,constructive algorithms
user14127,interactive
user14127,math
user14127,dp
user14127,data structures
user14127,dsu
user14127,trees
user14127,binary search
user14127,two pointers
user14127,brute force
user14127,number theory
user14127,greedy
user14127,bitmasks
user14127,sortings
user14127,strings
user14127,combinatorics
user14127,graphs
user14127,dfs and similar
user14127,implementation
user14131,greedy
user14131,math
user14131,constructive algorithms
user14131,sortings
user14131,number theory
user14131,implementation
user14131,brute force
user14131,two pointers
user14131,dp
user14131,strings
user14131,binary search
user14131,data structures
user14131,interactive
user14131,bitmasks
user14131,dfs and similar
user14131,graphs
user14131,combinatorics
user14131,dsu
user14131,trees
user14132,implementation
user14132,constructive algorithms
user14132,dp
user14132,greedy
user14132,math
user14133,data structures
user14133,implementation
user14133,math
user14133,two pointers
user14133,brute force
user14133,binary search
user14133,constructive algorithms
user14133,dfs and similar
user14133,graphs
user14133,trees
user14133,greedy
user14133,dp
user14133,bitmasks
user14133,sortings
user14133,dsu
user14133,strings
user14133,number theory
user14133,combinatorics
user14137,implementation
user14137,math
user14137,bitmasks
user14137,constructive algorithms
user14137,number theory
user14137,data structures
user14137,dsu
user14137,greedy
user14137,sortings
user14137,brute force
user14137,combinatorics
user14137,dp
user14137,strings
user14137,graphs
user14137,trees
user14137,two pointers
user14137,binary search
user14137,dfs and similar
user14139,greedy
user14139,implementation
user14139,math
user14139,brute force
user14139,strings
user14139,data structures
user14139,sortings
user14139,constructive algorithms
user14139,number theory
user14139,dfs and similar
user14139,binary search
user14139,two pointers
user14139,dp
user14139,graphs
user14141,constructive algorithms
user14141,greedy
user14141,two pointers
user14141,brute force
user14141,implementation
user14141,math
user14141,number theory
user14141,sortings
user14141,data structures
user14141,dp
user14141,binary search
user14141,dfs and similar
user14141,graphs
user14144,brute force
user14144,greedy
user14144,sortings
user14144,math
user14144,number theory
user14144,dp
user14144,strings
user14144,constructive algorithms
user14144,implementation
user14144,binary search
user14144,data structures
user14144,two pointers
user14144,dfs and similar
user14144,interactive
user14146,constructive algorithms
user14146,greedy
user14146,number theory
user14146,math
user14146,brute force
user14146,graphs
user14146,implementation
user14146,dp
user14146,strings
user14146,binary search
user14146,sortings
user14146,dfs and similar
user14146,trees
user14146,combinatorics
user14146,two pointers
user14146,data structures
user14146,bitmasks
user14146,dsu
user14147,data structures
user14147,greedy
user14147,math
user14147,two pointers
user14147,sortings
user14147,binary search
user14147,brute force
user14147,bitmasks
user14147,constructive algorithms
user14147,number theory
user14147,interactive
user14147,combinatorics
user14147,dp
user14147,implementation
user14147,strings
user14147,dfs and similar
user14147,graphs
user14147,trees
user14147,unk
user14147,dsu
user14148,constructive algorithms
user14148,implementation
user14148,brute force
user14148,greedy
user14148,math
user14148,sortings
user14148,two pointers
user14148,number theory
user14148,strings
user14148,data structures
user14148,binary search
user14148,dp
user14148,combinatorics
user14148,bitmasks
user14148,graphs
user14148,unk
user14148,interactive
user14148,dfs and similar
user14148,trees
user14149,math
user14149,number theory
user14149,implementation
user14149,binary search
user14149,greedy
user14149,brute force
user14149,sortings
user14149,constructive algorithms
user14149,two pointers
user14149,data structures
user14149,dp
user14149,graphs
user14149,dfs and similar
user14149,dsu
user14149,bitmasks
user14149,trees
user14149,interactive
user1415,binary search
user1415,data structures
user1415,implementation
user1415,constructive algorithms
user1415,number theory
user1415,greedy
user1415,math
user1415,two pointers
user1415,graphs
user1415,dfs and similar
user1415,brute force
user1415,dp
user1415,trees
user1415,interactive
user1415,combinatorics
user1415,strings
user1415,sortings
user1415,dsu
user1415,bitmasks
user14150,graphs
user14150,math
user14150,implementation
user14150,greedy
user14150,two pointers
user14150,brute force
user14150,dp
user14150,binary search
user14150,data structures
user14150,sortings
user14150,constructive algorithms
user14150,dfs and similar
user14150,trees
user14150,strings
user14150,number theory
user14150,dsu
user14150,bitmasks
user14150,combinatorics
user14152,math
user14152,number theory
user14152,implementation
user14152,strings
user14152,binary search
user14152,brute force
user14152,data structures
user14152,greedy
user14152,constructive algorithms
user14152,two pointers
user14152,combinatorics
user14152,sortings
user14152,dp
user14152,bitmasks
user14152,dfs and similar
user14152,graphs
user14152,trees
user14152,interactive
user14152,dsu
user14153,constructive algorithms
user14153,greedy
user14153,math
user14153,implementation
user14153,sortings
user14153,strings
user14153,brute force
user14153,two pointers
user14153,binary search
user14153,data structures
user14153,number theory
user14153,unk
user14153,dp
user14153,bitmasks
user14153,trees
user14153,dsu
user14153,combinatorics
user14153,dfs and similar
user14153,graphs
user14153,interactive
user14154,math
user14154,implementation
user14154,sortings
user14154,greedy
user14154,strings
user14154,number theory
user14154,brute force
user14154,constructive algorithms
user14154,interactive
user14154,data structures
user14154,bitmasks
user14154,dsu
user14154,dp
user14154,two pointers
user14154,binary search
user14154,dfs and similar
user14154,graphs
user14154,trees
user14154,unk
user14154,combinatorics
user14158,data structures
user14158,strings
user14158,dp
user14158,greedy
user14158,math
user14158,sortings
user14158,implementation
user14158,binary search
user14158,brute force
user14158,constructive algorithms
user14158,two pointers
user14158,dsu
user14158,combinatorics
user14158,number theory
user14158,dfs and similar
user14158,graphs
user14158,trees
user14158,interactive
user14158,bitmasks
user14168,binary search
user14168,greedy
user14168,math
user14168,brute force
user14168,number theory
user14168,constructive algorithms
user14168,implementation
user14168,sortings
user14168,data structures
user14168,two pointers
user14168,strings
user14168,bitmasks
user14168,combinatorics
user14168,dp
user14168,graphs
user14168,dfs and similar
user14168,dsu
user14168,trees
user14168,interactive
user14171,dfs and similar
user14171,greedy
user14171,implementation
user14171,sortings
user14171,strings
user14171,binary search
user14171,two pointers
user14171,brute force
user14171,math
user14171,data structures
user14171,number theory
user14171,interactive
user14171,combinatorics
user14171,constructive algorithms
user14171,graphs
user14171,bitmasks
user14171,dp
user14171,trees
user14171,dsu
user14172,greedy
user14172,math
user14172,sortings
user14172,implementation
user14172,brute force
user14172,constructive algorithms
user14172,strings
user14172,two pointers
user14172,dp
user14172,binary search
user14172,data structures
user14172,number theory
user14172,dsu
user14172,graphs
user14172,dfs and similar
user14172,bitmasks
user14172,unk
user14172,combinatorics
user14172,trees
user14172,interactive
user14173,greedy
user14173,implementation
user14173,math
user14173,sortings
user14173,brute force
user14173,strings
user14173,number theory
user14173,unk
user14173,constructive algorithms
user14173,dp
user14173,binary search
user14173,data structures
user14173,two pointers
user14173,bitmasks
user14173,dfs and similar
user14173,graphs
user14173,combinatorics
user14173,dsu
user14173,interactive
user14173,trees
user14177,math
user14177,strings
user14177,implementation
user14177,brute force
user14177,data structures
user14177,greedy
user14177,sortings
user14177,binary search
user14177,number theory
user14177,constructive algorithms
user14177,combinatorics
user14177,two pointers
user14177,dp
user14177,graphs
user14177,dfs and similar
user14177,dsu
user14177,bitmasks
user14177,trees
user14177,interactive
user14178,greedy
user14178,implementation
user14178,strings
user14178,two pointers
user14178,brute force
user14178,dp
user14178,math
user14178,binary search
user14178,data structures
user14178,sortings
user14178,number theory
user14178,dfs and similar
user14178,constructive algorithms
user14178,bitmasks
user14178,trees
user14180,implementation
user14180,constructive algorithms
user14180,math
user14180,sortings
user14180,strings
user14180,brute force
user14180,greedy
user14180,binary search
user14180,unk
user14180,dp
user14180,number theory
user14180,combinatorics
user14180,data structures
user14180,bitmasks
user14180,interactive
user14180,two pointers
user14180,dfs and similar
user14180,graphs
user14182,constructive algorithms
user14182,implementation
user14182,math
user14182,number theory
user14182,brute force
user14182,sortings
user14182,binary search
user14182,dp
user14182,strings
user14182,two pointers
user14182,bitmasks
user14182,combinatorics
user14182,greedy
user14182,data structures
user14182,graphs
user14182,dfs and similar
user14182,dsu
user14182,interactive
user14185,bitmasks
user14185,greedy
user14185,binary search
user14185,brute force
user14185,constructive algorithms
user14185,dfs and similar
user14185,implementation
user14185,math
user14185,dp
user14185,graphs
user14185,trees
user14185,dsu
user14185,data structures
user14185,strings
user14185,sortings
user14185,number theory
user14185,combinatorics
user14185,interactive
user14185,unk
user14185,two pointers
user14186,bitmasks
user14186,combinatorics
user14186,dp
user14186,math
user14186,data structures
user14186,dfs and similar
user14186,graphs
user14186,greedy
user14186,two pointers
user14186,implementation
user14186,brute force
user14186,number theory
user14186,constructive algorithms
user14186,sortings
user14186,dsu
user14186,binary search
user14186,strings
user14186,trees
user14186,interactive
user14187,greedy
user14187,math
user14187,constructive algorithms
user14187,data structures
user14187,dp
user14187,implementation
user14187,brute force
user14187,sortings
user14187,two pointers
user14187,strings
user14187,binary search
user14187,combinatorics
user14187,dfs and similar
user14187,graphs
user14187,trees
user14187,dsu
user14187,number theory
user14187,interactive
user14187,bitmasks
user14187,unk
user14189,implementation
user14189,math
user14189,strings
user14189,greedy
user14189,number theory
user14189,binary search
user14189,brute force
user14189,sortings
user14189,two pointers
user14189,dp
user14189,data structures
user14189,combinatorics
user14189,constructive algorithms
user14189,bitmasks
user14189,dfs and similar
user14189,graphs
user14189,trees
user14189,dsu
user1419,brute force
user1419,math
user1419,greedy
user1419,implementation
user1419,strings
user1419,sortings
user1419,constructive algorithms
user1419,number theory
user1419,dp
user1419,graphs
user1419,data structures
user1419,unk
user1419,bitmasks
user1419,combinatorics
user1419,binary search
user1419,two pointers
user1419,dsu
user1419,interactive
user1419,dfs and similar
user1419,trees
user14194,greedy
user14194,math
user14194,constructive algorithms
user14194,bitmasks
user14194,binary search
user14194,brute force
user14194,data structures
user14194,dp
user14194,graphs
user14194,implementation
user14194,sortings
user14194,strings
user14194,dfs and similar
user14194,dsu
user14194,two pointers
user14194,combinatorics
user14194,number theory
user14194,trees
user14194,interactive
user14198,constructive algorithms
user14198,implementation
user14198,brute force
user14198,dp
user14198,math
user14198,sortings
user14198,strings
user14198,greedy
user14198,number theory
user14198,two pointers
user14198,data structures
user14198,binary search
user14198,combinatorics
user14198,graphs
user14198,dsu
user14198,bitmasks
user14198,dfs and similar
user14198,trees
user14200,constructive algorithms
user14200,brute force
user14200,implementation
user14200,strings
user14200,greedy
user14200,sortings
user14200,math
user14200,number theory
user14200,data structures
user14200,dp
user14200,binary search
user14200,bitmasks
user14200,two pointers
user14200,combinatorics
user14200,unk
user14200,graphs
user14200,interactive
user14200,dfs and similar
user14200,dsu
user14200,trees
user14201,constructive algorithms
user14201,greedy
user14201,strings
user14201,math
user14201,number theory
user14201,dp
user14201,sortings
user14201,implementation
user14201,two pointers
user14201,brute force
user14201,bitmasks
user14201,binary search
user14201,data structures
user14201,graphs
user14201,combinatorics
user14201,dfs and similar
user14201,trees
user14201,dsu
user14201,interactive
user14202,math
user14202,brute force
user14202,bitmasks
user14202,binary search
user14202,implementation
user14202,strings
user14202,greedy
user14202,constructive algorithms
user14202,dp
user14202,number theory
user14202,sortings
user14202,data structures
user14202,combinatorics
user14202,two pointers
user14202,unk
user14202,dsu
user14205,greedy
user14205,implementation
user14205,dfs and similar
user14205,graphs
user14205,brute force
user14205,math
user14205,dp
user14205,sortings
user14205,constructive algorithms
user14205,number theory
user14205,combinatorics
user14205,data structures
user14205,strings
user14205,binary search
user14205,bitmasks
user1421,implementation
user1421,brute force
user1421,sortings
user1421,greedy
user1421,combinatorics
user1421,dp
user1421,math
user1421,constructive algorithms
user1421,data structures
user1421,two pointers
user1421,strings
user1421,binary search
user1421,bitmasks
user1421,dfs and similar
user1421,trees
user1421,number theory
user1421,graphs
user1421,dsu
user14210,implementation
user14210,greedy
user14210,math
user14210,brute force
user14210,constructive algorithms
user14210,strings
user14210,sortings
user14210,binary search
user14210,data structures
user14210,two pointers
user14210,dsu
user14210,number theory
user14210,bitmasks
user14210,dfs and similar
user14210,trees
user14210,dp
user14210,unk
user14210,combinatorics
user14210,graphs
user14210,interactive
user14216,greedy
user14216,math
user14216,brute force
user14216,implementation
user14216,sortings
user14216,number theory
user14216,data structures
user14216,constructive algorithms
user14216,binary search
user14216,strings
user14216,combinatorics
user14216,dp
user14219,math
user14219,implementation
user14219,constructive algorithms
user14219,brute force
user14219,greedy
user14219,sortings
user14219,strings
user14219,number theory
user14219,binary search
user14219,bitmasks
user14219,combinatorics
user14219,dp
user14219,dfs and similar
user14219,two pointers
user14219,data structures
user14219,unk
user14219,graphs
user14219,dsu
user14219,trees
user14219,interactive
user1422,constructive algorithms
user1422,greedy
user1422,implementation
user1422,sortings
user1422,brute force
user1422,math
user1422,bitmasks
user1422,data structures
user1422,number theory
user1422,strings
user1422,binary search
user1422,dp
user1422,dfs and similar
user1422,dsu
user1422,graphs
user1422,two pointers
user1422,unk
user1422,combinatorics
user1422,interactive
user1422,trees
user14224,implementation
user14224,math
user14224,constructive algorithms
user14224,brute force
user14224,data structures
user14224,greedy
user14224,binary search
user14224,dp
user14224,number theory
user14224,graphs
user14224,interactive
user1423,brute force
user1423,greedy
user1423,math
user1423,implementation
user1423,number theory
user1423,strings
user1423,two pointers
user1423,dp
user1423,graphs
user1423,sortings
user1423,binary search
user1423,data structures
user1423,constructive algorithms
user1423,bitmasks
user1423,combinatorics
user1423,dfs and similar
user1423,trees
user1423,dsu
user1423,interactive
user14230,greedy
user14230,implementation
user14230,sortings
user14230,math
user14230,strings
user14230,brute force
user14230,number theory
user14230,constructive algorithms
user14230,data structures
user14230,bitmasks
user14230,dp
user14230,two pointers
user14230,combinatorics
user14230,graphs
user14230,binary search
user14230,dsu
user14230,dfs and similar
user14230,interactive
user14236,greedy
user14236,math
user14236,strings
user14236,constructive algorithms
user14236,graphs
user14236,implementation
user14236,sortings
user14236,brute force
user14236,data structures
user14236,two pointers
user14236,bitmasks
user14236,trees
user14236,binary search
user14236,number theory
user14236,dp
user14236,interactive
user14236,dfs and similar
user14236,dsu
user14243,greedy
user14243,strings
user14243,constructive algorithms
user14243,bitmasks
user14243,math
user14243,dp
user14243,implementation
user14243,data structures
user14243,sortings
user14243,brute force
user14243,number theory
user14243,combinatorics
user14243,dfs and similar
user14243,dsu
user14243,graphs
user14243,binary search
user14243,two pointers
user14243,trees
user14243,interactive
user14246,greedy
user14246,binary search
user1425,data structures
user1425,implementation
user1425,greedy
user1425,math
user1425,constructive algorithms
user1425,number theory
user1425,strings
user1425,two pointers
user1425,combinatorics
user1425,bitmasks
user1425,brute force
user1425,dp
user1425,sortings
user1425,trees
user1425,binary search
user1425,dfs and similar
user1425,graphs
user1425,dsu
user1425,interactive
user14257,dp
user14257,implementation
user14257,strings
user14257,brute force
user14257,greedy
user14257,sortings
user14257,binary search
user14257,two pointers
user14257,constructive algorithms
user14257,graphs
user14257,math
user14257,number theory
user14257,dfs and similar
user14257,data structures
user14257,combinatorics
user14257,dsu
user14257,trees
user14257,bitmasks
user14257,interactive
user14259,implementation
user14259,greedy
user14259,math
user14259,brute force
user14259,strings
user14259,data structures
user14259,sortings
user14259,constructive algorithms
user14259,dp
user14259,dfs and similar
user14259,binary search
user14259,bitmasks
user14259,graphs
user14259,trees
user14263,greedy
user14263,implementation
user14263,two pointers
user14263,binary search
user14263,brute force
user14263,bitmasks
user14263,constructive algorithms
user14263,math
user14263,data structures
user14263,sortings
user14263,number theory
user14263,dp
user14263,strings
user14263,dfs and similar
user14263,graphs
user14263,dsu
user14263,trees
user14263,combinatorics
user14265,greedy
user14265,math
user14265,constructive algorithms
user14265,implementation
user14265,strings
user14265,binary search
user14265,data structures
user14265,two pointers
user14265,brute force
user14265,dp
user14265,number theory
user14265,dfs and similar
user14265,trees
user14270,dp
user14270,math
user14270,number theory
user14270,sortings
user14270,greedy
user14270,brute force
user14270,graphs
user14270,implementation
user14270,data structures
user14270,bitmasks
user14270,constructive algorithms
user14270,binary search
user14270,combinatorics
user14270,two pointers
user14270,strings
user14270,dsu
user14270,interactive
user14273,implementation
user14273,dp
user14273,constructive algorithms
user14273,math
user14273,sortings
user14273,greedy
user14273,brute force
user14273,dfs and similar
user14273,graphs
user14273,data structures
user14273,strings
user14273,binary search
user14273,combinatorics
user14273,two pointers
user14273,trees
user14275,constructive algorithms
user14275,number theory
user14275,implementation
user14275,math
user14275,combinatorics
user14275,greedy
user14275,brute force
user14275,dp
user14275,two pointers
user14275,data structures
user14275,sortings
user14275,strings
user14275,binary search
user14275,graphs
user14275,trees
user14275,bitmasks
user14275,dfs and similar
user14275,dsu
user14278,constructive algorithms
user14278,greedy
user14278,dp
user14278,implementation
user14278,two pointers
user14278,brute force
user14278,math
user14278,strings
user14278,data structures
user14278,sortings
user14278,trees
user14278,number theory
user14278,binary search
user14278,graphs
user14278,dfs and similar
user14278,dsu
user14278,bitmasks
user14278,combinatorics
user14280,constructive algorithms
user14280,math
user14280,greedy
user14280,sortings
user14280,binary search
user14280,trees
user14280,bitmasks
user14280,brute force
user14280,dfs and similar
user14280,dp
user14280,graphs
user14280,data structures
user14280,implementation
user14280,two pointers
user14280,unk
user14280,dsu
user14280,strings
user14280,combinatorics
user14280,number theory
user14280,interactive
user14282,implementation
user14282,binary search
user14282,constructive algorithms
user14282,dp
user14282,two pointers
user14282,greedy
user14282,math
user14282,number theory
user14282,sortings
user14282,bitmasks
user14282,brute force
user14282,data structures
user14282,strings
user14282,combinatorics
user14282,dsu
user14282,dfs and similar
user14282,graphs
user14282,trees
user14285,dp
user14285,implementation
user14285,math
user14285,greedy
user14285,constructive algorithms
user14285,number theory
user14285,data structures
user14285,brute force
user14285,graphs
user14285,dfs and similar
user14286,brute force
user14286,math
user14286,dp
user14286,greedy
user14286,strings
user14286,sortings
user14286,implementation
user14286,number theory
user14286,data structures
user14286,two pointers
user14286,constructive algorithms
user14286,binary search
user14286,bitmasks
user14286,combinatorics
user14286,unk
user14286,dsu
user14286,interactive
user14287,greedy
user14287,strings
user14287,constructive algorithms
user14287,implementation
user14287,math
user14287,dp
user14287,brute force
user14287,two pointers
user14287,bitmasks
user14287,sortings
user14287,binary search
user14287,data structures
user14287,dsu
user14287,graphs
user14287,number theory
user14287,combinatorics
user14287,dfs and similar
user14287,interactive
user14287,trees
user14290,constructive algorithms
user14290,math
user14290,greedy
user14290,brute force
user14290,implementation
user14290,strings
user14290,sortings
user14290,dp
user14290,number theory
user14290,data structures
user14290,binary search
user14290,bitmasks
user14290,two pointers
user14290,combinatorics
user14290,dsu
user14290,graphs
user14290,trees
user14290,dfs and similar
user14290,unk
user14290,interactive
user14292,binary search
user14292,math
user14292,number theory
user14292,sortings
user14292,two pointers
user14292,implementation
user14292,dp
user14292,data structures
user14292,constructive algorithms
user14292,greedy
user14292,brute force
user14292,strings
user14292,bitmasks
user14292,dfs and similar
user14292,unk
user14292,combinatorics
user14292,graphs
user14292,trees
user14292,interactive
user14292,dsu
user14295,math
user14295,implementation
user14295,constructive algorithms
user14295,greedy
user14295,data structures
user14295,sortings
user14295,brute force
user14295,strings
user14295,two pointers
user14295,bitmasks
user14295,binary search
user14295,number theory
user14295,combinatorics
user14295,dfs and similar
user14295,dp
user14295,trees
user14295,graphs
user14298,implementation
user14298,strings
user14298,constructive algorithms
user14298,data structures
user14298,dp
user14298,greedy
user14298,sortings
user14298,graphs
user14298,bitmasks
user14298,number theory
user14298,math
user14298,binary search
user14298,brute force
user14298,dfs and similar
user14298,dsu
user14298,trees
user14298,two pointers
user14298,combinatorics
user14298,interactive
user1430,brute force
user1430,math
user1430,implementation
user1430,number theory
user1430,combinatorics
user1430,strings
user1430,greedy
user1430,data structures
user1430,sortings
user1430,constructive algorithms
user1430,binary search
user1430,dfs and similar
user1430,graphs
user1430,dp
user1430,two pointers
user1430,bitmasks
user1430,unk
user1430,trees
user1430,dsu
user1430,interactive
user14302,math
user14302,greedy
user14302,sortings
user14302,data structures
user14302,dp
user14302,implementation
user14302,constructive algorithms
user14302,number theory
user14302,strings
user14302,brute force
user14302,dfs and similar
user14302,two pointers
user14302,trees
user14302,graphs
user14302,binary search
user14302,interactive
user14302,bitmasks
user14302,combinatorics
user14302,dsu
user14303,brute force
user14303,greedy
user14303,math
user14303,implementation
user14303,strings
user14303,number theory
user14303,combinatorics
user14303,constructive algorithms
user14303,sortings
user14303,dp
user14303,bitmasks
user14303,binary search
user14303,data structures
user14303,two pointers
user14303,graphs
user14303,dfs and similar
user14303,dsu
user14303,trees
user14305,brute force
user14305,implementation
user14305,strings
user14305,greedy
user14305,math
user14305,sortings
user14305,data structures
user14305,dp
user14305,constructive algorithms
user14305,bitmasks
user14305,binary search
user14305,combinatorics
user14305,number theory
user14305,trees
user14305,graphs
user14305,two pointers
user14305,dsu
user14308,greedy
user14308,implementation
user14308,math
user14308,brute force
user14308,number theory
user14308,constructive algorithms
user14308,strings
user14308,sortings
user14308,dp
user14308,two pointers
user14308,dfs and similar
user14308,graphs
user14308,data structures
user14308,trees
user14308,binary search
user14308,combinatorics
user14308,dsu
user14308,bitmasks
user14308,interactive
user14316,dfs and similar
user14316,graphs
user14316,implementation
user14316,greedy
user14316,math
user14316,bitmasks
user14316,constructive algorithms
user14316,number theory
user14316,trees
user14316,brute force
user14316,data structures
user14316,binary search
user14316,dp
user14316,sortings
user14316,combinatorics
user14316,two pointers
user14316,strings
user14316,dsu
user14316,interactive
user1432,greedy
user1432,implementation
user1432,math
user1432,sortings
user1432,brute force
user1432,strings
user1432,constructive algorithms
user1432,data structures
user1432,binary search
user1432,two pointers
user1432,dp
user1432,dfs and similar
user1432,number theory
user1432,bitmasks
user1432,graphs
user1432,dsu
user1432,combinatorics
user1432,trees
user1432,unk
user1432,interactive
user14324,bitmasks
user14324,implementation
user14324,brute force
user14324,binary search
user14324,greedy
user14324,strings
user14324,constructive algorithms
user14324,math
user14324,number theory
user14324,data structures
user14324,dp
user14324,sortings
user14324,two pointers
user14324,combinatorics
user14324,dsu
user14324,dfs and similar
user14324,graphs
user14324,trees
user14324,interactive
user14325,math
user14325,number theory
user14325,constructive algorithms
user14325,brute force
user14325,combinatorics
user14325,binary search
user14325,implementation
user14325,two pointers
user14325,greedy
user14325,dp
user14325,sortings
user14325,strings
user14325,bitmasks
user14325,data structures
user14325,graphs
user14325,dfs and similar
user14325,unk
user14325,dsu
user14325,trees
user14325,interactive
user14329,brute force
user14329,greedy
user14329,math
user14329,strings
user14329,combinatorics
user14329,number theory
user14329,dp
user14329,implementation
user14329,data structures
user14329,two pointers
user14329,sortings
user14329,constructive algorithms
user14329,binary search
user14329,unk
user14329,bitmasks
user14329,dfs and similar
user14329,graphs
user14329,dsu
user14329,trees
user14329,interactive
user1433,constructive algorithms
user1433,greedy
user1433,implementation
user1433,brute force
user1433,math
user1433,data structures
user1433,number theory
user1433,trees
user1433,dfs and similar
user1433,dp
user14331,strings
user14331,data structures
user14331,math
user14331,sortings
user14331,implementation
user14331,binary search
user14331,constructive algorithms
user14331,brute force
user14331,bitmasks
user14331,greedy
user14331,number theory
user14331,combinatorics
user14331,dfs and similar
user14331,graphs
user14331,dp
user14331,dsu
user14331,trees
user14331,two pointers
user14331,interactive
user14331,unk
user14332,constructive algorithms
user14332,math
user14332,brute force
user14332,greedy
user14332,implementation
user14332,number theory
user14332,sortings
user14332,unk
user14332,bitmasks
user14332,graphs
user14332,strings
user14332,trees
user14332,data structures
user14332,two pointers
user14332,binary search
user14332,dp
user14332,combinatorics
user14332,interactive
user14332,dsu
user14333,math
user14333,brute force
user14333,implementation
user14333,greedy
user14333,dfs and similar
user14333,sortings
user14333,strings
user14333,dp
user14333,number theory
user14333,binary search
user14333,constructive algorithms
user14333,trees
user14333,data structures
user14333,two pointers
user14333,bitmasks
user14334,strings
user14334,constructive algorithms
user14334,greedy
user14334,math
user14334,binary search
user14334,two pointers
user14334,unk
user14334,implementation
user14334,brute force
user14334,number theory
user14334,dp
user14334,data structures
user14334,bitmasks
user14334,sortings
user14334,dfs and similar
user14334,graphs
user14334,trees
user14334,interactive
user14334,combinatorics
user14334,dsu
user14336,constructive algorithms
user14336,data structures
user14336,greedy
user14336,implementation
user14336,math
user14336,binary search
user14336,interactive
user14336,bitmasks
user14336,dp
user14336,number theory
user14336,sortings
user14336,strings
user14336,brute force
user14336,dfs and similar
user14336,graphs
user14336,combinatorics
user14336,dsu
user14336,trees
user14340,implementation
user14340,constructive algorithms
user14340,math
user14340,greedy
user14340,sortings
user14340,brute force
user14340,number theory
user14340,binary search
user14340,two pointers
user14340,dp
user14340,data structures
user14340,graphs
user14340,trees
user14340,dsu
user14340,bitmasks
user14346,dp
user14346,binary search
user14346,bitmasks
user14346,greedy
user14346,data structures
user14346,brute force
user14346,constructive algorithms
user14346,implementation
user14346,combinatorics
user14346,strings
user14346,math
user14346,graphs
user14346,sortings
user14346,trees
user14346,dfs and similar
user14346,two pointers
user14346,number theory
user14346,dsu
user14346,interactive
user14350,data structures
user14350,math
user14350,implementation
user14350,two pointers
user14350,brute force
user14350,strings
user14350,greedy
user14350,constructive algorithms
user14350,dfs and similar
user14350,graphs
user14350,dp
user14350,sortings
user14350,number theory
user14350,trees
user14350,dsu
user14350,bitmasks
user14350,combinatorics
user14350,binary search
user14350,interactive
user14357,dfs and similar
user14357,sortings
user14357,binary search
user14357,brute force
user14357,data structures
user14357,implementation
user14357,math
user14357,number theory
user14357,dp
user14357,greedy
user14357,constructive algorithms
user14357,two pointers
user14358,brute force
user14358,math
user14358,strings
user14358,implementation
user14358,greedy
user14358,sortings
user14358,number theory
user14358,constructive algorithms
user14358,dp
user14358,binary search
user14358,data structures
user14358,dfs and similar
user14358,graphs
user14358,trees
user14358,dsu
user14359,math
user14359,greedy
user14359,implementation
user14359,strings
user14359,brute force
user14359,constructive algorithms
user14359,binary search
user14359,dsu
user14359,graphs
user14359,trees
user14359,two pointers
user14359,number theory
user14359,data structures
user14359,dfs and similar
user14359,dp
user14359,sortings
user14359,combinatorics
user14359,bitmasks
user14359,interactive
user14360,greedy
user14360,implementation
user14360,math
user14360,data structures
user14360,sortings
user14360,number theory
user14360,dp
user14360,two pointers
user14360,bitmasks
user14360,constructive algorithms
user14360,binary search
user14360,unk
user14360,strings
user14360,graphs
user14360,brute force
user14360,dsu
user14360,trees
user14360,combinatorics
user14360,dfs and similar
user14360,interactive
user14361,greedy
user14361,math
user14361,number theory
user14361,combinatorics
user14361,bitmasks
user14361,constructive algorithms
user14361,interactive
user14361,brute force
user14361,dfs and similar
user14361,implementation
user14361,strings
user14361,two pointers
user14361,data structures
user14361,dp
user14361,sortings
user14361,binary search
user14361,dsu
user14361,graphs
user14361,trees
user14362,brute force
user14362,greedy
user14362,math
user14362,implementation
user14362,number theory
user14362,sortings
user14362,constructive algorithms
user14362,binary search
user14362,data structures
user14362,dp
user14362,two pointers
user14362,bitmasks
user14362,unk
user14362,strings
user14362,combinatorics
user14362,trees
user14362,dfs and similar
user14362,dsu
user14362,graphs
user14362,interactive
user14363,brute force
user14363,bitmasks
user14363,constructive algorithms
user14363,sortings
user14363,greedy
user14363,strings
user14363,math
user14363,data structures
user14363,implementation
user14363,two pointers
user14363,dp
user14363,number theory
user14363,binary search
user14363,combinatorics
user14363,graphs
user14363,interactive
user14363,dfs and similar
user14363,trees
user14363,dsu
user14366,greedy
user14366,math
user14366,binary search
user14366,constructive algorithms
user14366,number theory
user14366,implementation
user14366,brute force
user14366,sortings
user14366,strings
user14366,combinatorics
user14366,two pointers
user14366,dp
user14366,data structures
user14366,unk
user14366,bitmasks
user14366,graphs
user14366,dfs and similar
user14366,trees
user14366,dsu
user14366,interactive
user14367,implementation
user14367,constructive algorithms
user14367,strings
user14367,brute force
user14367,math
user14367,greedy
user14367,dp
user14367,sortings
user14367,number theory
user14367,data structures
user14367,binary search
user14367,two pointers
user14367,dfs and similar
user14367,graphs
user14367,bitmasks
user14367,combinatorics
user14367,trees
user14367,dsu
user14367,interactive
user14369,greedy
user14369,math
user14369,number theory
user14369,binary search
user14369,data structures
user14369,dp
user14369,sortings
user14369,two pointers
user14369,constructive algorithms
user14369,brute force
user14369,implementation
user14369,strings
user14369,combinatorics
user14369,graphs
user14369,bitmasks
user14369,dfs and similar
user14369,dsu
user14369,trees
user14369,interactive
user14381,math
user14381,greedy
user14381,implementation
user14381,brute force
user14381,constructive algorithms
user14381,data structures
user14381,number theory
user14381,dp
user14381,binary search
user14381,graphs
user14381,strings
user14381,sortings
user14381,combinatorics
user14381,dfs and similar
user14381,two pointers
user14381,dsu
user14382,constructive algorithms
user14382,greedy
user14382,math
user14382,strings
user14382,binary search
user14382,sortings
user14382,dp
user14382,two pointers
user14382,brute force
user14382,implementation
user14382,data structures
user14382,combinatorics
user14382,bitmasks
user14382,number theory
user14382,unk
user14382,dfs and similar
user14382,dsu
user14382,graphs
user14382,trees
user14382,interactive
user14388,bitmasks
user14388,constructive algorithms
user14388,greedy
user14388,math
user14388,binary search
user14388,brute force
user14388,data structures
user14388,implementation
user14388,sortings
user14388,number theory
user14388,dp
user14388,strings
user14388,trees
user14388,two pointers
user14388,graphs
user14388,dfs and similar
user14389,data structures
user14389,dsu
user14389,sortings
user14389,binary search
user14389,constructive algorithms
user14389,greedy
user14389,implementation
user14389,dfs and similar
user14389,dp
user14389,trees
user14389,graphs
user14389,combinatorics
user14389,brute force
user14389,two pointers
user14389,strings
user14389,math
user14389,bitmasks
user14389,unk
user14389,number theory
user14390,bitmasks
user14390,brute force
user14390,dp
user14390,math
user14390,number theory
user14390,constructive algorithms
user14390,binary search
user14390,greedy
user14390,data structures
user14390,strings
user14390,trees
user14390,implementation
user14390,combinatorics
user14390,sortings
user14390,two pointers
user14390,graphs
user14390,dsu
user14390,dfs and similar
user14390,interactive
user14392,implementation
user14392,math
user14392,strings
user14392,greedy
user14392,brute force
user14392,data structures
user14392,constructive algorithms
user14392,binary search
user14392,number theory
user14392,bitmasks
user14392,sortings
user14392,dp
user14392,graphs
user14392,unk
user14392,combinatorics
user14392,two pointers
user14392,dfs and similar
user14392,dsu
user14392,trees
user14392,interactive
user14396,brute force
user14396,implementation
user14396,strings
user14396,constructive algorithms
user14396,math
user14396,data structures
user14396,greedy
user14396,sortings
user14396,bitmasks
user14396,binary search
user14396,dp
user14396,combinatorics
user14396,two pointers
user14396,number theory
user14396,dfs and similar
user14396,graphs
user14396,trees
user14396,unk
user14396,dsu
user14396,interactive
user14398,greedy
user14398,implementation
user14398,combinatorics
user14398,data structures
user14398,math
user14398,binary search
user14398,two pointers
user14398,sortings
user14398,brute force
user14398,dp
user14398,number theory
user14398,constructive algorithms
user14398,graphs
user14398,strings
user14398,dfs and similar
user14398,trees
user14402,greedy
user14402,strings
user14402,data structures
user14402,implementation
user14402,math
user14402,brute force
user14402,constructive algorithms
user14402,dsu
user14402,graphs
user14402,sortings
user14402,two pointers
user14402,bitmasks
user14402,dp
user14402,number theory
user14402,binary search
user14402,combinatorics
user14402,trees
user14403,math
user14403,brute force
user14403,constructive algorithms
user14403,greedy
user14403,implementation
user14403,dp
user14403,sortings
user14403,two pointers
user14403,data structures
user14403,dfs and similar
user14403,trees
user14403,dsu
user14403,number theory
user14403,binary search
user14403,graphs
user14403,bitmasks
user14404,binary search
user14404,two pointers
user14404,brute force
user14404,combinatorics
user14404,math
user14404,constructive algorithms
user14404,greedy
user14404,data structures
user14404,dp
user14404,implementation
user14404,dfs and similar
user14404,graphs
user14404,trees
user14404,number theory
user14404,sortings
user14404,strings
user14404,bitmasks
user14404,dsu
user14405,data structures
user14405,implementation
user14405,sortings
user14405,greedy
user14405,math
user14405,two pointers
user14405,brute force
user14405,strings
user14405,number theory
user14405,bitmasks
user14405,dfs and similar
user14405,graphs
user14405,dsu
user14405,combinatorics
user14405,binary search
user14405,constructive algorithms
user14405,dp
user14405,interactive
user14405,trees
user14406,math
user14406,greedy
user14406,strings
user14406,data structures
user14406,sortings
user14406,binary search
user14406,brute force
user14406,number theory
user14406,implementation
user14406,dp
user14406,constructive algorithms
user14406,combinatorics
user14406,two pointers
user14406,bitmasks
user14406,graphs
user14406,dfs and similar
user14406,trees
user14406,dsu
user14409,brute force
user14409,implementation
user14409,data structures
user14409,greedy
user14409,sortings
user14409,constructive algorithms
user14409,math
user14409,number theory
user14409,dp
user14409,two pointers
user14409,strings
user14409,bitmasks
user14409,binary search
user14409,combinatorics
user14409,dfs and similar
user14409,dsu
user14409,graphs
user14409,trees
user14410,constructive algorithms
user14410,math
user14410,brute force
user14410,strings
user14410,implementation
user14410,greedy
user14410,sortings
user14410,unk
user14410,number theory
user14410,dp
user14410,dfs and similar
user14410,two pointers
user14410,graphs
user14410,binary search
user14410,data structures
user14410,bitmasks
user14410,combinatorics
user14410,trees
user14410,dsu
user14411,math
user14411,binary search
user14411,implementation
user14411,sortings
user14411,dfs and similar
user14411,dp
user14411,greedy
user14411,two pointers
user14411,brute force
user14411,constructive algorithms
user14411,data structures
user14411,number theory
user14411,combinatorics
user14411,bitmasks
user14411,strings
user14411,trees
user14411,graphs
user14411,dsu
user14411,interactive
user14418,dp
user14418,implementation
user14418,math
user14418,greedy
user14418,constructive algorithms
user14418,bitmasks
user14418,two pointers
user14418,brute force
user14418,binary search
user14418,strings
user14418,sortings
user14418,combinatorics
user14418,number theory
user14418,data structures
user14418,interactive
user14418,dfs and similar
user14418,unk
user14418,trees
user14418,graphs
user14418,dsu
user14421,binary search
user14421,brute force
user14421,math
user14421,greedy
user14421,constructive algorithms
user14421,sortings
user14421,number theory
user14421,bitmasks
user14421,implementation
user14421,data structures
user14421,two pointers
user14421,combinatorics
user14421,strings
user14421,dp
user14421,graphs
user14421,dfs and similar
user14421,dsu
user14421,trees
user14421,interactive
user14423,brute force
user14423,math
user14423,number theory
user14423,combinatorics
user14423,data structures
user14423,trees
user14423,dfs and similar
user14423,graphs
user14423,bitmasks
user14423,binary search
user14423,greedy
user14423,dp
user14423,sortings
user14423,two pointers
user14423,constructive algorithms
user14423,implementation
user14423,strings
user14423,dsu
user14423,interactive
user14425,math
user14425,number theory
user14425,dfs and similar
user14425,dp
user14425,graphs
user14425,greedy
user14425,implementation
user14425,unk
user14425,brute force
user14425,sortings
user14425,bitmasks
user14425,constructive algorithms
user14425,dsu
user14425,trees
user14425,strings
user14425,binary search
user14425,combinatorics
user14425,data structures
user14425,two pointers
user14425,interactive
user14426,greedy
user14426,implementation
user14426,math
user14426,binary search
user14426,two pointers
user14426,sortings
user14426,brute force
user14426,constructive algorithms
user14426,dp
user14426,data structures
user14426,number theory
user14428,bitmasks
user14428,math
user14428,greedy
user14428,combinatorics
user14428,binary search
user14428,number theory
user14428,sortings
user14428,two pointers
user14428,brute force
user14428,implementation
user14428,strings
user14428,data structures
user14428,constructive algorithms
user14428,dp
user14428,interactive
user14428,trees
user14428,dsu
user14428,graphs
user14428,dfs and similar
user14430,implementation
user14430,strings
user14430,constructive algorithms
user14430,greedy
user14430,math
user14430,data structures
user14430,brute force
user14430,sortings
user14430,two pointers
user14430,number theory
user14430,dp
user14430,bitmasks
user14430,binary search
user14430,combinatorics
user14430,dfs and similar
user14430,graphs
user14430,dsu
user14430,interactive
user14430,trees
user14431,brute force
user14431,implementation
user14431,strings
user14431,greedy
user14431,constructive algorithms
user14431,math
user14431,sortings
user14431,number theory
user14431,data structures
user14431,dp
user14431,binary search
user14431,combinatorics
user14431,dfs and similar
user14431,dsu
user14431,graphs
user14431,two pointers
user14431,bitmasks
user14431,trees
user14431,interactive
user14431,unk
user14436,data structures
user14436,implementation
user14436,sortings
user14436,strings
user14436,math
user14436,greedy
user14436,brute force
user14436,two pointers
user14436,constructive algorithms
user14436,number theory
user14436,dfs and similar
user14436,dp
user14436,bitmasks
user14436,binary search
user14436,unk
user14436,graphs
user14436,combinatorics
user14436,trees
user14436,dsu
user14436,interactive
user14440,greedy
user14440,math
user14440,strings
user14440,implementation
user14440,sortings
user14440,combinatorics
user14440,constructive algorithms
user14440,brute force
user14440,dp
user14440,bitmasks
user14440,dfs and similar
user14440,dsu
user14440,graphs
user14440,two pointers
user14440,number theory
user14440,trees
user14440,binary search
user14440,data structures
user14440,unk
user14440,interactive
user14441,constructive algorithms
user14441,implementation
user14441,math
user14441,sortings
user14441,dp
user14441,binary search
user14441,data structures
user14441,greedy
user14441,number theory
user14441,two pointers
user14441,bitmasks
user14441,brute force
user14441,combinatorics
user14441,dfs and similar
user14441,graphs
user14441,trees
user14441,strings
user14441,dsu
user14441,unk
user14441,interactive
user14442,implementation
user14442,strings
user14442,math
user14442,greedy
user14442,brute force
user14442,number theory
user14442,constructive algorithms
user14442,dfs and similar
user14442,graphs
user14442,sortings
user14442,data structures
user14442,two pointers
user14442,combinatorics
user14442,bitmasks
user14442,binary search
user14442,dp
user14442,dsu
user14442,interactive
user14442,trees
user14446,dp
user14446,math
user14446,greedy
user14446,brute force
user14446,data structures
user14446,number theory
user14446,two pointers
user14446,sortings
user14446,implementation
user14446,strings
user14446,constructive algorithms
user14446,graphs
user14446,dfs and similar
user14446,trees
user14446,binary search
user14446,bitmasks
user14446,dsu
user14446,combinatorics
user14447,implementation
user14447,strings
user14447,brute force
user14447,greedy
user14447,math
user14447,sortings
user14447,data structures
user14447,constructive algorithms
user14447,number theory
user14447,dp
user14447,binary search
user14447,combinatorics
user14447,unk
user14447,two pointers
user14447,bitmasks
user14447,trees
user14447,dfs and similar
user14447,graphs
user14447,dsu
user14447,interactive
user14449,greedy
user14449,brute force
user14449,math
user14449,number theory
user14449,implementation
user14449,constructive algorithms
user14449,data structures
user14449,dp
user14449,unk
user14449,combinatorics
user14449,strings
user14449,two pointers
user14449,sortings
user14449,binary search
user14449,bitmasks
user14449,graphs
user14449,dfs and similar
user14449,trees
user14449,dsu
user14449,interactive
user14454,implementation
user14454,strings
user14454,constructive algorithms
user14454,math
user14454,binary search
user14454,data structures
user14454,two pointers
user14454,greedy
user14454,sortings
user14454,brute force
user14454,number theory
user14454,dfs and similar
user14454,graphs
user14454,trees
user14454,combinatorics
user14454,dp
user14454,unk
user14454,dsu
user14454,bitmasks
user14454,interactive
user14457,implementation
user14457,greedy
user14457,math
user14457,number theory
user14457,binary search
user14457,brute force
user14457,dp
user14457,constructive algorithms
user14457,data structures
user14457,trees
user14457,dfs and similar
user14459,binary search
user14459,greedy
user14459,math
user14459,two pointers
user14459,brute force
user14459,data structures
user14459,number theory
user14459,implementation
user14459,constructive algorithms
user14459,strings
user14459,bitmasks
user14459,sortings
user14459,dp
user14459,graphs
user14459,trees
user14459,dfs and similar
user14459,combinatorics
user14459,dsu
user14459,interactive
user1446,brute force
user1446,implementation
user1446,strings
user1446,greedy
user1446,math
user1446,number theory
user1446,constructive algorithms
user1446,unk
user1446,dp
user1446,sortings
user1446,binary search
user1446,two pointers
user1446,combinatorics
user1446,data structures
user1446,bitmasks
user1446,dfs and similar
user1446,graphs
user1446,trees
user1446,interactive
user1446,dsu
user14461,constructive algorithms
user14461,implementation
user14461,math
user14461,sortings
user14461,brute force
user14461,greedy
user14461,number theory
user14461,bitmasks
user14461,combinatorics
user14461,graphs
user14461,binary search
user14461,data structures
user14461,strings
user14461,dp
user14461,two pointers
user14461,dfs and similar
user14461,dsu
user14461,trees
user14464,implementation
user14464,math
user14464,greedy
user14464,strings
user14464,constructive algorithms
user14464,combinatorics
user14464,sortings
user14464,binary search
user14464,number theory
user14464,brute force
user14464,dp
user14464,data structures
user14464,two pointers
user14464,bitmasks
user14464,dfs and similar
user14464,graphs
user14464,unk
user14464,dsu
user14464,trees
user14464,interactive
user14471,dfs and similar
user14471,dp
user14471,greedy
user14471,trees
user14471,constructive algorithms
user14471,math
user14471,brute force
user14471,combinatorics
user14471,data structures
user14471,strings
user14471,bitmasks
user14471,implementation
user14471,binary search
user14471,sortings
user14471,two pointers
user14471,number theory
user14471,unk
user14471,dsu
user14471,graphs
user14471,interactive
user14477,brute force
user14477,constructive algorithms
user14477,implementation
user14477,strings
user14477,math
user14477,greedy
user14477,sortings
user14477,number theory
user14477,bitmasks
user14477,dp
user14477,dfs and similar
user14477,graphs
user14477,trees
user14477,binary search
user14477,data structures
user14477,dsu
user14478,constructive algorithms
user14478,greedy
user14478,dp
user14478,brute force
user14478,math
user14478,number theory
user14478,graphs
user14478,sortings
user14478,implementation
user14478,data structures
user14478,strings
user14478,binary search
user14478,two pointers
user14478,combinatorics
user14478,dfs and similar
user1448,math
user1448,implementation
user1448,greedy
user1448,binary search
user1448,brute force
user1448,data structures
user1448,two pointers
user1448,dp
user14480,math
user14480,brute force
user14480,implementation
user14480,strings
user14480,dp
user14481,greedy
user14481,brute force
user14481,math
user14481,number theory
user14481,implementation
user14481,sortings
user14481,constructive algorithms
user14481,combinatorics
user14481,strings
user14481,data structures
user14481,binary search
user14481,dp
user14481,bitmasks
user14481,two pointers
user14481,dsu
user14481,graphs
user14481,dfs and similar
user14481,trees
user14481,unk
user14481,interactive
user14485,implementation
user14485,greedy
user14485,math
user14485,number theory
user14485,constructive algorithms
user14485,binary search
user14485,brute force
user14485,dp
user14485,strings
user14485,sortings
user14485,two pointers
user14485,data structures
user14485,dfs and similar
user14485,graphs
user14485,trees
user14485,bitmasks
user14485,combinatorics
user14485,interactive
user14485,dsu
user14486,math
user14486,number theory
user14486,implementation
user14486,two pointers
user14486,binary search
user14486,brute force
user14486,dp
user14486,constructive algorithms
user14486,greedy
user14486,sortings
user14486,data structures
user14486,strings
user14486,bitmasks
user14486,combinatorics
user14486,unk
user14486,dfs and similar
user14486,dsu
user14486,graphs
user14486,trees
user14486,interactive
user14489,greedy
user14489,implementation
user14489,brute force
user14489,constructive algorithms
user14489,binary search
user14489,dp
user14489,data structures
user14489,trees
user14489,dsu
user1449,greedy
user1449,math
user1449,constructive algorithms
user1449,data structures
user1449,sortings
user1449,implementation
user1449,brute force
user1449,dp
user1449,binary search
user1449,two pointers
user1449,strings
user1449,dfs and similar
user1449,dsu
user1449,graphs
user1449,number theory
user1449,combinatorics
user1449,trees
user1449,bitmasks
user1449,interactive
user14496,implementation
user14496,constructive algorithms
user14496,math
user14496,greedy
user14496,two pointers
user14496,brute force
user14496,sortings
user14496,strings
user14496,data structures
user14496,bitmasks
user14496,dp
user14496,number theory
user14496,combinatorics
user14496,binary search
user14496,dsu
user14496,unk
user14496,dfs and similar
user14496,graphs
user14498,implementation
user14498,sortings
user14498,greedy
user14498,math
user14498,brute force
user14498,dp
user14498,constructive algorithms
user14498,number theory
user14498,graphs
user14498,binary search
user14498,data structures
user14498,dfs and similar
user14499,greedy
user14499,implementation
user14499,sortings
user14499,math
user14499,number theory
user14499,brute force
user14499,strings
user14499,dp
user14499,constructive algorithms
user14499,unk
user14499,binary search
user14499,two pointers
user14499,bitmasks
user14499,combinatorics
user14499,trees
user14499,data structures
user14499,dfs and similar
user14499,dsu
user14499,graphs
user14499,interactive
user1450,constructive algorithms
user1450,greedy
user1450,math
user1450,dp
user1450,number theory
user1450,brute force
user1450,two pointers
user1450,implementation
user1450,strings
user1450,combinatorics
user1450,dfs and similar
user1450,graphs
user1450,sortings
user1450,binary search
user1450,data structures
user1450,bitmasks
user1450,trees
user1450,dsu
user1450,interactive
user14500,sortings
user14500,greedy
user14500,math
user14500,constructive algorithms
user14500,implementation
user14500,brute force
user14500,strings
user14500,binary search
user14500,dp
user14500,number theory
user14500,two pointers
user14500,combinatorics
user14500,dfs and similar
user14500,graphs
user14500,data structures
user14500,bitmasks
user14500,unk
user14500,dsu
user14500,trees
user14500,interactive
user14501,brute force
user14501,data structures
user14501,dfs and similar
user14501,greedy
user14501,implementation
user14501,trees
user14501,math
user14501,combinatorics
user14501,strings
user14501,two pointers
user14501,constructive algorithms
user14501,unk
user14501,sortings
user14501,binary search
user14501,bitmasks
user14501,dp
user14501,graphs
user14501,number theory
user14501,interactive
user14501,dsu
user14505,constructive algorithms
user14505,math
user14505,greedy
user14505,strings
user14505,implementation
user14505,two pointers
user14505,combinatorics
user14505,brute force
user14505,sortings
user14505,bitmasks
user14505,trees
user14505,number theory
user14505,binary search
user14505,data structures
user14505,dp
user14505,dfs and similar
user14505,dsu
user14505,graphs
user14505,interactive
user14506,implementation
user14506,brute force
user14506,greedy
user14506,math
user14506,number theory
user14506,constructive algorithms
user14506,dfs and similar
user14506,graphs
user14506,strings
user14506,sortings
user14506,two pointers
user14506,dp
user14506,binary search
user14506,data structures
user14506,bitmasks
user14506,combinatorics
user14510,constructive algorithms
user14510,implementation
user14510,math
user14510,data structures
user14510,greedy
user14510,brute force
user14510,number theory
user14510,sortings
user14510,dp
user14510,binary search
user14510,dfs and similar
user14510,trees
user14510,graphs
user14510,dsu
user14510,two pointers
user14510,bitmasks
user14510,strings
user14510,combinatorics
user14511,greedy
user14511,math
user14511,sortings
user14511,binary search
user14511,data structures
user14511,dp
user14511,dsu
user14511,constructive algorithms
user14511,implementation
user14511,strings
user14511,combinatorics
user14511,brute force
user14511,graphs
user14511,trees
user14511,bitmasks
user14511,dfs and similar
user14511,two pointers
user14511,number theory
user14511,unk
user14511,interactive
user14513,implementation
user14513,sortings
user14513,binary search
user14513,math
user14513,number theory
user14513,constructive algorithms
user14513,greedy
user14513,data structures
user14513,two pointers
user14513,bitmasks
user14513,brute force
user14513,strings
user14513,graphs
user14513,combinatorics
user14513,dp
user14513,dfs and similar
user14513,dsu
user14514,greedy
user14514,implementation
user14514,math
user14514,sortings
user14514,brute force
user14514,constructive algorithms
user14514,number theory
user14514,bitmasks
user14514,strings
user14514,data structures
user14514,binary search
user14514,dp
user14514,two pointers
user14514,combinatorics
user14514,trees
user14514,dsu
user14514,graphs
user14514,dfs and similar
user14516,greedy
user14516,implementation
user14516,math
user14516,sortings
user14516,brute force
user14516,number theory
user14516,binary search
user14516,constructive algorithms
user14516,dp
user14516,graphs
user14516,data structures
user14516,two pointers
user14516,bitmasks
user14519,brute force
user14519,dfs and similar
user14519,dp
user14519,implementation
user14519,constructive algorithms
user14519,data structures
user14519,greedy
user14519,bitmasks
user14519,math
user14519,binary search
user14519,graphs
user14519,trees
user14519,sortings
user14519,two pointers
user14519,number theory
user14519,unk
user14519,strings
user14519,combinatorics
user14519,dsu
user14519,interactive
user1453,implementation
user1453,constructive algorithms
user1453,math
user1453,brute force
user1453,combinatorics
user1453,number theory
user1453,greedy
user1453,sortings
user1453,bitmasks
user1453,binary search
user1453,data structures
user1453,two pointers
user1453,graphs
user1453,dfs and similar
user1453,dsu
user1453,dp
user1453,strings
user1453,trees
user1453,interactive
user14531,implementation
user14531,greedy
user14531,constructive algorithms
user14531,math
user14531,brute force
user14531,two pointers
user14531,binary search
user14531,sortings
user14531,strings
user14531,number theory
user14531,dfs and similar
user14531,graphs
user14531,trees
user14531,dsu
user14531,dp
user14531,data structures
user14531,bitmasks
user14531,combinatorics
user14531,interactive
user14533,math
user14535,implementation
user14535,brute force
user14535,binary search
user14535,bitmasks
user14535,combinatorics
user14535,math
user14535,number theory
user14535,constructive algorithms
user14535,dp
user14535,greedy
user14535,sortings
user14535,data structures
user14535,dfs and similar
user14535,graphs
user14535,dsu
user14535,strings
user14535,two pointers
user14535,trees
user14535,interactive
user14538,brute force
user14538,greedy
user14538,math
user14538,implementation
user14538,binary search
user14538,bitmasks
user14538,data structures
user14538,dp
user14538,number theory
user14538,constructive algorithms
user14538,sortings
user14538,strings
user14538,interactive
user14538,two pointers
user14538,combinatorics
user14538,dsu
user14538,dfs and similar
user14538,graphs
user14538,trees
user14543,implementation
user14543,brute force
user14543,data structures
user14543,math
user14543,two pointers
user14543,greedy
user14543,dp
user14543,number theory
user14543,combinatorics
user14543,graphs
user14543,sortings
user14543,binary search
user14543,constructive algorithms
user14543,bitmasks
user14543,trees
user14543,strings
user14543,dsu
user14543,dfs and similar
user14543,unk
user14543,interactive
user14545,greedy
user14545,sortings
user14545,math
user14545,implementation
user14545,number theory
user14545,constructive algorithms
user14545,binary search
user14545,data structures
user14545,brute force
user14545,strings
user14545,bitmasks
user14545,combinatorics
user14545,unk
user14545,two pointers
user14545,dp
user14545,dfs and similar
user14545,graphs
user14545,trees
user14545,dsu
user14545,interactive
user1455,binary search
user1455,brute force
user1455,constructive algorithms
user1455,dsu
user1455,graphs
user1455,greedy
user1455,trees
user1455,two pointers
user1455,implementation
user1455,sortings
user1455,strings
user1455,data structures
user1455,math
user1455,bitmasks
user1455,dfs and similar
user1455,dp
user1455,number theory
user1455,combinatorics
user1455,interactive
user14550,implementation
user14550,math
user14550,greedy
user14550,sortings
user14550,constructive algorithms
user14550,brute force
user14550,dp
user14550,binary search
user14550,data structures
user14550,dfs and similar
user14550,two pointers
user14550,number theory
user14550,graphs
user14550,trees
user14550,dsu
user14560,implementation
user14560,math
user14560,greedy
user14560,constructive algorithms
user14560,brute force
user14560,strings
user14560,sortings
user14560,dp
user14560,binary search
user14560,two pointers
user14560,number theory
user14560,dfs and similar
user14560,graphs
user14560,bitmasks
user14560,combinatorics
user14560,data structures
user14560,trees
user14560,dsu
user14566,implementation
user14566,math
user14566,greedy
user14566,constructive algorithms
user14566,number theory
user14566,brute force
user14566,data structures
user14566,sortings
user14566,strings
user14566,combinatorics
user14566,two pointers
user14566,binary search
user14566,unk
user14566,dp
user14566,bitmasks
user14566,graphs
user14566,dfs and similar
user14566,interactive
user14566,trees
user14566,dsu
user14567,greedy
user14567,math
user14567,bitmasks
user14567,constructive algorithms
user14567,data structures
user14567,dsu
user14567,graphs
user14567,combinatorics
user14567,brute force
user14567,implementation
user14567,sortings
user14567,dp
user14567,two pointers
user14567,dfs and similar
user14567,strings
user14567,binary search
user14567,number theory
user14567,trees
user14567,interactive
user14569,implementation
user14569,constructive algorithms
user14569,sortings
user14569,brute force
user14569,math
user14569,binary search
user14569,greedy
user14569,two pointers
user14569,dp
user14569,combinatorics
user14569,number theory
user14569,dfs and similar
user14569,graphs
user14569,trees
user14569,data structures
user14569,dsu
user14569,bitmasks
user14569,interactive
user14569,strings
user14569,unk
user14570,brute force
user14570,implementation
user14570,data structures
user14570,greedy
user14570,sortings
user14570,binary search
user14570,bitmasks
user14570,dp
user14570,two pointers
user14570,math
user14570,dfs and similar
user14570,constructive algorithms
user14570,trees
user14570,combinatorics
user14570,number theory
user14570,strings
user14570,graphs
user14570,dsu
user14570,interactive
user14571,data structures
user14571,dp
user14571,greedy
user14571,implementation
user14571,math
user14571,number theory
user14571,binary search
user14571,brute force
user14571,graphs
user14571,sortings
user14571,constructive algorithms
user14571,strings
user14571,dfs and similar
user14571,two pointers
user14571,interactive
user14573,math
user14573,dfs and similar
user14573,brute force
user14573,greedy
user14573,implementation
user14573,binary search
user14573,number theory
user14573,data structures
user14573,sortings
user14573,two pointers
user14573,constructive algorithms
user14573,dp
user14573,bitmasks
user14573,interactive
user14573,graphs
user14573,trees
user14578,bitmasks
user14578,constructive algorithms
user14578,math
user14578,greedy
user14578,implementation
user14578,sortings
user14578,brute force
user14578,data structures
user14578,strings
user14578,two pointers
user14578,dp
user14578,combinatorics
user14578,binary search
user14578,number theory
user14578,graphs
user14578,dfs and similar
user14578,dsu
user14578,trees
user14578,interactive
user14587,binary search
user14587,brute force
user14587,data structures
user14587,implementation
user14587,math
user14587,sortings
user14587,greedy
user14587,combinatorics
user14587,two pointers
user14587,number theory
user14587,constructive algorithms
user14587,dp
user14587,strings
user14587,bitmasks
user14587,graphs
user14587,dfs and similar
user14587,dsu
user14587,unk
user14587,trees
user14587,interactive
user14588,data structures
user14588,dfs and similar
user14588,dsu
user14588,graphs
user14588,trees
user14588,bitmasks
user14588,combinatorics
user14588,math
user14588,number theory
user14588,implementation
user14588,dp
user14588,strings
user14588,brute force
user14588,greedy
user14588,binary search
user14588,constructive algorithms
user14588,sortings
user14588,two pointers
user14588,interactive
user14590,math
user14590,implementation
user14590,greedy
user14590,sortings
user14590,strings
user14590,constructive algorithms
user14590,brute force
user14590,number theory
user14590,dp
user14590,data structures
user14590,bitmasks
user14590,binary search
user14590,graphs
user14590,dfs and similar
user14590,trees
user14592,implementation
user14592,strings
user14592,greedy
user14592,sortings
user14592,constructive algorithms
user14592,math
user14592,combinatorics
user14592,brute force
user14592,data structures
user14592,dp
user14592,binary search
user14592,two pointers
user14592,number theory
user14592,dfs and similar
user14592,graphs
user14592,bitmasks
user14592,trees
user14592,dsu
user14592,interactive
user14594,bitmasks
user14594,greedy
user14594,constructive algorithms
user14594,implementation
user14594,math
user14594,sortings
user14594,strings
user14594,brute force
user14594,two pointers
user14594,data structures
user14594,number theory
user14594,binary search
user14594,combinatorics
user14594,dp
user14594,dfs and similar
user14594,graphs
user14594,interactive
user14594,dsu
user14594,trees
user14596,data structures
user14596,dp
user14596,greedy
user14596,brute force
user14596,math
user14596,sortings
user14596,implementation
user14596,two pointers
user14596,constructive algorithms
user14596,strings
user14596,number theory
user14596,graphs
user14596,bitmasks
user14596,binary search
user14596,unk
user14596,combinatorics
user14596,interactive
user14596,dfs and similar
user14596,dsu
user14596,trees
user14598,constructive algorithms
user14598,greedy
user14598,number theory
user14598,implementation
user14598,bitmasks
user14598,math
user14598,sortings
user14598,brute force
user14598,binary search
user14598,dp
user14598,dfs and similar
user14598,graphs
user14598,strings
user14598,data structures
user14598,two pointers
user14598,dsu
user14598,trees
user14598,combinatorics
user14599,constructive algorithms
user14599,math
user14599,implementation
user14599,greedy
user14599,binary search
user14599,strings
user14599,brute force
user14599,dp
user1460,bitmasks
user1460,greedy
user1460,brute force
user1460,data structures
user1460,implementation
user1460,dp
user1460,math
user1460,number theory
user1460,sortings
user1460,strings
user1460,constructive algorithms
user1460,binary search
user1460,combinatorics
user1460,two pointers
user1460,dfs and similar
user1460,trees
user1460,graphs
user1460,dsu
user14601,greedy
user14601,strings
user14601,constructive algorithms
user14601,math
user14601,implementation
user14601,dsu
user14601,graphs
user14601,trees
user14601,number theory
user14601,dfs and similar
user14601,brute force
user14601,dp
user14601,binary search
user14601,data structures
user14601,bitmasks
user14601,combinatorics
user14601,sortings
user14601,two pointers
user14601,interactive
user14604,brute force
user14604,dfs and similar
user14604,dp
user14604,implementation
user14604,greedy
user14604,math
user14604,number theory
user14604,data structures
user14604,sortings
user14604,constructive algorithms
user14604,binary search
user14604,graphs
user14604,bitmasks
user14604,dsu
user14604,two pointers
user14604,trees
user14605,constructive algorithms
user14605,math
user14605,greedy
user14605,implementation
user14605,sortings
user14605,brute force
user14605,dp
user14605,dfs and similar
user14605,strings
user14605,data structures
user14605,binary search
user14605,graphs
user14605,two pointers
user14605,number theory
user14605,bitmasks
user14605,combinatorics
user14605,trees
user14609,greedy
user14609,implementation
user14609,math
user14609,brute force
user14609,constructive algorithms
user14609,sortings
user14609,two pointers
user14609,dp
user14609,strings
user14609,binary search
user14609,data structures
user14609,graphs
user14609,dfs and similar
user14609,number theory
user14612,brute force
user14612,constructive algorithms
user14612,math
user14612,dp
user14612,number theory
user14612,greedy
user14612,trees
user14612,data structures
user14612,dsu
user14612,implementation
user14612,binary search
user14612,graphs
user14612,sortings
user14612,strings
user14612,combinatorics
user14612,two pointers
user14612,bitmasks
user14612,dfs and similar
user14613,greedy
user14613,strings
user14613,implementation
user14613,math
user14613,dp
user14613,brute force
user14613,constructive algorithms
user14613,two pointers
user14613,data structures
user14613,sortings
user14613,bitmasks
user14613,binary search
user14613,number theory
user14613,unk
user14613,dfs and similar
user14613,graphs
user14613,trees
user14613,combinatorics
user14613,interactive
user14613,dsu
user14615,greedy
user14615,implementation
user14615,sortings
user14615,unk
user14615,math
user14615,binary search
user14615,constructive algorithms
user14615,data structures
user14615,dp
user14615,two pointers
user14615,dfs and similar
user14615,strings
user14615,bitmasks
user14615,brute force
user14615,graphs
user14615,trees
user14615,dsu
user14615,combinatorics
user14615,interactive
user14615,number theory
user14617,dfs and similar
user14617,implementation
user14617,math
user14617,brute force
user14617,greedy
user14617,constructive algorithms
user14617,sortings
user14622,greedy
user14622,strings
user14622,constructive algorithms
user14622,sortings
user14622,binary search
user14622,dp
user14622,math
user14622,number theory
user14622,implementation
user14622,brute force
user14622,combinatorics
user14622,dfs and similar
user14622,graphs
user14622,dsu
user14622,bitmasks
user14622,two pointers
user14622,data structures
user14622,trees
user14625,binary search
user14625,greedy
user14625,sortings
user14625,brute force
user14625,data structures
user14625,bitmasks
user14625,constructive algorithms
user14625,two pointers
user14625,implementation
user14625,strings
user14625,math
user14625,dfs and similar
user14625,graphs
user14625,trees
user14625,interactive
user14625,combinatorics
user14625,dp
user14625,dsu
user14625,number theory
user14625,unk
user14626,binary search
user14626,math
user14626,brute force
user14626,implementation
user14626,two pointers
user14626,greedy
user14626,strings
user14626,sortings
user14626,data structures
user14626,dp
user14626,constructive algorithms
user14626,bitmasks
user14626,number theory
user14626,dsu
user14626,graphs
user14626,dfs and similar
user14626,trees
user14626,unk
user14626,combinatorics
user14626,interactive
user1463,brute force
user1463,math
user1463,strings
user1463,implementation
user1463,greedy
user1463,sortings
user1463,binary search
user1463,number theory
user1463,constructive algorithms
user1463,dp
user1463,data structures
user1463,graphs
user1463,dfs and similar
user14635,data structures
user14635,dsu
user14635,greedy
user14635,implementation
user14635,binary search
user14635,dp
user14635,two pointers
user14635,strings
user14635,dfs and similar
user14635,graphs
user14635,constructive algorithms
user14635,math
user14635,sortings
user14635,brute force
user14635,number theory
user14635,combinatorics
user14635,bitmasks
user14635,trees
user14638,constructive algorithms
user14638,math
user14638,brute force
user14638,greedy
user14638,implementation
user14638,binary search
user14638,data structures
user14638,two pointers
user14638,strings
user14638,sortings
user14638,number theory
user14638,dp
user14638,dfs and similar
user14638,graphs
user14638,dsu
user14638,combinatorics
user14638,bitmasks
user14638,unk
user14638,interactive
user14639,constructive algorithms
user14639,implementation
user14639,brute force
user14639,math
user14639,dp
user14639,greedy
user14639,strings
user14639,sortings
user14639,data structures
user14639,two pointers
user14639,binary search
user14641,implementation
user14641,bitmasks
user14641,constructive algorithms
user14641,sortings
user14641,greedy
user14641,strings
user14641,dfs and similar
user14641,number theory
user14641,trees
user14641,brute force
user14641,dp
user14641,math
user14641,dsu
user14641,graphs
user14641,data structures
user14641,binary search
user14641,two pointers
user14641,combinatorics
user14647,greedy
user14647,math
user14647,number theory
user14647,graphs
user14647,brute force
user14647,sortings
user14647,constructive algorithms
user14647,implementation
user14647,combinatorics
user14647,data structures
user14647,dp
user14647,bitmasks
user14647,binary search
user14647,strings
user14647,dsu
user14647,dfs and similar
user14647,two pointers
user14647,trees
user14651,brute force
user14651,greedy
user14651,math
user14651,constructive algorithms
user14651,implementation
user14651,strings
user14651,data structures
user14651,sortings
user14651,two pointers
user14651,combinatorics
user14651,number theory
user14651,dp
user14651,bitmasks
user14651,dfs and similar
user14651,graphs
user14651,binary search
user14651,dsu
user14651,unk
user14651,trees
user14651,interactive
user14654,dp
user14654,greedy
user14654,bitmasks
user14654,constructive algorithms
user14654,interactive
user14654,math
user14654,binary search
user14654,data structures
user14654,dfs and similar
user14654,number theory
user14654,sortings
user14654,implementation
user14654,trees
user14654,strings
user14654,brute force
user14654,combinatorics
user14654,two pointers
user14654,graphs
user14654,dsu
user14655,greedy
user14655,implementation
user14655,math
user14655,brute force
user14655,sortings
user14655,number theory
user14655,constructive algorithms
user14655,dsu
user14655,strings
user14655,combinatorics
user14655,binary search
user14655,data structures
user14655,two pointers
user14655,dp
user14655,bitmasks
user14655,dfs and similar
user14655,graphs
user14655,unk
user14655,interactive
user14655,trees
user14656,data structures
user14656,implementation
user14656,binary search
user14656,greedy
user14656,math
user14656,bitmasks
user14656,brute force
user14656,strings
user14656,constructive algorithms
user14656,graphs
user14656,number theory
user14656,combinatorics
user14656,sortings
user14656,dfs and similar
user14656,two pointers
user14656,trees
user14656,dp
user1466,greedy
user1466,implementation
user1466,strings
user1466,constructive algorithms
user1466,data structures
user1466,dp
user1466,sortings
user1466,math
user1466,brute force
user1466,number theory
user1466,graphs
user1466,bitmasks
user1466,binary search
user1466,dfs and similar
user1466,dsu
user1466,combinatorics
user1466,trees
user1466,two pointers
user14661,constructive algorithms
user14661,greedy
user14661,data structures
user14661,implementation
user14661,brute force
user14661,strings
user14661,sortings
user14661,math
user14661,dp
user14661,number theory
user14661,binary search
user14661,two pointers
user14661,interactive
user14661,combinatorics
user14661,dfs and similar
user14661,dsu
user14661,graphs
user14661,trees
user14661,unk
user14661,bitmasks
user14663,constructive algorithms
user14663,greedy
user14663,math
user14663,brute force
user14663,sortings
user14663,data structures
user14663,binary search
user14663,implementation
user14663,strings
user14663,number theory
user14663,two pointers
user14663,dfs and similar
user14663,graphs
user14663,trees
user14663,combinatorics
user14663,dp
user14663,bitmasks
user14663,dsu
user14663,interactive
user14664,brute force
user14664,implementation
user14664,sortings
user14664,math
user14664,constructive algorithms
user14664,greedy
user14664,dp
user14664,number theory
user14664,graphs
user14664,dsu
user14664,binary search
user14664,combinatorics
user14664,data structures
user14664,trees
user14664,dfs and similar
user1467,brute force
user1467,math
user1467,strings
user1467,greedy
user1467,dp
user1467,implementation
user1467,binary search
user1467,sortings
user1467,number theory
user1467,constructive algorithms
user1467,graphs
user1467,data structures
user1467,two pointers
user1467,bitmasks
user1467,trees
user14670,implementation
user14670,greedy
user14670,number theory
user14670,brute force
user14670,data structures
user14670,binary search
user14670,math
user14670,strings
user14670,constructive algorithms
user14670,dp
user14670,bitmasks
user14670,dfs and similar
user14670,graphs
user14670,combinatorics
user14670,trees
user14670,dsu
user14681,brute force
user14681,greedy
user14681,math
user14681,implementation
user14681,constructive algorithms
user14681,sortings
user14681,data structures
user14681,dp
user14681,binary search
user14681,two pointers
user14684,constructive algorithms
user14684,greedy
user14684,number theory
user14684,implementation
user14684,brute force
user14684,math
user14684,dp
user14684,two pointers
user14684,unk
user14684,data structures
user14684,sortings
user14684,strings
user14684,combinatorics
user14684,bitmasks
user14684,binary search
user14684,dsu
user14684,interactive
user14684,dfs and similar
user14684,trees
user14684,graphs
user14686,implementation
user14686,math
user14686,binary search
user14686,two pointers
user14686,greedy
user14686,sortings
user14686,brute force
user14686,dp
user14686,strings
user14686,data structures
user14686,number theory
user14686,constructive algorithms
user14686,dfs and similar
user14686,trees
user14686,combinatorics
user14686,graphs
user14686,bitmasks
user14686,dsu
user14686,interactive
user14687,greedy
user14687,math
user14687,bitmasks
user14687,constructive algorithms
user14687,brute force
user14687,implementation
user14687,sortings
user14687,unk
user14687,dp
user14687,number theory
user14687,combinatorics
user14687,binary search
user14687,two pointers
user14687,dfs and similar
user14687,graphs
user14687,data structures
user14687,strings
user14687,interactive
user14687,dsu
user14687,trees
user14688,implementation
user14688,math
user14688,brute force
user14688,constructive algorithms
user14688,graphs
user14688,greedy
user14688,number theory
user14688,sortings
user14688,combinatorics
user14688,strings
user14688,two pointers
user14688,binary search
user14688,data structures
user14688,dsu
user14688,bitmasks
user14688,dp
user14688,dfs and similar
user14688,trees
user14688,interactive
user14690,greedy
user14690,implementation
user14690,constructive algorithms
user14690,number theory
user14690,sortings
user14690,math
user14690,binary search
user14690,two pointers
user14690,bitmasks
user14690,dfs and similar
user14690,combinatorics
user14690,brute force
user14690,data structures
user14690,dp
user14690,dsu
user14690,graphs
user14690,trees
user14690,strings
user14690,interactive
user14692,brute force
user14692,math
user14692,data structures
user14692,implementation
user14692,constructive algorithms
user14692,greedy
user14692,binary search
user14692,number theory
user14692,sortings
user14692,strings
user14692,two pointers
user14692,dp
user14692,bitmasks
user14692,graphs
user14692,interactive
user14692,unk
user14692,combinatorics
user14692,dfs and similar
user14692,trees
user14692,dsu
user14693,dp
user14693,greedy
user14693,math
user14693,graphs
user14693,brute force
user14693,implementation
user14693,sortings
user14693,strings
user14693,dfs and similar
user14693,two pointers
user14693,data structures
user14693,constructive algorithms
user14693,binary search
user14693,combinatorics
user14693,bitmasks
user14693,trees
user14694,brute force
user14694,constructive algorithms
user14694,dfs and similar
user14694,graphs
user14694,greedy
user14694,implementation
user14694,math
user14694,bitmasks
user14694,binary search
user14694,data structures
user14694,sortings
user14694,dp
user14694,combinatorics
user14694,number theory
user14694,two pointers
user14694,strings
user14694,dsu
user14694,trees
user14694,interactive
user14696,constructive algorithms
user14696,math
user14696,brute force
user14696,greedy
user14696,dp
user14696,sortings
user14696,implementation
user14696,data structures
user14696,number theory
user14696,two pointers
user14696,strings
user14696,binary search
user14696,combinatorics
user14696,dfs and similar
user14696,graphs
user14696,bitmasks
user14696,unk
user14696,dsu
user14696,trees
user14696,interactive
user14697,binary search
user14697,constructive algorithms
user14697,greedy
user14697,math
user14697,data structures
user14697,implementation
user14697,strings
user14697,brute force
user14697,dp
user14697,bitmasks
user14697,graphs
user14697,two pointers
user14697,dfs and similar
user14697,interactive
user14697,dsu
user14700,implementation
user14700,math
user14700,greedy
user14700,strings
user14700,brute force
user14700,sortings
user14700,combinatorics
user14700,dp
user14700,constructive algorithms
user14700,number theory
user14700,data structures
user14700,graphs
user14700,two pointers
user14700,bitmasks
user14700,dfs and similar
user14700,trees
user14700,binary search
user14700,interactive
user14700,dsu
user14709,implementation
user14709,constructive algorithms
user14709,math
user14709,binary search
user14709,sortings
user14709,dfs and similar
user14709,number theory
user14709,bitmasks
user14709,brute force
user14709,greedy
user14709,strings
user14709,data structures
user14709,dp
user14709,dsu
user14709,trees
user14709,graphs
user14709,combinatorics
user14709,two pointers
user14709,unk
user14709,interactive
user14710,greedy
user14710,math
user14710,implementation
user14710,dp
user14710,constructive algorithms
user14710,strings
user14710,brute force
user14710,combinatorics
user14710,data structures
user14710,two pointers
user14710,binary search
user14710,sortings
user14710,number theory
user14710,graphs
user14710,dfs and similar
user14710,bitmasks
user14710,trees
user14710,dsu
user14711,constructive algorithms
user14711,sortings
user14711,brute force
user14711,math
user14711,greedy
user14711,dp
user14711,implementation
user14711,binary search
user14711,two pointers
user14711,strings
user14711,data structures
user14711,bitmasks
user14711,number theory
user14711,dfs and similar
user14711,trees
user14711,combinatorics
user14711,dsu
user14711,graphs
user14711,interactive
user14713,constructive algorithms
user14713,math
user14713,combinatorics
user14713,implementation
user14713,strings
user14713,greedy
user14713,data structures
user14713,sortings
user14713,binary search
user14713,two pointers
user14713,brute force
user14713,number theory
user14713,dp
user14713,dfs and similar
user14713,dsu
user14713,graphs
user14713,bitmasks
user14713,trees
user14713,interactive
user14714,math
user14714,bitmasks
user14714,greedy
user14714,two pointers
user14714,constructive algorithms
user14714,binary search
user14714,data structures
user14714,implementation
user14714,sortings
user14714,strings
user14714,brute force
user14714,number theory
user14714,combinatorics
user14714,dfs and similar
user14714,dsu
user14714,graphs
user14714,dp
user14714,trees
user14714,interactive
user14715,brute force
user14715,greedy
user14715,math
user14715,number theory
user14715,data structures
user14715,implementation
user14715,constructive algorithms
user14715,strings
user14715,bitmasks
user14715,sortings
user14715,binary search
user14715,two pointers
user14715,dp
user14715,dfs and similar
user14715,combinatorics
user14715,dsu
user14715,graphs
user14715,trees
user14715,interactive
user14718,brute force
user14718,greedy
user14718,math
user14718,strings
user14718,implementation
user14718,dp
user14718,bitmasks
user14718,interactive
user14718,binary search
user14718,constructive algorithms
user14718,unk
user14718,dfs and similar
user14718,graphs
user14718,trees
user14718,data structures
user14718,number theory
user14718,sortings
user14718,combinatorics
user14718,two pointers
user14718,dsu
user14724,binary search
user14724,implementation
user14724,math
user14724,number theory
user14724,dfs and similar
user14724,dp
user14724,greedy
user14724,sortings
user14724,two pointers
user14724,brute force
user14724,bitmasks
user14724,constructive algorithms
user14724,strings
user14724,data structures
user14724,trees
user14724,unk
user14724,combinatorics
user14724,dsu
user14724,graphs
user14724,interactive
user14725,bitmasks
user14725,greedy
user14725,combinatorics
user14725,dp
user14725,math
user14725,implementation
user14725,constructive algorithms
user14725,binary search
user14725,brute force
user14725,number theory
user14725,sortings
user14725,strings
user14725,two pointers
user14725,dfs and similar
user14725,data structures
user14725,dsu
user14725,graphs
user14725,trees
user14725,interactive
user14726,brute force
user14726,data structures
user14726,implementation
user14726,math
user14726,strings
user14726,greedy
user14726,two pointers
user14726,dp
user14726,sortings
user14726,number theory
user14726,constructive algorithms
user14726,binary search
user14726,bitmasks
user14726,combinatorics
user14729,brute force
user14729,greedy
user14729,sortings
user14729,implementation
user14729,strings
user14729,constructive algorithms
user14729,combinatorics
user14729,math
user14729,two pointers
user14729,number theory
user14729,data structures
user14729,unk
user14729,binary search
user14729,bitmasks
user14729,dp
user14729,dfs and similar
user14729,dsu
user14729,graphs
user14729,trees
user14730,greedy
user14730,implementation
user14730,math
user14730,dfs and similar
user14730,sortings
user14730,brute force
user14730,constructive algorithms
user14730,strings
user14730,two pointers
user14730,combinatorics
user14730,number theory
user14730,dp
user14730,binary search
user14730,bitmasks
user14730,data structures
user14730,trees
user14730,graphs
user14730,dsu
user14730,interactive
user14732,brute force
user14732,data structures
user14732,implementation
user14732,greedy
user14732,math
user14732,number theory
user14732,constructive algorithms
user14732,two pointers
user14732,sortings
user14732,binary search
user14732,strings
user14732,bitmasks
user14732,dp
user14732,trees
user14732,dfs and similar
user14732,graphs
user14732,combinatorics
user14734,greedy
user14734,strings
user14734,bitmasks
user14734,brute force
user14734,constructive algorithms
user14734,dp
user14734,implementation
user14734,binary search
user14734,sortings
user14734,two pointers
user14734,math
user14734,dfs and similar
user14734,trees
user14734,combinatorics
user14734,data structures
user14734,graphs
user14734,dsu
user14734,number theory
user14734,interactive
user14740,dp
user14740,implementation
user14740,math
user14740,greedy
user14740,unk
user14740,binary search
user14740,strings
user14740,constructive algorithms
user14740,two pointers
user14740,brute force
user14740,data structures
user14740,sortings
user14740,combinatorics
user14740,number theory
user14740,bitmasks
user14740,graphs
user14740,trees
user14740,dfs and similar
user14740,dsu
user14740,interactive
user14744,implementation
user14744,data structures
user14744,strings
user14744,brute force
user14744,dp
user14744,greedy
user14744,sortings
user14744,bitmasks
user14744,binary search
user14744,graphs
user14744,combinatorics
user14744,math
user14744,two pointers
user14744,constructive algorithms
user14744,number theory
user14744,dsu
user14744,dfs and similar
user14744,trees
user14744,interactive
user14744,unk
user14746,constructive algorithms
user14746,number theory
user14746,greedy
user14746,implementation
user14746,math
user14746,sortings
user14746,data structures
user14746,brute force
user14746,dp
user14746,strings
user14746,dsu
user14746,bitmasks
user14746,dfs and similar
user14746,graphs
user14746,binary search
user14746,two pointers
user14746,trees
user14746,interactive
user1475,math
user1475,number theory
user1475,brute force
user1475,greedy
user1475,implementation
user1475,strings
user1475,constructive algorithms
user1475,binary search
user1475,sortings
user1475,dp
user1475,bitmasks
user1475,data structures
user1475,two pointers
user1475,combinatorics
user1475,graphs
user14755,greedy
user14755,implementation
user14755,brute force
user14755,math
user14755,constructive algorithms
user14755,strings
user14755,dp
user14755,sortings
user14755,bitmasks
user14755,data structures
user14755,unk
user14755,binary search
user14755,number theory
user14755,combinatorics
user14755,two pointers
user14755,graphs
user14755,dsu
user14755,dfs and similar
user14755,trees
user14756,data structures
user14756,implementation
user14756,math
user14756,brute force
user14756,dp
user14756,greedy
user14756,sortings
user14756,graphs
user14756,combinatorics
user14756,unk
user14756,constructive algorithms
user14756,bitmasks
user14756,dfs and similar
user14756,strings
user14756,trees
user14756,number theory
user14756,binary search
user14756,two pointers
user14756,dsu
user14756,interactive
user14759,brute force
user14759,math
user14759,implementation
user14759,dfs and similar
user14759,sortings
user14759,strings
user14759,greedy
user14759,data structures
user14759,trees
user14759,constructive algorithms
user14759,binary search
user14759,graphs
user14759,dp
user14759,two pointers
user14759,number theory
user14759,combinatorics
user14759,unk
user14759,bitmasks
user14759,dsu
user14766,brute force
user14766,greedy
user14766,dp
user14766,math
user14766,number theory
user14766,constructive algorithms
user14766,sortings
user14766,implementation
user14766,data structures
user14766,strings
user14766,binary search
user14766,two pointers
user14768,data structures
user14768,math
user14768,constructive algorithms
user14768,brute force
user14768,implementation
user14768,strings
user14768,sortings
user14768,binary search
user14768,greedy
user14768,dp
user14768,two pointers
user14768,dfs and similar
user14768,graphs
user14768,bitmasks
user14768,dsu
user14768,trees
user14768,number theory
user14768,combinatorics
user14772,implementation
user14772,constructive algorithms
user14772,greedy
user14772,math
user14772,unk
user14772,brute force
user14772,sortings
user14772,strings
user14772,bitmasks
user14772,data structures
user14772,two pointers
user14772,dp
user14772,combinatorics
user14772,trees
user14772,graphs
user14772,dsu
user14772,number theory
user14772,binary search
user14772,dfs and similar
user14772,interactive
user14775,math
user14775,greedy
user14775,brute force
user14775,sortings
user14775,data structures
user14775,implementation
user14775,graphs
user14775,constructive algorithms
user14775,number theory
user14775,strings
user14775,dfs and similar
user14775,binary search
user14775,combinatorics
user14775,dp
user14775,trees
user14775,interactive
user14775,bitmasks
user14775,two pointers
user14775,dsu
user14778,binary search
user14778,sortings
user14778,brute force
user14778,greedy
user14778,math
user14778,implementation
user14778,trees
user14778,constructive algorithms
user14778,dfs and similar
user14778,combinatorics
user14778,number theory
user14778,strings
user14778,dp
user14778,two pointers
user14778,graphs
user14778,dsu
user14778,data structures
user14778,bitmasks
user14778,interactive
user14779,dfs and similar
user14779,dp
user14779,graphs
user14779,greedy
user14779,implementation
user14779,trees
user14779,constructive algorithms
user14779,math
user14779,number theory
user14779,binary search
user14779,brute force
user14779,data structures
user14779,bitmasks
user14779,combinatorics
user14779,unk
user14779,sortings
user14779,dsu
user14779,two pointers
user14779,strings
user14779,interactive
user14789,binary search
user14789,bitmasks
user14789,dp
user14789,data structures
user14789,math
user14789,implementation
user14789,sortings
user14789,greedy
user14789,number theory
user14789,brute force
user14789,combinatorics
user14789,strings
user14789,constructive algorithms
user14789,two pointers
user14789,dfs and similar
user14789,graphs
user14789,trees
user14789,dsu
user14789,interactive
user1479,greedy
user1479,sortings
user1479,two pointers
user1479,implementation
user1479,math
user1479,dp
user1479,strings
user1479,constructive algorithms
user1479,binary search
user1479,data structures
user1479,number theory
user1479,unk
user1479,brute force
user1479,bitmasks
user1479,combinatorics
user1479,dfs and similar
user1479,graphs
user1479,interactive
user1479,trees
user1479,dsu
user1480,combinatorics
user1480,math
user1480,two pointers
user1480,dfs and similar
user1480,dp
user1480,graphs
user1480,trees
user1480,implementation
user1480,greedy
user1480,sortings
user1480,binary search
user1480,number theory
user1480,brute force
user1480,unk
user1480,strings
user1480,data structures
user1480,bitmasks
user1480,constructive algorithms
user1480,interactive
user1480,dsu
user14803,greedy
user14803,implementation
user14803,strings
user14803,two pointers
user14803,brute force
user14803,unk
user14803,data structures
user14803,math
user14803,constructive algorithms
user14803,graphs
user14803,sortings
user14803,bitmasks
user14803,dfs and similar
user14803,dp
user14803,number theory
user14803,trees
user14803,binary search
user14803,combinatorics
user14803,dsu
user14803,interactive
user14804,math
user14804,constructive algorithms
user14804,brute force
user14804,dp
user14804,greedy
user14804,implementation
user14804,strings
user14804,sortings
user14804,number theory
user14804,binary search
user14804,combinatorics
user14804,data structures
user14804,unk
user14804,bitmasks
user14804,two pointers
user14804,dfs and similar
user14804,graphs
user14804,dsu
user14804,interactive
user14807,greedy
user14807,implementation
user14807,math
user14807,sortings
user14807,binary search
user14807,brute force
user14807,dp
user14807,number theory
user14807,constructive algorithms
user14807,strings
user14807,bitmasks
user14807,data structures
user14807,two pointers
user14807,combinatorics
user14807,interactive
user14811,greedy
user14811,implementation
user14811,math
user14811,brute force
user14811,dp
user14811,sortings
user14811,constructive algorithms
user14811,binary search
user14811,data structures
user14811,graphs
user14811,strings
user14811,number theory
user14811,combinatorics
user14811,two pointers
user14811,dfs and similar
user14811,trees
user14811,dsu
user14811,interactive
user14813,dp
user14813,implementation
user14813,strings
user14813,greedy
user14813,sortings
user14813,constructive algorithms
user14813,math
user14813,number theory
user14813,two pointers
user14813,brute force
user14813,dfs and similar
user14813,graphs
user14813,bitmasks
user14813,data structures
user14813,binary search
user14813,interactive
user14818,bitmasks
user14818,constructive algorithms
user14818,greedy
user14818,implementation
user14818,combinatorics
user14818,dp
user14818,math
user14818,binary search
user14818,sortings
user14818,two pointers
user14818,data structures
user14818,graphs
user14818,brute force
user14818,dfs and similar
user14818,unk
user14818,number theory
user14818,dsu
user14818,trees
user14818,strings
user14818,interactive
user14821,implementation
user14821,brute force
user14821,math
user14821,strings
user14821,greedy
user14821,data structures
user14821,dp
user14821,binary search
user14821,two pointers
user14821,constructive algorithms
user14821,number theory
user14821,sortings
user14821,graphs
user14821,trees
user14821,dfs and similar
user14821,combinatorics
user14821,interactive
user14827,implementation
user14827,data structures
user14827,greedy
user14827,sortings
user14827,dfs and similar
user14827,brute force
user14827,dp
user14827,math
user14827,number theory
user14827,constructive algorithms
user14827,binary search
user14827,two pointers
user14827,bitmasks
user14827,graphs
user14827,trees
user14827,strings
user14829,dfs and similar
user14829,implementation
user14829,data structures
user14829,math
user14829,strings
user14829,greedy
user14829,two pointers
user14829,sortings
user14829,brute force
user14829,binary search
user14829,number theory
user14829,constructive algorithms
user14829,trees
user14829,bitmasks
user14829,interactive
user14829,dp
user14829,graphs
user14829,combinatorics
user14829,dsu
user1483,constructive algorithms
user1483,implementation
user1483,math
user1483,brute force
user1483,greedy
user1483,dp
user1483,strings
user1483,sortings
user1483,bitmasks
user1483,two pointers
user1483,dfs and similar
user1483,binary search
user1483,combinatorics
user1483,number theory
user1483,data structures
user1483,dsu
user1483,graphs
user1483,trees
user1483,unk
user1483,interactive
user14830,implementation
user14830,sortings
user14830,greedy
user14830,strings
user14830,data structures
user14830,math
user14830,brute force
user14830,number theory
user14830,constructive algorithms
user14830,binary search
user14830,bitmasks
user14830,dp
user14830,dfs and similar
user14830,graphs
user14830,combinatorics
user14830,interactive
user14831,constructive algorithms
user14831,math
user14831,number theory
user14831,data structures
user14831,implementation
user14831,greedy
user14831,brute force
user14831,strings
user14831,sortings
user14831,dfs and similar
user14831,dp
user14831,combinatorics
user14831,bitmasks
user14831,binary search
user14831,two pointers
user14831,trees
user14831,dsu
user14831,interactive
user14831,graphs
user14834,constructive algorithms
user14834,math
user14834,implementation
user14834,strings
user14834,greedy
user14834,combinatorics
user14834,brute force
user14834,sortings
user14834,number theory
user14834,data structures
user14834,bitmasks
user14834,dfs and similar
user14834,dp
user14834,dsu
user14834,graphs
user14834,two pointers
user14834,binary search
user14834,trees
user14839,greedy
user14839,math
user14839,brute force
user14839,constructive algorithms
user14839,dfs and similar
user14839,dsu
user14839,graphs
user14839,implementation
user14839,sortings
user14839,trees
user14839,dp
user14839,number theory
user14839,strings
user14839,binary search
user14839,data structures
user14839,two pointers
user14839,combinatorics
user14839,bitmasks
user14839,interactive
user14839,unk
user14841,implementation
user14841,strings
user14841,brute force
user14841,math
user14841,greedy
user14841,constructive algorithms
user14841,sortings
user14841,dp
user14841,binary search
user14841,number theory
user14841,data structures
user14841,two pointers
user14841,combinatorics
user14841,graphs
user14845,greedy
user14845,sortings
user14845,constructive algorithms
user14845,math
user14845,brute force
user14845,implementation
user14845,strings
user14845,two pointers
user14845,combinatorics
user14845,number theory
user14845,unk
user14845,binary search
user14845,data structures
user14845,dp
user14845,bitmasks
user14845,dfs and similar
user14845,trees
user14845,dsu
user14845,graphs
user14845,interactive
user14847,greedy
user14847,implementation
user14847,sortings
user14847,binary search
user14847,math
user14847,number theory
user14847,constructive algorithms
user14847,brute force
user14847,two pointers
user14847,unk
user14847,dp
user14847,strings
user14847,data structures
user14847,interactive
user14848,implementation
user14848,sortings
user14848,constructive algorithms
user14848,greedy
user14848,math
user14848,dp
user14848,strings
user14848,dfs and similar
user14848,graphs
user14848,trees
user14848,number theory
user14848,brute force
user14848,bitmasks
user14848,binary search
user14848,data structures
user14848,two pointers
user14848,combinatorics
user14848,dsu
user14849,greedy
user14849,bitmasks
user14849,brute force
user14849,math
user14849,constructive algorithms
user14849,dp
user14849,implementation
user14849,number theory
user14849,dfs and similar
user14849,graphs
user14849,unk
user14849,data structures
user14849,sortings
user14849,two pointers
user14849,trees
user14849,combinatorics
user14849,dsu
user14849,interactive
user14849,binary search
user14849,strings
user1485,brute force
user1485,constructive algorithms
user1485,math
user1485,number theory
user1485,implementation
user1485,strings
user1485,graphs
user1485,bitmasks
user1485,dp
user1485,binary search
user1485,combinatorics
user1485,dfs and similar
user1485,dsu
user1485,greedy
user1485,sortings
user1485,data structures
user1485,trees
user1485,two pointers
user14851,dfs and similar
user14851,graphs
user14851,trees
user14851,brute force
user14851,implementation
user14851,strings
user14851,greedy
user14851,sortings
user14851,dp
user14851,constructive algorithms
user14851,binary search
user14851,data structures
user14851,math
user14851,two pointers
user14851,combinatorics
user14851,bitmasks
user14851,interactive
user14851,number theory
user14851,unk
user14851,dsu
user14852,implementation
user14852,strings
user14852,greedy
user14852,sortings
user14852,brute force
user14852,math
user14852,number theory
user14852,constructive algorithms
user14852,data structures
user14852,dp
user14852,binary search
user14852,two pointers
user14852,graphs
user14854,brute force
user14854,greedy
user14854,math
user14854,implementation
user14854,sortings
user14854,number theory
user14854,data structures
user14854,dp
user14854,two pointers
user14854,constructive algorithms
user14854,binary search
user1486,implementation
user1486,brute force
user1486,data structures
user1486,dp
user1486,greedy
user1486,sortings
user1486,strings
user1486,binary search
user1486,two pointers
user1486,math
user1486,number theory
user1486,combinatorics
user1486,constructive algorithms
user1486,bitmasks
user1486,dfs and similar
user1486,graphs
user1486,trees
user1486,interactive
user1486,dsu
user14861,math
user14861,greedy
user14861,constructive algorithms
user14861,data structures
user14861,implementation
user14861,brute force
user14861,number theory
user14861,dp
user14861,two pointers
user14861,graphs
user14861,binary search
user14861,bitmasks
user14861,dfs and similar
user14863,unk
user14863,constructive algorithms
user14863,implementation
user14863,brute force
user14863,greedy
user14863,math
user14863,sortings
user14863,binary search
user14863,two pointers
user14863,strings
user14863,dp
user14863,bitmasks
user14863,data structures
user14863,trees
user14863,number theory
user14863,combinatorics
user14863,interactive
user14863,dfs and similar
user14863,graphs
user14864,constructive algorithms
user14864,implementation
user14864,greedy
user14864,math
user14864,number theory
user14864,sortings
user14864,brute force
user14864,data structures
user14864,two pointers
user14864,binary search
user14867,constructive algorithms
user14867,greedy
user14867,strings
user14867,math
user14867,data structures
user14867,combinatorics
user14867,implementation
user14867,two pointers
user14867,brute force
user14867,dp
user14867,sortings
user14867,number theory
user14867,binary search
user14867,dfs and similar
user14867,bitmasks
user14867,dsu
user14867,graphs
user14867,trees
user14867,interactive
user14870,constructive algorithms
user14870,brute force
user14870,implementation
user14870,data structures
user14870,dp
user14870,math
user14870,two pointers
user14870,greedy
user14870,bitmasks
user14870,number theory
user14870,sortings
user14870,binary search
user14870,strings
user14870,graphs
user14870,trees
user14870,dfs and similar
user14870,interactive
user14870,dsu
user14870,combinatorics
user14871,math
user14871,number theory
user14871,brute force
user14871,data structures
user14871,greedy
user14871,sortings
user14871,implementation
user14871,constructive algorithms
user14871,binary search
user14871,two pointers
user14871,dp
user14871,bitmasks
user14871,strings
user14871,combinatorics
user14871,dfs and similar
user14871,dsu
user14871,graphs
user14871,interactive
user14873,math
user14873,strings
user14873,implementation
user14873,sortings
user14873,greedy
user14873,brute force
user14873,constructive algorithms
user14873,binary search
user14873,number theory
user14873,dp
user14873,unk
user14873,bitmasks
user14873,dfs and similar
user14873,graphs
user14873,trees
user14873,data structures
user14873,two pointers
user14873,dsu
user14873,combinatorics
user14873,interactive
user14877,implementation
user14877,brute force
user14877,dfs and similar
user14877,graphs
user14877,math
user14877,combinatorics
user14877,sortings
user14877,greedy
user14877,constructive algorithms
user14877,data structures
user14877,dp
user14877,binary search
user14877,number theory
user14877,bitmasks
user14877,trees
user14877,dsu
user14877,two pointers
user14878,brute force
user14878,greedy
user14878,two pointers
user14878,math
user14878,constructive algorithms
user14878,data structures
user14878,implementation
user14878,sortings
user14878,dp
user14878,number theory
user14878,binary search
user14878,combinatorics
user14878,dfs and similar
user14878,bitmasks
user14878,interactive
user14878,trees
user14880,binary search
user14880,math
user14880,brute force
user14880,unk
user14880,dp
user14880,greedy
user14880,implementation
user14880,constructive algorithms
user14880,strings
user14880,number theory
user14880,sortings
user14880,dfs and similar
user14880,two pointers
user14880,data structures
user14880,graphs
user14880,bitmasks
user14880,combinatorics
user14880,interactive
user14880,dsu
user14880,trees
user14883,constructive algorithms
user14883,greedy
user14883,combinatorics
user14883,math
user14883,number theory
user14883,bitmasks
user14883,brute force
user14883,implementation
user14883,dp
user14883,strings
user14883,binary search
user14883,two pointers
user14883,graphs
user14883,sortings
user14883,interactive
user14883,data structures
user14883,dfs and similar
user14883,trees
user14883,dsu
user14886,brute force
user14886,greedy
user14886,math
user14886,constructive algorithms
user14886,implementation
user14886,number theory
user14886,binary search
user14886,data structures
user14886,sortings
user14886,combinatorics
user14886,dsu
user14886,graphs
user14886,trees
user14886,dp
user14886,dfs and similar
user14886,two pointers
user14886,interactive
user14886,strings
user14886,bitmasks
user14890,data structures
user14890,greedy
user14890,sortings
user14890,implementation
user14890,math
user14890,constructive algorithms
user14890,brute force
user14890,two pointers
user14890,combinatorics
user14890,dp
user14890,graphs
user14890,bitmasks
user14890,binary search
user14890,trees
user14890,number theory
user14890,dfs and similar
user14890,dsu
user14893,dp
user14893,greedy
user14893,implementation
user14893,constructive algorithms
user14893,brute force
user14893,math
user14893,binary search
user14893,data structures
user14894,dfs and similar
user14894,implementation
user14894,greedy
user14894,dp
user14894,sortings
user14894,graphs
user14894,brute force
user14894,math
user14894,constructive algorithms
user14894,number theory
user14894,strings
user14894,binary search
user14894,combinatorics
user14894,data structures
user14894,two pointers
user1490,implementation
user1490,math
user1490,greedy
user1490,data structures
user1490,dfs and similar
user1490,graphs
user1490,number theory
user1490,constructive algorithms
user1490,binary search
user1490,brute force
user14904,dp
user14904,greedy
user14904,implementation
user14904,dfs and similar
user14904,graphs
user14904,math
user14904,binary search
user14904,brute force
user14904,two pointers
user14904,sortings
user14904,number theory
user14904,constructive algorithms
user14904,data structures
user14904,combinatorics
user14904,trees
user14904,strings
user14904,unk
user14904,dsu
user14904,interactive
user14907,implementation
user14907,strings
user14907,math
user14907,greedy
user14907,sortings
user14907,binary search
user14907,data structures
user14907,dfs and similar
user14907,dp
user14907,graphs
user14907,brute force
user14907,constructive algorithms
user14907,number theory
user14907,combinatorics
user14907,bitmasks
user14907,unk
user14907,trees
user14907,interactive
user14907,dsu
user14907,two pointers
user14914,math
user14914,strings
user14914,two pointers
user14914,unk
user14914,combinatorics
user14914,brute force
user14914,greedy
user14914,binary search
user14914,implementation
user14914,dp
user14914,sortings
user14914,number theory
user14914,dfs and similar
user14914,graphs
user14914,constructive algorithms
user14914,trees
user14914,data structures
user14914,bitmasks
user14914,dsu
user14914,interactive
user14919,greedy
user14919,implementation
user14919,constructive algorithms
user14919,bitmasks
user14919,math
user14919,dfs and similar
user14919,binary search
user14919,two pointers
user14919,brute force
user14919,data structures
user14919,number theory
user14919,trees
user14919,strings
user14919,dp
user14921,math
user14921,strings
user14921,two pointers
user14921,combinatorics
user14921,constructive algorithms
user14921,data structures
user14921,dp
user14921,greedy
user14921,sortings
user14921,brute force
user14921,implementation
user14921,binary search
user14921,number theory
user14921,bitmasks
user14921,dfs and similar
user14921,trees
user14921,graphs
user14921,dsu
user14921,interactive
user14921,unk
user14923,constructive algorithms
user14923,math
user14923,number theory
user14923,greedy
user14923,brute force
user14923,dp
user14923,data structures
user14923,dfs and similar
user14923,dsu
user14923,trees
user14923,binary search
user14923,bitmasks
user14923,implementation
user14923,sortings
user14923,strings
user14923,combinatorics
user14923,graphs
user14923,two pointers
user14926,implementation
user14926,strings
user14926,two pointers
user14926,brute force
user14926,greedy
user14926,dp
user14926,sortings
user14926,math
user14926,constructive algorithms
user14926,binary search
user14926,bitmasks
user14926,unk
user14926,data structures
user14926,number theory
user14926,graphs
user14926,interactive
user14926,dfs and similar
user14926,dsu
user14926,trees
user14926,combinatorics
user14937,math
user14937,brute force
user14937,implementation
user14937,strings
user14937,greedy
user14937,data structures
user14937,binary search
user14937,dp
user14937,number theory
user14937,constructive algorithms
user14937,bitmasks
user14937,sortings
user14937,unk
user14937,two pointers
user14937,dsu
user14937,dfs and similar
user14937,graphs
user14937,trees
user14937,interactive
user14939,constructive algorithms
user14939,greedy
user14939,implementation
user14939,math
user14939,brute force
user14939,strings
user14939,number theory
user14939,two pointers
user14939,dfs and similar
user14939,graphs
user14939,bitmasks
user14939,unk
user14939,dp
user14939,combinatorics
user14939,sortings
user14939,binary search
user14939,data structures
user14939,trees
user14939,dsu
user14939,interactive
user14941,binary search
user14941,math
user14941,data structures
user14941,implementation
user14941,constructive algorithms
user14941,greedy
user14941,brute force
user14941,sortings
user14941,number theory
user14941,interactive
user14941,dp
user14941,strings
user14941,two pointers
user14941,combinatorics
user14941,dfs and similar
user14941,dsu
user14941,graphs
user14941,trees
user14941,bitmasks
user14941,unk
user14942,implementation
user14942,math
user14942,greedy
user14942,dp
user14942,strings
user14942,brute force
user14942,number theory
user14942,constructive algorithms
user14942,data structures
user14942,combinatorics
user14942,binary search
user14942,bitmasks
user14942,dfs and similar
user14942,trees
user14942,dsu
user14942,graphs
user14950,data structures
user14950,greedy
user14950,sortings
user14950,implementation
user14950,brute force
user14950,constructive algorithms
user14950,math
user14950,number theory
user14950,binary search
user14950,strings
user14950,two pointers
user14950,dp
user14950,graphs
user14950,dsu
user14954,binary search
user14954,data structures
user14954,greedy
user14954,implementation
user14954,math
user14954,sortings
user14954,number theory
user14954,strings
user14954,brute force
user14954,dfs and similar
user14954,dsu
user14954,graphs
user14954,constructive algorithms
user14954,dp
user14954,unk
user14954,two pointers
user14954,combinatorics
user14954,trees
user14954,bitmasks
user14954,interactive
user14955,brute force
user14955,dp
user14955,greedy
user14955,implementation
user14955,combinatorics
user14955,constructive algorithms
user14955,math
user14955,strings
user14955,unk
user14955,sortings
user14955,number theory
user14955,bitmasks
user14955,binary search
user14955,two pointers
user14955,dfs and similar
user14955,graphs
user14955,data structures
user14955,interactive
user1496,sortings
user1496,strings
user1496,implementation
user1496,greedy
user1496,math
user1496,brute force
user1496,constructive algorithms
user1496,number theory
user1496,dp
user1496,data structures
user1496,binary search
user1496,combinatorics
user1496,two pointers
user1496,dfs and similar
user1496,trees
user1496,dsu
user1496,graphs
user1496,interactive
user1497,math
user1497,dp
user1497,binary search
user1497,data structures
user1497,brute force
user1497,strings
user1497,dfs and similar
user1497,graphs
user1497,trees
user1497,constructive algorithms
user1497,greedy
user1497,number theory
user1497,implementation
user1497,sortings
user1497,interactive
user1497,two pointers
user1497,combinatorics
user1497,dsu
user1497,bitmasks
user150,implementation
user150,strings
user150,brute force
user150,math
user150,number theory
user150,constructive algorithms
user150,data structures
user150,greedy
user150,dp
user150,binary search
user150,sortings
user150,dfs and similar
user150,graphs
user150,trees
user150,two pointers
user150,bitmasks
user150,dsu
user150,combinatorics
user150,interactive
user1500,implementation
user1500,math
user1500,greedy
user1500,sortings
user1500,brute force
user1500,constructive algorithms
user1500,strings
user1500,data structures
user1500,two pointers
user1500,number theory
user1500,binary search
user1500,bitmasks
user1500,dp
user1500,interactive
user1500,dfs and similar
user1500,graphs
user1500,trees
user1500,combinatorics
user1500,dsu
user1505,brute force
user1505,greedy
user1505,implementation
user1505,sortings
user1505,strings
user1505,bitmasks
user1505,dfs and similar
user1505,dp
user1505,math
user1505,two pointers
user1505,constructive algorithms
user1505,number theory
user1505,unk
user1505,combinatorics
user1505,dsu
user1505,graphs
user1505,data structures
user1505,binary search
user1505,trees
user1505,interactive
user1506,brute force
user1506,implementation
user1506,dp
user1506,math
user1506,number theory
user1506,constructive algorithms
user1506,greedy
user1506,sortings
user1506,two pointers
user1506,strings
user1506,data structures
user1506,binary search
user1506,dfs and similar
user1506,graphs
user1506,combinatorics
user1506,trees
user1506,dsu
user1506,interactive
user1507,strings
user1507,brute force
user1507,greedy
user1507,implementation
user1507,math
user1507,sortings
user1507,constructive algorithms
user1507,binary search
user1507,number theory
user1507,dp
user1507,data structures
user1507,two pointers
user1507,bitmasks
user1510,constructive algorithms
user1510,greedy
user1510,interactive
user1510,brute force
user1510,data structures
user1510,dfs and similar
user1510,dp
user1510,implementation
user1510,trees
user1510,number theory
user1510,strings
user1510,math
user1510,two pointers
user1510,combinatorics
user1510,binary search
user1510,sortings
user1510,graphs
user1510,bitmasks
user1510,dsu
user1522,implementation
user1522,graphs
user1522,brute force
user1522,number theory
user1522,math
user1522,strings
user1522,greedy
user1522,sortings
user1522,unk
user1522,binary search
user1522,data structures
user1522,dp
user1522,two pointers
user1522,dfs and similar
user1522,constructive algorithms
user1522,combinatorics
user1522,trees
user1522,dsu
user1522,bitmasks
user1522,interactive
user1523,constructive algorithms
user1523,dp
user1523,greedy
user1523,math
user1523,sortings
user1523,implementation
user1523,brute force
user1523,data structures
user1523,strings
user1523,two pointers
user1523,dfs and similar
user1523,dsu
user1523,graphs
user1523,binary search
user1523,number theory
user1523,combinatorics
user1523,bitmasks
user1523,trees
user1523,interactive
user1526,greedy
user1526,sortings
user1526,combinatorics
user1526,math
user1526,brute force
user1526,unk
user1526,strings
user1526,implementation
user1526,number theory
user1526,binary search
user1526,constructive algorithms
user1526,graphs
user1526,trees
user1526,data structures
user1526,bitmasks
user1526,dp
user1526,dfs and similar
user1526,two pointers
user1526,interactive
user1526,dsu
user1528,math
user1528,number theory
user1528,constructive algorithms
user1528,greedy
user1528,interactive
user1528,sortings
user1528,binary search
user1528,data structures
user1528,brute force
user1528,two pointers
user1528,implementation
user1528,strings
user1528,combinatorics
user1528,dp
user1528,bitmasks
user1528,dfs and similar
user1528,dsu
user1528,graphs
user1528,trees
user153,implementation
user153,binary search
user153,constructive algorithms
user153,math
user153,greedy
user153,number theory
user153,dfs and similar
user153,trees
user153,brute force
user153,sortings
user153,dp
user153,strings
user153,graphs
user153,data structures
user153,interactive
user1536,data structures
user1536,implementation
user1536,sortings
user1536,bitmasks
user1536,combinatorics
user1536,math
user1536,greedy
user1536,dp
user1536,constructive algorithms
user1536,strings
user1536,brute force
user1536,two pointers
user1536,number theory
user1536,binary search
user1536,dsu
user1536,unk
user1536,dfs and similar
user1536,graphs
user154,math
user154,constructive algorithms
user154,binary search
user154,data structures
user154,implementation
user154,two pointers
user154,number theory
user154,brute force
user154,greedy
user154,sortings
user154,strings
user154,dp
user154,bitmasks
user154,graphs
user154,dfs and similar
user154,combinatorics
user154,dsu
user154,trees
user154,interactive
user1542,combinatorics
user1542,dp
user1542,implementation
user1542,math
user1542,data structures
user1542,greedy
user1542,brute force
user1542,constructive algorithms
user1542,strings
user1542,dsu
user1542,graphs
user1542,dfs and similar
user1542,bitmasks
user1542,unk
user1542,binary search
user1542,sortings
user1542,two pointers
user1542,number theory
user1542,interactive
user1542,trees
user1547,implementation
user1547,binary search
user1547,greedy
user1547,sortings
user1547,math
user1547,brute force
user1547,constructive algorithms
user1547,dp
user1547,number theory
user1547,dfs and similar
user1547,graphs
user1547,data structures
user1547,two pointers
user1547,dsu
user1547,strings
user1547,trees
user1547,combinatorics
user1548,brute force
user1548,constructive algorithms
user1548,greedy
user1548,math
user1548,implementation
user1548,strings
user1548,dsu
user1548,dfs and similar
user1548,dp
user1548,graphs
user1548,binary search
user1548,sortings
user1548,data structures
user1548,bitmasks
user1548,number theory
user1548,two pointers
user1548,combinatorics
user1548,trees
user1549,math
user1549,implementation
user1549,strings
user1549,brute force
user1549,greedy
user1549,constructive algorithms
user1549,number theory
user1549,sortings
user1549,binary search
user1549,two pointers
user1549,bitmasks
user1549,data structures
user1549,dp
user1549,combinatorics
user1549,graphs
user1549,dsu
user1549,dfs and similar
user1549,trees
user1549,interactive
user1550,brute force
user1550,implementation
user1550,greedy
user1550,binary search
user1550,two pointers
user1550,math
user1553,implementation
user1553,brute force
user1553,math
user1553,greedy
user1553,dfs and similar
user1553,graphs
user1553,binary search
user1553,sortings
user1553,two pointers
user1553,number theory
user1553,constructive algorithms
user1553,data structures
user1553,strings
user1553,dp
user1553,bitmasks
user1553,dsu
user1553,trees
user1555,implementation
user1555,math
user1555,brute force
user1555,strings
user1555,constructive algorithms
user1555,data structures
user1555,dp
user1555,greedy
user1555,sortings
user1555,binary search
user1555,number theory
user1555,combinatorics
user1555,dfs and similar
user1555,dsu
user1555,graphs
user1555,two pointers
user1555,trees
user1555,bitmasks
user1555,interactive
user1556,brute force
user1556,implementation
user1556,strings
user1556,math
user1556,dp
user1556,binary search
user1556,data structures
user1556,sortings
user1556,greedy
user1556,constructive algorithms
user1556,number theory
user1556,unk
user1556,two pointers
user1556,bitmasks
user1556,combinatorics
user1556,trees
user1556,dfs and similar
user1556,graphs
user1556,dsu
user1561,dp
user1561,greedy
user1561,implementation
user1561,number theory
user1561,data structures
user1561,strings
user1561,binary search
user1561,constructive algorithms
user1561,brute force
user1561,math
user1561,combinatorics
user1561,sortings
user1561,two pointers
user1561,dfs and similar
user1561,graphs
user1561,bitmasks
user1561,interactive
user1561,trees
user1561,dsu
user1567,data structures
user1567,math
user1567,number theory
user1567,combinatorics
user1567,constructive algorithms
user1567,implementation
user1567,greedy
user1567,sortings
user1567,dp
user1567,two pointers
user1567,bitmasks
user1567,brute force
user1567,graphs
user1567,binary search
user1567,dfs and similar
user1567,trees
user1567,strings
user1567,dsu
user1567,interactive
user157,greedy
user157,math
user157,constructive algorithms
user157,data structures
user157,two pointers
user157,brute force
user157,implementation
user157,strings
user157,binary search
user157,number theory
user157,combinatorics
user157,dp
user157,sortings
user157,bitmasks
user157,unk
user157,dfs and similar
user157,graphs
user157,interactive
user157,trees
user1577,brute force
user1577,greedy
user1577,math
user1577,number theory
user1577,implementation
user1577,strings
user1577,sortings
user1577,constructive algorithms
user1577,dp
user1577,data structures
user1577,binary search
user1577,two pointers
user1577,dfs and similar
user1577,graphs
user1577,bitmasks
user1577,trees
user1577,combinatorics
user1577,dsu
user1578,strings
user1578,greedy
user1578,implementation
user1578,constructive algorithms
user1578,math
user1578,brute force
user1578,binary search
user1578,number theory
user1578,sortings
user1578,data structures
user1578,dp
user1578,two pointers
user1578,combinatorics
user1578,bitmasks
user158,brute force
user158,greedy
user158,two pointers
user158,constructive algorithms
user158,math
user158,implementation
user158,dsu
user158,graphs
user158,strings
user158,number theory
user158,sortings
user158,binary search
user158,data structures
user158,dp
user1581,brute force
user1581,implementation
user1581,math
user1581,binary search
user1581,greedy
user1581,sortings
user1581,strings
user1581,bitmasks
user1581,constructive algorithms
user1581,data structures
user1581,dp
user1581,two pointers
user1581,dfs and similar
user1581,graphs
user1581,trees
user1581,number theory
user1584,math
user1584,number theory
user1584,implementation
user1584,strings
user1584,brute force
user1584,greedy
user1584,constructive algorithms
user1584,sortings
user1584,dp
user1584,binary search
user1584,bitmasks
user1584,combinatorics
user1584,trees
user1584,data structures
user1584,two pointers
user1584,graphs
user1584,dsu
user1584,unk
user1584,interactive
user1584,dfs and similar
user1588,greedy
user1588,strings
user1588,dp
user1588,sortings
user1588,brute force
user1588,math
user1588,implementation
user1588,two pointers
user1588,number theory
user1588,data structures
user1588,constructive algorithms
user1588,binary search
user1588,dfs and similar
user1588,combinatorics
user1588,graphs
user1588,dsu
user1588,trees
user1588,interactive
user1589,math
user1589,binary search
user1589,greedy
user1589,implementation
user1589,sortings
user1589,brute force
user1589,constructive algorithms
user1589,number theory
user1589,data structures
user1589,dfs and similar
user1589,graphs
user1589,two pointers
user1589,dp
user1589,trees
user1589,unk
user1589,strings
user1589,bitmasks
user159,unk
user159,combinatorics
user159,constructive algorithms
user159,math
user159,greedy
user159,number theory
user159,data structures
user159,binary search
user159,brute force
user159,two pointers
user159,dfs and similar
user159,dp
user159,graphs
user159,trees
user159,implementation
user159,sortings
user159,dsu
user159,strings
user159,bitmasks
user159,interactive
user1598,greedy
user1598,implementation
user1598,constructive algorithms
user1598,brute force
user1598,math
user1598,sortings
user1598,data structures
user1598,dp
user1598,strings
user1598,number theory
user1598,graphs
user1598,binary search
user1598,dfs and similar
user1598,dsu
user1598,combinatorics
user1598,trees
user16,greedy
user16,math
user16,implementation
user16,sortings
user16,trees
user16,binary search
user16,data structures
user16,constructive algorithms
user16,number theory
user16,brute force
user16,dp
user16,strings
user16,combinatorics
user16,bitmasks
user16,dfs and similar
user16,graphs
user16,two pointers
user16,dsu
user16,interactive
user16,unk
user1600,brute force
user1600,constructive algorithms
user1600,data structures
user1600,dp
user1600,math
user1600,binary search
user1600,greedy
user1600,sortings
user1600,implementation
user1600,two pointers
user1600,strings
user1600,number theory
user1600,bitmasks
user1600,graphs
user1600,dfs and similar
user1600,dsu
user1600,trees
user1603,math
user1603,implementation
user1603,greedy
user1603,strings
user1603,constructive algorithms
user1603,data structures
user1603,dsu
user1603,sortings
user1603,brute force
user1603,binary search
user1603,two pointers
user1603,combinatorics
user1603,dp
user1603,number theory
user1603,bitmasks
user1603,dfs and similar
user1603,graphs
user1603,trees
user1603,interactive
user1606,constructive algorithms
user1606,graphs
user1606,greedy
user1606,implementation
user1606,strings
user1606,sortings
user1606,math
user1606,brute force
user1606,number theory
user1606,two pointers
user1606,bitmasks
user1606,combinatorics
user1606,binary search
user1606,dp
user1606,data structures
user1606,interactive
user1606,dsu
user1606,dfs and similar
user1606,trees
user1608,math
user1608,greedy
user1608,two pointers
user1608,combinatorics
user1608,graphs
user1608,dp
user1608,implementation
user1608,sortings
user1608,binary search
user1608,strings
user1608,brute force
user1608,constructive algorithms
user1608,data structures
user1608,bitmasks
user1608,number theory
user1608,dfs and similar
user1608,dsu
user1608,trees
user161,implementation
user161,greedy
user161,strings
user161,data structures
user161,binary search
user161,interactive
user161,brute force
user161,dfs and similar
user161,bitmasks
user161,dp
user161,sortings
user161,number theory
user161,math
user161,constructive algorithms
user161,graphs
user161,trees
user161,combinatorics
user161,dsu
user1610,constructive algorithms
user1610,math
user1610,sortings
user1610,implementation
user1610,greedy
user1610,strings
user1610,brute force
user1610,data structures
user1610,number theory
user1610,binary search
user1610,dp
user1610,bitmasks
user1610,two pointers
user1610,combinatorics
user1610,dsu
user1610,unk
user1610,trees
user1610,dfs and similar
user1610,graphs
user1610,interactive
user1613,brute force
user1613,implementation
user1613,binary search
user1613,dp
user1613,graphs
user1613,math
user1613,number theory
user1613,bitmasks
user1613,sortings
user1613,trees
user1613,constructive algorithms
user1613,greedy
user1613,two pointers
user1613,data structures
user1613,dfs and similar
user1613,dsu
user1618,unk
user1618,dp
user1618,math
user1618,binary search
user1618,brute force
user1618,data structures
user1618,constructive algorithms
user1618,number theory
user1618,combinatorics
user1618,implementation
user1618,greedy
user1618,bitmasks
user1618,dfs and similar
user1618,interactive
user1618,strings
user1618,two pointers
user1618,sortings
user1618,graphs
user1618,dsu
user1618,trees
user162,brute force
user162,math
user162,implementation
user162,strings
user162,greedy
user162,data structures
user162,constructive algorithms
user162,bitmasks
user162,binary search
user162,number theory
user162,sortings
user162,unk
user162,dp
user162,two pointers
user162,combinatorics
user162,dfs and similar
user162,graphs
user162,trees
user162,dsu
user162,interactive
user1620,implementation
user1620,greedy
user1620,math
user1620,brute force
user1620,number theory
user1620,constructive algorithms
user1621,constructive algorithms
user1621,greedy
user1621,binary search
user1621,math
user1621,number theory
user1621,dp
user1621,implementation
user1621,two pointers
user1621,brute force
user1621,graphs
user1621,sortings
user1621,strings
user1621,data structures
user1621,bitmasks
user1621,dfs and similar
user1621,trees
user1621,dsu
user1623,math
user1623,number theory
user1623,dp
user1623,greedy
user1623,two pointers
user1623,implementation
user1623,brute force
user1623,strings
user1623,constructive algorithms
user1623,binary search
user1623,dfs and similar
user1623,graphs
user1623,sortings
user1623,trees
user1623,data structures
user1623,combinatorics
user1623,bitmasks
user1623,dsu
user1623,interactive
user1625,data structures
user1625,greedy
user1625,sortings
user1625,two pointers
user1625,constructive algorithms
user1625,strings
user1625,implementation
user1625,math
user1625,brute force
user1625,number theory
user1625,combinatorics
user1625,binary search
user1625,dp
user1625,dsu
user1625,bitmasks
user1625,interactive
user1625,dfs and similar
user1625,graphs
user1625,trees
user1630,constructive algorithms
user1630,greedy
user1630,sortings
user1630,math
user1630,binary search
user1630,brute force
user1630,implementation
user1630,strings
user1630,number theory
user1630,data structures
user1630,two pointers
user1630,bitmasks
user1630,combinatorics
user1630,dp
user1630,unk
user1630,dfs and similar
user1630,graphs
user1630,dsu
user1630,trees
user1630,interactive
user1631,implementation
user1631,sortings
user1631,greedy
user1631,brute force
user1631,strings
user1631,math
user1631,dp
user1631,number theory
user1631,constructive algorithms
user1631,binary search
user1631,data structures
user1631,dfs and similar
user1631,dsu
user1631,graphs
user1631,bitmasks
user1631,combinatorics
user1631,two pointers
user1631,trees
user1631,unk
user1631,interactive
user1632,implementation
user1632,strings
user1632,brute force
user1632,greedy
user1632,math
user1632,sortings
user1632,constructive algorithms
user1632,data structures
user1632,binary search
user1632,dp
user1632,number theory
user1632,bitmasks
user1632,dfs and similar
user1632,two pointers
user1632,graphs
user1632,combinatorics
user1632,trees
user1632,interactive
user1632,dsu
user1641,greedy
user1641,implementation
user1641,strings
user1641,math
user1641,number theory
user1641,combinatorics
user1641,data structures
user1641,dp
user1641,constructive algorithms
user1641,bitmasks
user1641,sortings
user1641,brute force
user1641,binary search
user1641,two pointers
user1641,dfs and similar
user1641,interactive
user1641,unk
user1641,trees
user1641,dsu
user1641,graphs
user1643,binary search
user1643,dp
user1643,greedy
user1643,implementation
user1643,math
user1643,sortings
user1643,two pointers
user1643,constructive algorithms
user1643,dfs and similar
user1643,dsu
user1643,graphs
user1643,number theory
user1643,trees
user1643,bitmasks
user1643,brute force
user1643,data structures
user1643,combinatorics
user1646,unk
user1646,implementation
user1646,greedy
user1646,strings
user1646,brute force
user1646,number theory
user1646,math
user1646,binary search
user1646,bitmasks
user1646,data structures
user1646,constructive algorithms
user1646,sortings
user1646,dp
user1646,combinatorics
user1646,two pointers
user1647,data structures
user1647,dfs and similar
user1647,dsu
user1647,graphs
user1647,dp
user1647,implementation
user1647,binary search
user1647,bitmasks
user1647,brute force
user1647,strings
user1647,two pointers
user1647,greedy
user1647,constructive algorithms
user1647,math
user1647,number theory
user1647,sortings
user1647,interactive
user1647,trees
user1647,combinatorics
user1647,unk
user1650,constructive algorithms
user1650,math
user1650,binary search
user1650,data structures
user1650,greedy
user1650,sortings
user1650,strings
user1650,combinatorics
user1650,graphs
user1650,bitmasks
user1650,implementation
user1650,brute force
user1650,dp
user1650,number theory
user1650,dfs and similar
user1650,dsu
user1650,two pointers
user1650,trees
user1650,interactive
user1651,brute force
user1651,implementation
user1651,math
user1651,number theory
user1651,data structures
user1651,constructive algorithms
user1651,sortings
user1651,dp
user1651,greedy
user1651,binary search
user1651,two pointers
user1651,combinatorics
user1651,strings
user1651,bitmasks
user1654,brute force
user1654,math
user1654,constructive algorithms
user1654,dp
user1654,implementation
user1654,greedy
user1654,strings
user1654,two pointers
user1654,number theory
user1654,dfs and similar
user1654,graphs
user1654,bitmasks
user1654,data structures
user1654,sortings
user1654,trees
user1654,combinatorics
user1654,binary search
user1654,dsu
user1654,interactive
user1655,implementation
user1655,strings
user1655,brute force
user1655,math
user1655,greedy
user1655,dp
user1655,sortings
user1655,constructive algorithms
user1655,number theory
user1655,two pointers
user1655,binary search
user1655,data structures
user1655,bitmasks
user1655,dfs and similar
user1655,combinatorics
user1655,unk
user1655,dsu
user1655,graphs
user1655,trees
user1655,interactive
user1657,implementation
user1657,sortings
user1657,brute force
user1657,math
user1657,constructive algorithms
user1657,greedy
user1657,number theory
user1657,dp
user1657,binary search
user1657,data structures
user1657,interactive
user1660,brute force
user1660,math
user1660,data structures
user1660,implementation
user1660,strings
user1660,binary search
user1660,greedy
user1660,constructive algorithms
user1660,combinatorics
user1660,dp
user1660,bitmasks
user1660,number theory
user1660,sortings
user1660,two pointers
user1660,unk
user1660,dfs and similar
user1660,graphs
user1660,trees
user1660,dsu
user1660,interactive
user1662,dfs and similar
user1662,dp
user1662,greedy
user1662,math
user1662,implementation
user1662,strings
user1662,number theory
user1662,sortings
user1662,brute force
user1662,binary search
user1662,bitmasks
user1662,constructive algorithms
user1662,two pointers
user1662,data structures
user1662,graphs
user1662,combinatorics
user1662,trees
user1666,math
user1666,implementation
user1666,brute force
user1666,greedy
user1666,number theory
user1666,sortings
user1666,binary search
user1666,constructive algorithms
user1666,two pointers
user1666,strings
user1666,dp
user1666,data structures
user1666,combinatorics
user1669,greedy
user1669,binary search
user1669,implementation
user1669,math
user1669,number theory
user1669,brute force
user1669,sortings
user1669,strings
user1669,constructive algorithms
user1669,data structures
user1669,dp
user1669,bitmasks
user1669,two pointers
user1674,brute force
user1674,math
user1674,strings
user1674,greedy
user1674,implementation
user1674,sortings
user1674,data structures
user1674,two pointers
user1674,dp
user1674,bitmasks
user1674,dfs and similar
user1674,dsu
user1674,graphs
user1674,binary search
user1674,number theory
user1674,constructive algorithms
user1674,combinatorics
user1674,trees
user1674,unk
user1674,interactive
user1677,data structures
user1677,math
user1677,number theory
user1677,greedy
user1677,implementation
user1677,sortings
user1677,two pointers
user1677,dfs and similar
user1677,dp
user1677,strings
user1677,brute force
user1677,bitmasks
user1677,binary search
user1677,constructive algorithms
user1677,combinatorics
user1677,trees
user1679,binary search
user1679,greedy
user1679,math
user1679,sortings
user1679,constructive algorithms
user1679,dsu
user1679,brute force
user1679,dfs and similar
user1679,dp
user1679,implementation
user1679,data structures
user1679,two pointers
user1679,strings
user1679,number theory
user1679,graphs
user1679,trees
user1679,unk
user1679,interactive
user1679,combinatorics
user168,bitmasks
user168,greedy
user168,implementation
user168,sortings
user168,strings
user168,binary search
user168,brute force
user168,math
user168,constructive algorithms
user168,two pointers
user168,number theory
user168,combinatorics
user168,trees
user168,dp
user168,data structures
user168,graphs
user168,dfs and similar
user168,unk
user168,interactive
user1681,brute force
user1681,constructive algorithms
user1681,dfs and similar
user1681,dp
user1681,graphs
user1681,greedy
user1681,math
user1681,bitmasks
user1681,unk
user1681,binary search
user1681,data structures
user1681,implementation
user1681,sortings
user1681,number theory
user1681,combinatorics
user1681,two pointers
user1681,strings
user1681,trees
user1681,dsu
user1681,interactive
user1682,brute force
user1682,math
user1682,data structures
user1682,greedy
user1682,sortings
user1682,constructive algorithms
user1682,strings
user1682,number theory
user1682,implementation
user1682,dp
user1682,combinatorics
user1682,graphs
user1682,binary search
user1682,two pointers
user1682,bitmasks
user1682,trees
user1682,dfs and similar
user1682,dsu
user1682,interactive
user1684,implementation
user1684,binary search
user1684,greedy
user1684,math
user1684,constructive algorithms
user1684,bitmasks
user1684,brute force
user1684,strings
user1684,combinatorics
user1684,dp
user1684,number theory
user1684,sortings
user1684,two pointers
user1684,trees
user1684,data structures
user1684,graphs
user1684,dfs and similar
user1684,dsu
user1685,brute force
user1685,greedy
user1685,implementation
user1685,sortings
user1685,bitmasks
user1685,dp
user1685,math
user1685,constructive algorithms
user1685,number theory
user1685,binary search
user1685,data structures
user1685,unk
user1686,greedy
user1686,math
user1686,brute force
user1686,combinatorics
user1686,dp
user1686,implementation
user1686,unk
user1686,strings
user1686,sortings
user1686,binary search
user1686,number theory
user1686,two pointers
user1686,constructive algorithms
user1686,data structures
user1686,bitmasks
user1686,graphs
user1686,trees
user1686,dfs and similar
user1686,dsu
user1686,interactive
user1688,implementation
user1688,math
user1688,constructive algorithms
user1688,sortings
user1688,dp
user1688,greedy
user1688,number theory
user1688,bitmasks
user1688,trees
user1688,binary search
user1688,brute force
user1688,data structures
user1688,two pointers
user1688,strings
user1688,dfs and similar
user1688,graphs
user1688,dsu
user1688,combinatorics
user1688,interactive
user1689,brute force
user1689,greedy
user1689,implementation
user1689,math
user1689,constructive algorithms
user1689,combinatorics
user1689,number theory
user1689,strings
user1689,two pointers
user1689,dp
user1689,sortings
user1689,data structures
user1689,graphs
user1689,bitmasks
user1689,dsu
user1689,binary search
user1689,dfs and similar
user1689,trees
user1693,math
user1693,greedy
user1693,sortings
user1693,brute force
user1693,dp
user1693,number theory
user1693,binary search
user1693,data structures
user1696,greedy
user1696,math
user1696,data structures
user1696,implementation
user1696,strings
user1696,brute force
user1696,constructive algorithms
user1696,two pointers
user1696,sortings
user1696,bitmasks
user1696,binary search
user1696,dp
user1696,dfs and similar
user1696,graphs
user1696,trees
user1696,unk
user1696,number theory
user1696,dsu
user1701,greedy
user1701,math
user1701,sortings
user1701,implementation
user1701,constructive algorithms
user1701,combinatorics
user1701,number theory
user1701,bitmasks
user1701,brute force
user1701,graphs
user1701,strings
user1701,two pointers
user1701,data structures
user1701,dp
user1701,binary search
user1701,trees
user1701,interactive
user1701,dfs and similar
user1701,dsu
user1703,data structures
user1703,math
user1703,binary search
user1703,brute force
user1703,dp
user1703,constructive algorithms
user1703,greedy
user1703,implementation
user1703,sortings
user1703,strings
user1703,bitmasks
user1703,number theory
user1703,graphs
user1703,dfs and similar
user1703,trees
user1703,combinatorics
user1703,two pointers
user1703,dsu
user1703,interactive
user1705,greedy
user1705,implementation
user1705,sortings
user1705,constructive algorithms
user1705,math
user1705,dp
user1705,brute force
user1705,number theory
user1705,binary search
user1705,data structures
user1705,two pointers
user1705,unk
user1705,combinatorics
user1705,bitmasks
user1705,strings
user1705,dfs and similar
user1705,graphs
user1705,interactive
user1705,dsu
user1705,trees
user1707,math
user1707,greedy
user1707,implementation
user1707,sortings
user1707,dp
user1707,constructive algorithms
user1707,graphs
user1707,strings
user1707,number theory
user1707,brute force
user1707,binary search
user1707,data structures
user1707,bitmasks
user1707,dfs and similar
user1707,two pointers
user1707,trees
user1707,combinatorics
user1707,dsu
user171,data structures
user171,brute force
user171,constructive algorithms
user171,math
user171,unk
user171,number theory
user171,dp
user171,greedy
user171,implementation
user171,two pointers
user171,dfs and similar
user171,dsu
user171,graphs
user171,trees
user171,sortings
user171,binary search
user171,strings
user171,bitmasks
user171,combinatorics
user171,interactive
user1719,math
user1719,brute force
user1719,implementation
user1719,two pointers
user1719,number theory
user1719,constructive algorithms
user1719,greedy
user1719,data structures
user1722,implementation
user1722,math
user1722,greedy
user1722,constructive algorithms
user1722,binary search
user1722,sortings
user1722,dsu
user1722,dfs and similar
user1722,brute force
user1722,number theory
user1722,strings
user1722,data structures
user1722,two pointers
user1722,combinatorics
user1722,dp
user1722,graphs
user1722,bitmasks
user1722,trees
user1722,interactive
user1723,greedy
user1723,strings
user1723,implementation
user1723,constructive algorithms
user1723,math
user1723,brute force
user1723,dp
user1723,sortings
user1723,data structures
user1723,dsu
user1723,bitmasks
user1723,number theory
user1723,combinatorics
user1723,binary search
user1723,two pointers
user1723,unk
user1723,interactive
user1723,dfs and similar
user1723,graphs
user1723,trees
user1725,brute force
user1725,greedy
user1725,implementation
user1725,math
user1725,strings
user1725,bitmasks
user1725,constructive algorithms
user1725,data structures
user1725,sortings
user1725,combinatorics
user1725,binary search
user1725,dp
user1725,number theory
user1725,two pointers
user1725,dfs and similar
user1725,trees
user1725,unk
user1725,graphs
user1725,dsu
user1725,interactive
user1727,brute force
user1727,greedy
user1727,math
user1727,binary search
user1727,implementation
user1727,sortings
user1727,constructive algorithms
user1727,number theory
user1727,data structures
user1734,implementation
user1734,math
user1734,greedy
user1734,sortings
user1734,data structures
user1734,strings
user1734,constructive algorithms
user1734,brute force
user1734,combinatorics
user1734,binary search
user1734,number theory
user1734,bitmasks
user1734,dp
user1734,two pointers
user1734,dfs and similar
user1734,dsu
user1734,graphs
user1734,trees
user1734,interactive
user1735,math
user1735,constructive algorithms
user1735,sortings
user1735,brute force
user1735,greedy
user1735,implementation
user1735,strings
user1735,dp
user1735,number theory
user1735,two pointers
user1735,binary search
user1735,data structures
user1735,combinatorics
user1735,graphs
user1735,bitmasks
user1735,trees
user1735,dfs and similar
user1738,brute force
user1738,math
user1738,implementation
user1738,greedy
user1738,dp
user1738,constructive algorithms
user1738,strings
user1740,dp
user1740,sortings
user1740,bitmasks
user1740,greedy
user1740,math
user1740,data structures
user1740,combinatorics
user1740,dsu
user1740,dfs and similar
user1740,trees
user1740,binary search
user1740,constructive algorithms
user1740,graphs
user1740,implementation
user1740,strings
user1740,two pointers
user1740,number theory
user1740,interactive
user1740,brute force
user1744,math
user1744,greedy
user1744,implementation
user1744,brute force
user1744,number theory
user1744,strings
user1744,sortings
user1744,constructive algorithms
user1744,data structures
user1744,dp
user1744,binary search
user1750,brute force
user1750,greedy
user1750,sortings
user1750,dp
user1750,implementation
user1750,constructive algorithms
user1750,math
user1750,number theory
user1750,two pointers
user1750,strings
user1750,binary search
user1750,data structures
user1750,bitmasks
user1750,unk
user1750,combinatorics
user1750,dfs and similar
user1750,graphs
user1750,dsu
user1750,trees
user1750,interactive
user1751,bitmasks
user1751,constructive algorithms
user1751,math
user1751,brute force
user1751,greedy
user1751,sortings
user1751,number theory
user1751,graphs
user1751,implementation
user1751,binary search
user1751,dp
user1751,data structures
user1751,two pointers
user1754,bitmasks
user1754,constructive algorithms
user1754,greedy
user1754,math
user1754,number theory
user1754,brute force
user1754,binary search
user1754,dp
user1754,implementation
user1754,data structures
user1754,strings
user1754,sortings
user1754,dfs and similar
user1754,graphs
user1754,dsu
user1754,two pointers
user1754,trees
user1754,combinatorics
user1755,binary search
user1755,brute force
user1755,data structures
user1755,implementation
user1755,math
user1755,sortings
user1755,greedy
user1755,constructive algorithms
user1755,strings
user1755,two pointers
user1755,combinatorics
user1755,number theory
user1755,dp
user1755,bitmasks
user1755,dsu
user1755,interactive
user1755,dfs and similar
user1755,graphs
user1755,trees
user1756,dfs and similar
user1756,dp
user1756,graphs
user1756,greedy
user1756,math
user1756,brute force
user1756,binary search
user1756,constructive algorithms
user1756,interactive
user1756,strings
user1756,data structures
user1756,sortings
user1756,combinatorics
user1756,implementation
user1756,two pointers
user1756,bitmasks
user1756,unk
user1756,number theory
user1756,trees
user1756,dsu
user1757,data structures
user1757,implementation
user1757,strings
user1757,constructive algorithms
user1757,greedy
user1757,math
user1757,sortings
user1757,dfs and similar
user1757,dsu
user1757,graphs
user1757,brute force
user1757,dp
user1757,bitmasks
user1757,binary search
user1757,two pointers
user1757,number theory
user1757,combinatorics
user1757,trees
user1757,unk
user1757,interactive
user1762,binary search
user1762,brute force
user1762,data structures
user1762,dp
user1762,two pointers
user1762,dfs and similar
user1762,graphs
user1762,trees
user1762,bitmasks
user1762,constructive algorithms
user1762,math
user1762,greedy
user1762,implementation
user1762,number theory
user1762,sortings
user1762,strings
user1762,dsu
user1767,implementation
user1767,math
user1767,strings
user1767,greedy
user1767,binary search
user1767,brute force
user1767,dp
user1767,bitmasks
user1767,sortings
user1767,data structures
user1767,number theory
user1767,constructive algorithms
user1767,graphs
user1767,trees
user1767,dfs and similar
user1767,dsu
user1767,combinatorics
user1767,two pointers
user1767,interactive
user177,data structures
user177,greedy
user177,sortings
user177,implementation
user177,constructive algorithms
user177,math
user177,brute force
user177,strings
user177,two pointers
user177,number theory
user177,combinatorics
user177,dp
user177,binary search
user177,graphs
user177,bitmasks
user177,unk
user177,dsu
user177,dfs and similar
user177,interactive
user177,trees
user1773,bitmasks
user1773,brute force
user1773,implementation
user1773,greedy
user1773,sortings
user1773,math
user1773,number theory
user1773,constructive algorithms
user1773,dp
user1773,dfs and similar
user1773,graphs
user1773,data structures
user1773,dsu
user1773,binary search
user1773,trees
user1773,two pointers
user1774,math
user1774,number theory
user1774,dfs and similar
user1774,dp
user1774,graphs
user1774,greedy
user1774,implementation
user1774,unk
user1774,constructive algorithms
user1774,combinatorics
user1774,sortings
user1774,trees
user1774,brute force
user1774,data structures
user1774,two pointers
user1774,dsu
user1774,binary search
user1774,bitmasks
user1774,strings
user1774,interactive
user1776,implementation
user1776,strings
user1776,constructive algorithms
user1776,math
user1776,brute force
user1776,greedy
user1776,two pointers
user1776,dfs and similar
user1776,graphs
user1776,sortings
user1776,binary search
user1776,number theory
user1776,data structures
user1776,dp
user1778,greedy
user1778,constructive algorithms
user1778,math
user1778,dp
user1778,implementation
user1778,brute force
user1778,sortings
user1778,unk
user1778,bitmasks
user1778,number theory
user1778,binary search
user1778,strings
user1778,two pointers
user1778,data structures
user1778,interactive
user1778,dfs and similar
user1778,dsu
user1778,graphs
user1778,combinatorics
user1780,greedy
user1780,constructive algorithms
user1780,implementation
user1780,bitmasks
user1780,brute force
user1780,dp
user1780,sortings
user1780,math
user1780,binary search
user1780,data structures
user1780,dfs and similar
user1780,number theory
user1780,strings
user1780,combinatorics
user1780,two pointers
user1780,interactive
user1780,trees
user1780,graphs
user1780,dsu
user1781,constructive algorithms
user1781,data structures
user1781,greedy
user1781,implementation
user1781,math
user1781,sortings
user1781,dsu
user1781,graphs
user1781,brute force
user1781,strings
user1781,two pointers
user1781,binary search
user1781,combinatorics
user1781,dfs and similar
user1781,dp
user1781,bitmasks
user1781,number theory
user1781,trees
user1786,data structures
user1786,math
user1786,dfs and similar
user1786,dp
user1786,graphs
user1786,brute force
user1786,constructive algorithms
user1786,greedy
user1786,implementation
user1786,sortings
user1786,dsu
user1786,number theory
user1786,strings
user1786,binary search
user1786,trees
user1786,two pointers
user1786,combinatorics
user1786,bitmasks
user1786,interactive
user1789,data structures
user1789,dfs and similar
user1789,graphs
user1789,trees
user1789,dp
user1789,bitmasks
user1789,brute force
user1789,greedy
user1789,math
user1789,implementation
user1789,binary search
user1789,sortings
user1789,constructive algorithms
user1789,dsu
user1789,strings
user1789,number theory
user1789,two pointers
user1789,combinatorics
user1789,unk
user1789,interactive
user179,binary search
user179,data structures
user179,greedy
user179,math
user179,sortings
user179,two pointers
user179,constructive algorithms
user179,bitmasks
user179,combinatorics
user179,dp
user179,brute force
user179,implementation
user179,strings
user179,dfs and similar
user179,dsu
user179,graphs
user179,trees
user179,number theory
user179,interactive
user1790,binary search
user1790,implementation
user1790,greedy
user1790,sortings
user1790,brute force
user1790,dp
user1790,number theory
user1790,math
user1790,data structures
user1790,constructive algorithms
user1790,dfs and similar
user1790,graphs
user1790,dsu
user1790,bitmasks
user1790,trees
user1791,implementation
user1791,brute force
user1791,constructive algorithms
user1791,greedy
user1791,math
user1791,dp
user1791,graphs
user1791,two pointers
user1791,strings
user1791,number theory
user1791,binary search
user1791,unk
user1791,data structures
user1791,sortings
user1791,dfs and similar
user1791,interactive
user1791,bitmasks
user1791,combinatorics
user1791,trees
user1791,dsu
user1793,implementation
user1793,strings
user1793,greedy
user1793,sortings
user1793,binary search
user1793,math
user1793,brute force
user1793,dfs and similar
user1793,graphs
user1793,number theory
user1793,dp
user1793,data structures
user1793,two pointers
user1793,trees
user1793,constructive algorithms
user1793,interactive
user1793,dsu
user1794,brute force
user1794,greedy
user1794,math
user1794,implementation
user1794,strings
user1794,binary search
user1794,sortings
user1794,dp
user1794,number theory
user1794,constructive algorithms
user1794,combinatorics
user1794,two pointers
user1794,unk
user1794,data structures
user1794,bitmasks
user1794,dfs and similar
user1794,graphs
user1794,dsu
user1794,trees
user1794,interactive
user1798,greedy
user1798,sortings
user1798,dp
user1798,implementation
user1798,strings
user1798,brute force
user1798,constructive algorithms
user1798,math
user1798,binary search
user1798,number theory
user1798,combinatorics
user1798,dfs and similar
user1798,graphs
user1798,unk
user1798,data structures
user1798,two pointers
user1798,dsu
user1798,bitmasks
user1798,trees
user1798,interactive
user180,implementation
user180,greedy
user180,sortings
user180,strings
user180,math
user180,binary search
user180,data structures
user180,number theory
user180,bitmasks
user180,constructive algorithms
user180,brute force
user180,two pointers
user180,combinatorics
user180,dp
user180,graphs
user180,dfs and similar
user180,dsu
user1803,brute force
user1803,implementation
user1803,constructive algorithms
user1803,math
user1803,sortings
user1803,greedy
user1803,dp
user1803,number theory
user1803,strings
user1803,dfs and similar
user1803,graphs
user1803,two pointers
user1803,binary search
user1803,data structures
user1803,combinatorics
user1803,dsu
user1803,trees
user1803,interactive
user1804,brute force
user1804,strings
user1804,math
user1804,greedy
user1804,implementation
user1804,two pointers
user1804,constructive algorithms
user1804,dp
user1804,sortings
user1804,data structures
user1804,dfs and similar
user1804,binary search
user1804,number theory
user1804,graphs
user1804,combinatorics
user1804,trees
user1804,bitmasks
user1804,dsu
user1804,interactive
user1805,constructive algorithms
user1805,math
user1805,strings
user1805,implementation
user1805,greedy
user1805,sortings
user1805,two pointers
user1805,bitmasks
user1805,combinatorics
user1805,number theory
user1805,brute force
user1805,data structures
user1805,dp
user1805,binary search
user1805,dfs and similar
user1805,graphs
user1805,interactive
user1806,implementation
user1806,greedy
user1806,math
user1806,strings
user1806,sortings
user1806,brute force
user1806,constructive algorithms
user1806,number theory
user1806,dp
user1806,binary search
user1806,data structures
user1806,two pointers
user1806,bitmasks
user1806,interactive
user1806,dfs and similar
user1806,combinatorics
user1806,graphs
user1806,dsu
user1806,trees
user1811,math
user1811,implementation
user1811,sortings
user1811,greedy
user1811,strings
user1811,brute force
user1811,number theory
user1811,data structures
user1811,constructive algorithms
user1811,dp
user1811,dfs and similar
user1811,two pointers
user1811,binary search
user1811,graphs
user1811,dsu
user1812,constructive algorithms
user1812,math
user1812,number theory
user1812,unk
user1812,brute force
user1812,implementation
user1812,greedy
user1812,sortings
user1812,strings
user1812,binary search
user1812,data structures
user1812,dp
user1812,dsu
user1812,two pointers
user1812,graphs
user1812,combinatorics
user1812,bitmasks
user1812,dfs and similar
user1812,trees
user1812,interactive
user1818,combinatorics
user1818,constructive algorithms
user1818,math
user1818,sortings
user1818,greedy
user1818,implementation
user1818,brute force
user1818,number theory
user1818,strings
user1818,binary search
user1818,data structures
user1818,dp
user1818,dsu
user1818,two pointers
user1818,dfs and similar
user1818,graphs
user1818,trees
user1818,bitmasks
user1818,interactive
user1823,implementation
user1823,unk
user1823,binary search
user1823,dp
user1823,strings
user1823,math
user1823,sortings
user1823,greedy
user1823,brute force
user1823,data structures
user1823,dfs and similar
user1823,graphs
user1823,constructive algorithms
user1823,number theory
user1823,dsu
user1823,trees
user1823,bitmasks
user1823,two pointers
user1823,combinatorics
user1823,interactive
user1825,greedy
user1825,implementation
user1825,data structures
user1825,math
user1825,dfs and similar
user1825,dsu
user1825,brute force
user1825,sortings
user1825,constructive algorithms
user1825,dp
user1825,binary search
user1825,bitmasks
user1825,combinatorics
user1825,number theory
user1825,graphs
user1825,trees
user1825,strings
user1825,two pointers
user1825,interactive
user1827,implementation
user1827,math
user1827,brute force
user1827,greedy
user1827,binary search
user1827,data structures
user1827,two pointers
user1827,constructive algorithms
user1827,number theory
user1827,sortings
user1827,dp
user1827,graphs
user1827,unk
user1827,dfs and similar
user1827,trees
user1829,graphs
user1829,implementation
user1829,math
user1829,brute force
user1829,greedy
user1829,constructive algorithms
user1829,sortings
user1829,strings
user1829,data structures
user1829,dp
user1829,two pointers
user1829,binary search
user1829,number theory
user1830,greedy
user1830,sortings
user1830,binary search
user1830,data structures
user1830,two pointers
user1830,constructive algorithms
user1830,strings
user1830,brute force
user1830,implementation
user1830,math
user1830,number theory
user1830,combinatorics
user1830,dfs and similar
user1830,graphs
user1830,dp
user1830,trees
user1835,brute force
user1835,implementation
user1835,math
user1835,constructive algorithms
user1835,binary search
user1835,bitmasks
user1835,greedy
user1835,strings
user1835,two pointers
user1835,sortings
user1835,graphs
user1835,data structures
user1835,dp
user1835,combinatorics
user1835,number theory
user1835,interactive
user1835,trees
user1835,dfs and similar
user1835,dsu
user1836,math
user1836,number theory
user1836,brute force
user1836,implementation
user1836,greedy
user1836,sortings
user1836,unk
user1836,two pointers
user1836,binary search
user1836,strings
user1836,constructive algorithms
user1836,data structures
user1836,combinatorics
user1836,dfs and similar
user1836,graphs
user1836,bitmasks
user1836,trees
user1836,dp
user1836,dsu
user1836,interactive
user1838,greedy
user1838,implementation
user1838,sortings
user1838,brute force
user1838,constructive algorithms
user1838,math
user1838,data structures
user1838,binary search
user1838,two pointers
user1838,graphs
user1838,bitmasks
user1838,strings
user1838,number theory
user1838,dp
user1838,combinatorics
user1838,interactive
user1838,dfs and similar
user1838,dsu
user1838,trees
user1844,brute force
user1844,dp
user1844,greedy
user1844,implementation
user1844,constructive algorithms
user1844,math
user1844,number theory
user1844,binary search
user1844,data structures
user1844,two pointers
user1844,combinatorics
user1844,sortings
user1844,graphs
user1844,interactive
user1844,unk
user1844,trees
user1844,strings
user1844,dfs and similar
user1844,dsu
user1844,bitmasks
user1847,strings
user1847,greedy
user1847,implementation
user1847,math
user1847,number theory
user1847,brute force
user1847,constructive algorithms
user1847,sortings
user1847,data structures
user1847,two pointers
user1847,binary search
user1847,bitmasks
user1847,dp
user1847,unk
user1847,dfs and similar
user1847,dsu
user1847,graphs
user1847,trees
user1847,combinatorics
user1847,interactive
user1848,brute force
user1848,dp
user1848,implementation
user1848,constructive algorithms
user1848,math
user1848,greedy
user1848,sortings
user1848,dfs and similar
user1848,graphs
user1848,number theory
user1848,strings
user1848,binary search
user1848,data structures
user1848,bitmasks
user1848,two pointers
user1848,combinatorics
user1848,unk
user1848,interactive
user1852,binary search
user1852,brute force
user1852,greedy
user1852,implementation
user1852,data structures
user1852,strings
user1852,constructive algorithms
user1852,math
user1852,dp
user1852,sortings
user1852,bitmasks
user1852,number theory
user1852,two pointers
user1852,combinatorics
user1852,dsu
user1852,dfs and similar
user1852,graphs
user1852,trees
user1852,unk
user1852,interactive
user1856,greedy
user1856,sortings
user1856,strings
user1856,implementation
user1856,number theory
user1856,math
user1856,brute force
user1856,dp
user1856,constructive algorithms
user1856,combinatorics
user1856,two pointers
user1856,data structures
user1856,binary search
user1856,bitmasks
user1856,dfs and similar
user1856,graphs
user1856,dsu
user1858,constructive algorithms
user1858,implementation
user1858,sortings
user1858,greedy
user1858,math
user1858,two pointers
user1858,bitmasks
user1858,combinatorics
user1858,trees
user1858,dfs and similar
user1858,dp
user1858,number theory
user1858,binary search
user1858,strings
user1858,brute force
user1858,data structures
user1858,unk
user1858,dsu
user1858,graphs
user1858,interactive
user1859,brute force
user1859,implementation
user1859,sortings
user1859,trees
user1859,math
user1859,dp
user1859,greedy
user1859,binary search
user1859,combinatorics
user1859,two pointers
user1859,constructive algorithms
user1859,graphs
user1859,number theory
user1859,bitmasks
user1859,data structures
user1859,dfs and similar
user1859,dsu
user1859,interactive
user186,implementation
user186,brute force
user186,math
user186,greedy
user186,sortings
user186,strings
user186,number theory
user186,dp
user186,constructive algorithms
user186,binary search
user186,data structures
user186,two pointers
user186,bitmasks
user186,graphs
user186,dfs and similar
user186,unk
user186,combinatorics
user186,trees
user186,dsu
user186,interactive
user1871,greedy
user1871,math
user1871,number theory
user1871,constructive algorithms
user1871,implementation
user1871,sortings
user1871,dfs and similar
user1871,graphs
user1871,data structures
user1871,combinatorics
user1871,binary search
user1871,two pointers
user1871,bitmasks
user1871,dp
user1871,brute force
user1871,strings
user1871,interactive
user1871,trees
user1871,dsu
user1875,brute force
user1875,implementation
user1875,math
user1875,constructive algorithms
user1875,greedy
user1875,sortings
user1875,bitmasks
user1875,number theory
user1875,data structures
user1875,dp
user1875,strings
user1875,binary search
user1875,two pointers
user1875,combinatorics
user1875,dfs and similar
user1875,dsu
user1875,graphs
user1875,trees
user1875,interactive
user1879,greedy
user1879,math
user1879,brute force
user1879,implementation
user1879,strings
user1879,constructive algorithms
user1879,data structures
user1879,dfs and similar
user1879,binary search
user1879,dp
user1879,sortings
user1879,graphs
user1879,trees
user1879,bitmasks
user1879,combinatorics
user1879,number theory
user1879,two pointers
user188,math
user188,implementation
user188,strings
user188,brute force
user188,greedy
user188,constructive algorithms
user188,dp
user188,combinatorics
user188,data structures
user188,binary search
user188,number theory
user188,dsu
user188,dfs and similar
user188,sortings
user188,trees
user188,two pointers
user188,bitmasks
user188,graphs
user188,interactive
user1885,constructive algorithms
user1885,data structures
user1885,graphs
user1885,dsu
user1885,sortings
user1885,binary search
user1885,greedy
user1885,math
user1885,trees
user1885,dfs and similar
user1885,dp
user1885,brute force
user1885,implementation
user1885,bitmasks
user1885,number theory
user1885,two pointers
user1886,implementation
user1886,strings
user1886,greedy
user1886,constructive algorithms
user1886,math
user1886,data structures
user1886,sortings
user1886,dsu
user1886,graphs
user1886,bitmasks
user1886,trees
user1886,number theory
user1886,dfs and similar
user1886,two pointers
user1886,binary search
user1886,brute force
user1886,dp
user1886,combinatorics
user1889,greedy
user1889,implementation
user1889,math
user1889,constructive algorithms
user1889,dp
user1889,brute force
user1889,data structures
user1889,sortings
user1889,number theory
user1889,strings
user1889,binary search
user1889,two pointers
user189,implementation
user189,math
user189,constructive algorithms
user189,greedy
user189,binary search
user189,data structures
user189,two pointers
user189,sortings
user189,brute force
user189,graphs
user189,dp
user189,number theory
user189,dfs and similar
user189,trees
user189,bitmasks
user189,dsu
user1892,dp
user1892,greedy
user1892,sortings
user1892,implementation
user1892,brute force
user1892,strings
user1892,binary search
user1892,constructive algorithms
user1892,math
user1892,data structures
user1892,number theory
user1892,two pointers
user1892,bitmasks
user1892,graphs
user1892,interactive
user1892,combinatorics
user1892,trees
user1892,dfs and similar
user1892,dsu
user1894,greedy
user1894,sortings
user1894,constructive algorithms
user1894,brute force
user1894,math
user1894,dp
user1894,implementation
user1894,strings
user1894,number theory
user1894,binary search
user1894,bitmasks
user1894,data structures
user1894,two pointers
user1894,graphs
user1894,dfs and similar
user1894,combinatorics
user1894,trees
user1894,dsu
user1894,interactive
user1897,implementation
user1897,brute force
user1897,strings
user1897,math
user1897,sortings
user1897,constructive algorithms
user1897,greedy
user1897,number theory
user1897,binary search
user1897,data structures
user1897,dp
user1897,two pointers
user1897,bitmasks
user1897,trees
user1897,graphs
user1897,dfs and similar
user1897,dsu
user1897,combinatorics
user1897,interactive
user190,brute force
user190,constructive algorithms
user190,binary search
user190,implementation
user190,strings
user190,math
user190,greedy
user190,two pointers
user190,sortings
user190,dp
user190,data structures
user190,number theory
user190,dfs and similar
user190,graphs
user190,trees
user190,bitmasks
user190,dsu
user190,interactive
user190,combinatorics
user1900,implementation
user1900,two pointers
user1900,dfs and similar
user1900,dsu
user1900,brute force
user1900,binary search
user1900,greedy
user1900,math
user1900,sortings
user1900,dp
user1900,graphs
user1900,number theory
user1900,data structures
user1900,strings
user1900,constructive algorithms
user1900,trees
user1900,bitmasks
user1900,combinatorics
user1900,interactive
user1901,math
user1901,greedy
user1901,sortings
user1901,brute force
user1901,implementation
user1901,strings
user1901,constructive algorithms
user1901,data structures
user1901,number theory
user1901,binary search
user1901,two pointers
user1901,dp
user1901,combinatorics
user1901,graphs
user1901,bitmasks
user1904,greedy
user1904,math
user1904,implementation
user1904,brute force
user1904,constructive algorithms
user1904,strings
user1904,number theory
user1904,graphs
user1904,binary search
user1904,two pointers
user1904,dp
user1904,data structures
user1904,bitmasks
user1905,brute force
user1905,implementation
user1905,math
user1905,strings
user1905,dp
user1905,binary search
user1905,combinatorics
user1905,data structures
user1905,sortings
user1905,constructive algorithms
user1905,greedy
user1905,dfs and similar
user1905,number theory
user1905,bitmasks
user1905,two pointers
user1905,unk
user1905,dsu
user1905,trees
user1905,graphs
user1905,interactive
user1911,greedy
user1911,math
user1911,brute force
user1911,dp
user1911,binary search
user1911,constructive algorithms
user1911,implementation
user1911,data structures
user1914,math
user1914,implementation
user1914,brute force
user1914,binary search
user1914,constructive algorithms
user1914,greedy
user1914,sortings
user1914,dp
user1914,data structures
user1914,number theory
user1918,greedy
user1918,implementation
user1918,math
user1918,constructive algorithms
user1918,sortings
user1918,binary search
user1918,brute force
user1918,number theory
user1918,data structures
user1918,dfs and similar
user1918,dp
user1918,strings
user1918,dsu
user1918,graphs
user1918,trees
user1918,bitmasks
user1918,combinatorics
user1918,two pointers
user1918,interactive
user1919,constructive algorithms
user1919,implementation
user1919,combinatorics
user1919,greedy
user1919,math
user1919,data structures
user1919,sortings
user1919,binary search
user1919,brute force
user1919,dp
user1919,number theory
user1919,dsu
user1919,strings
user1919,two pointers
user1919,bitmasks
user1919,dfs and similar
user1919,trees
user1919,unk
user1919,graphs
user1919,interactive
user1925,dp
user1925,greedy
user1925,implementation
user1925,strings
user1925,constructive algorithms
user1925,math
user1925,number theory
user1925,brute force
user1925,sortings
user1925,two pointers
user1925,binary search
user1925,bitmasks
user1925,combinatorics
user1925,trees
user1925,data structures
user1925,graphs
user1925,dsu
user1925,dfs and similar
user1925,interactive
user193,data structures
user193,greedy
user193,sortings
user193,binary search
user193,implementation
user193,math
user193,constructive algorithms
user193,dp
user193,dfs and similar
user193,dsu
user193,graphs
user193,trees
user193,strings
user193,brute force
user193,combinatorics
user193,number theory
user193,two pointers
user193,bitmasks
user193,interactive
user1933,greedy
user1933,implementation
user1933,sortings
user1933,math
user1933,binary search
user1933,brute force
user1933,strings
user1933,bitmasks
user1933,constructive algorithms
user1933,two pointers
user1933,data structures
user1933,dp
user1933,number theory
user1933,combinatorics
user1933,interactive
user1933,dfs and similar
user1933,graphs
user1933,dsu
user1933,trees
user1934,brute force
user1934,implementation
user1934,greedy
user1934,math
user1934,two pointers
user1934,binary search
user1934,sortings
user1934,bitmasks
user1934,constructive algorithms
user1934,data structures
user1934,number theory
user1934,unk
user1934,strings
user1934,dp
user1934,trees
user1934,dsu
user1934,combinatorics
user1934,interactive
user1934,dfs and similar
user1934,graphs
user1938,constructive algorithms
user1938,implementation
user1938,brute force
user1938,math
user1938,greedy
user1938,data structures
user1938,trees
user1938,number theory
user1938,sortings
user1938,bitmasks
user1938,dp
user1938,graphs
user1938,strings
user1938,binary search
user1938,unk
user1938,two pointers
user1938,dfs and similar
user1938,combinatorics
user1938,interactive
user1938,dsu
user1940,implementation
user1940,strings
user1940,two pointers
user1940,combinatorics
user1940,math
user1940,data structures
user1940,binary search
user1940,greedy
user1940,sortings
user1940,brute force
user1940,bitmasks
user1940,constructive algorithms
user1940,dfs and similar
user1940,dp
user1940,graphs
user1940,number theory
user1940,interactive
user1940,trees
user1940,dsu
user1941,implementation
user1941,math
user1941,strings
user1941,brute force
user1941,greedy
user1941,number theory
user1941,constructive algorithms
user1941,graphs
user1941,sortings
user1941,bitmasks
user1941,dp
user1941,two pointers
user1941,data structures
user1941,binary search
user1941,combinatorics
user1941,unk
user1941,dfs and similar
user1941,trees
user1941,dsu
user1941,interactive
user1943,binary search
user1943,brute force
user1943,greedy
user1943,sortings
user1943,implementation
user1943,strings
user1943,math
user1943,dfs and similar
user1943,dp
user1943,constructive algorithms
user1943,data structures
user1943,bitmasks
user1943,number theory
user1943,trees
user1943,two pointers
user1943,dsu
user1943,graphs
user1951,implementation
user1951,math
user1951,greedy
user1951,brute force
user1951,constructive algorithms
user1951,sortings
user1951,two pointers
user1951,number theory
user1951,dp
user1951,bitmasks
user1951,strings
user1951,binary search
user1951,unk
user1951,dfs and similar
user1951,graphs
user1951,data structures
user1951,dsu
user1951,combinatorics
user1951,trees
user1951,interactive
user1955,brute force
user1955,math
user1955,strings
user1955,greedy
user1955,implementation
user1955,sortings
user1955,number theory
user1955,binary search
user1955,dp
user1955,data structures
user1955,constructive algorithms
user1955,dfs and similar
user1955,graphs
user1955,bitmasks
user1955,unk
user1955,two pointers
user1955,combinatorics
user1955,trees
user1955,dsu
user1955,interactive
user1963,greedy
user1963,math
user1963,brute force
user1963,dp
user1963,implementation
user1963,sortings
user1963,bitmasks
user1963,binary search
user1963,strings
user1963,data structures
user1963,graphs
user1963,dfs and similar
user1963,trees
user1963,combinatorics
user1963,dsu
user1963,constructive algorithms
user1963,number theory
user1963,two pointers
user1963,interactive
user1964,bitmasks
user1964,implementation
user1964,brute force
user1964,math
user1964,number theory
user1964,greedy
user1964,data structures
user1964,sortings
user1964,two pointers
user1964,constructive algorithms
user1964,strings
user1964,combinatorics
user1964,dsu
user1964,dp
user1964,binary search
user1964,dfs and similar
user1964,graphs
user1964,unk
user1964,interactive
user1964,trees
user1966,data structures
user1966,dp
user1966,binary search
user1966,implementation
user1966,greedy
user1966,brute force
user1966,math
user1966,constructive algorithms
user1966,sortings
user1966,dfs and similar
user1966,trees
user1966,two pointers
user1969,bitmasks
user1969,constructive algorithms
user1969,strings
user1969,data structures
user1969,greedy
user1969,brute force
user1969,dfs and similar
user1969,graphs
user1969,implementation
user1969,math
user1969,two pointers
user1969,binary search
user1969,sortings
user1969,unk
user1969,number theory
user1969,combinatorics
user1969,dp
user1970,combinatorics
user1970,dp
user1970,math
user1970,sortings
user1970,binary search
user1970,data structures
user1970,dsu
user1970,greedy
user1970,implementation
user1970,number theory
user1970,brute force
user1970,constructive algorithms
user1970,bitmasks
user1970,strings
user1970,two pointers
user1970,dfs and similar
user1970,trees
user1970,interactive
user1970,graphs
user1973,constructive algorithms
user1973,math
user1973,combinatorics
user1973,bitmasks
user1973,brute force
user1973,dp
user1973,greedy
user1973,implementation
user1973,strings
user1973,data structures
user1973,sortings
user1973,number theory
user1973,unk
user1973,binary search
user1973,two pointers
user1973,dfs and similar
user1973,trees
user1973,dsu
user1973,graphs
user1973,interactive
user1979,brute force
user1979,greedy
user1979,sortings
user1979,math
user1979,number theory
user1979,implementation
user1979,strings
user1979,constructive algorithms
user1979,two pointers
user1979,binary search
user1979,data structures
user1979,bitmasks
user1979,dfs and similar
user1979,graphs
user1979,combinatorics
user1979,dp
user1979,dsu
user1979,trees
user198,brute force
user198,constructive algorithms
user198,implementation
user198,math
user198,greedy
user198,dfs and similar
user198,dp
user198,strings
user198,two pointers
user198,graphs
user198,binary search
user198,combinatorics
user198,data structures
user198,sortings
user198,trees
user198,number theory
user1982,greedy
user1982,math
user1982,sortings
user1982,implementation
user1982,strings
user1982,two pointers
user1982,dp
user1982,brute force
user1982,binary search
user1982,data structures
user1982,constructive algorithms
user1982,number theory
user1982,bitmasks
user1982,combinatorics
user1982,dfs and similar
user1982,graphs
user1982,dsu
user1982,interactive
user1983,brute force
user1983,math
user1983,number theory
user1983,binary search
user1983,sortings
user1983,implementation
user1983,graphs
user1983,trees
user1983,greedy
user1983,data structures
user1983,dsu
user1983,dp
user1983,strings
user1983,two pointers
user1983,bitmasks
user1983,constructive algorithms
user1983,dfs and similar
user1983,combinatorics
user1983,interactive
user1985,binary search
user1985,greedy
user1985,strings
user1985,bitmasks
user1985,dp
user1985,math
user1985,brute force
user1985,combinatorics
user1985,data structures
user1985,implementation
user1985,two pointers
user1985,number theory
user1985,constructive algorithms
user1985,dfs and similar
user1985,graphs
user1985,sortings
user1985,unk
user1985,dsu
user1985,trees
user1985,interactive
user1986,greedy
user1986,bitmasks
user1986,brute force
user1986,constructive algorithms
user1986,implementation
user1986,binary search
user1986,two pointers
user1986,dp
user1986,dsu
user1986,graphs
user1986,sortings
user1986,strings
user1986,math
user1986,number theory
user1986,dfs and similar
user1986,data structures
user1986,interactive
user1986,combinatorics
user1986,trees
user1987,brute force
user1987,math
user1987,data structures
user1987,implementation
user1987,constructive algorithms
user1987,strings
user1987,greedy
user1987,dfs and similar
user1987,graphs
user1987,dp
user1987,number theory
user1987,sortings
user1987,dsu
user1987,trees
user1987,combinatorics
user1987,bitmasks
user1987,interactive
user1987,binary search
user1987,two pointers
user1987,unk
user1990,dp
user1990,math
user1990,number theory
user1990,implementation
user1990,brute force
user1990,greedy
user1990,sortings
user1990,bitmasks
user1990,constructive algorithms
user1990,strings
user1990,two pointers
user1990,data structures
user1990,combinatorics
user1990,binary search
user1990,graphs
user1990,trees
user1990,dfs and similar
user1990,dsu
user1992,implementation
user1992,binary search
user1992,greedy
user1992,math
user1992,sortings
user1992,brute force
user1992,dfs and similar
user1992,graphs
user1992,dp
user1992,constructive algorithms
user1992,strings
user1992,data structures
user1992,trees
user1992,two pointers
user1992,bitmasks
user1992,combinatorics
user1993,dp
user1993,greedy
user1993,implementation
user1993,brute force
user1993,math
user1993,constructive algorithms
user1993,data structures
user1993,sortings
user1993,two pointers
user1993,dfs and similar
user1993,graphs
user1993,trees
user1993,combinatorics
user1993,number theory
user1993,binary search
user1993,strings
user1993,dsu
user1993,bitmasks
user1993,interactive
user200,brute force
user200,dp
user200,math
user200,number theory
user200,constructive algorithms
user200,implementation
user200,binary search
user200,greedy
user200,sortings
user200,data structures
user200,graphs
user200,interactive
user2001,dp
user2001,combinatorics
user2003,greedy
user2003,implementation
user2003,brute force
user2003,constructive algorithms
user2003,dp
user2003,dfs and similar
user2003,dsu
user2003,graphs
user2003,interactive
user2003,trees
user2003,data structures
user2003,sortings
user2003,two pointers
user2003,strings
user2003,number theory
user2003,combinatorics
user2003,math
user2003,binary search
user2003,bitmasks
user2003,unk
user2007,implementation
user2007,math
user2007,greedy
user2007,brute force
user2007,constructive algorithms
user2007,number theory
